Time_s,Voltage_V,Current_mA,Power_mW,Fan_State
0.00,3.68,-51.30,190.00,100%
0.03,3.69,-55.60,186.00,100%
0.06,3.69,-52.90,216.00,100%
0.09,3.68,4.40,98.00,100%
0.09,3.67,75.70,258.00,100%
0.12,3.69,-49.30,184.00,100%
0.15,3.69,-60.10,222.00,100%
0.18,3.68,-52.10,194.00,100%
0.24,3.69,16.80,62.00,100%
0.24,3.69,76.30,278.00,100%
0.24,3.69,-53.80,200.00,100%
0.27,3.69,-54.90,212.00,100%
0.30,3.69,-50.30,184.00,100%
0.33,3.67,-0.40,62.00,100%
0.33,3.64,81.10,72.00,100%
0.36,3.69,-56.60,210.00,100%
0.39,3.69,-56.50,210.00,100%
0.42,3.68,-54.30,200.00,100%
0.45,3.69,17.70,66.00,100%
0.45,3.69,80.60,294.00,100%
0.48,3.69,-57.70,216.00,100%
0.51,3.68,-49.50,196.00,100%
0.54,3.69,-58.60,200.00,100%
0.57,3.67,9.60,68.00,100%
0.57,3.69,2.90,292.00,100%
0.60,3.69,-59.60,220.00,100%
0.63,3.69,-52.60,194.00,100%
0.66,3.67,-60.10,222.00,100%
0.69,3.69,27.30,102.00,100%
0.69,3.69,71.60,262.00,100%
0.72,3.69,-49.40,212.00,100%
0.75,3.69,-57.30,186.00,100%
0.78,3.69,-52.00,216.00,100%
0.81,3.68,0.90,96.00,100%
0.81,3.69,76.70,266.00,100%
0.84,3.69,-49.80,184.00,100%
0.87,3.69,-59.90,220.00,100%
0.90,3.67,-52.00,194.00,100%
0.93,3.69,14.90,56.00,100%
0.93,3.69,77.00,282.00,100%
0.96,3.69,-54.00,186.00,100%
0.99,3.69,-55.20,216.00,100%
1.02,3.69,-51.10,176.00,100%
1.05,3.68,0.00,62.00,100%
1.05,3.66,80.90,288.00,100%
1.08,3.69,-58.20,216.00,100%
1.11,3.69,-54.80,204.00,100%
1.14,3.67,-55.20,204.00,100%
1.17,3.69,17.80,66.00,100%
1.17,3.69,79.80,292.00,100%
1.20,3.69,-57.10,212.00,100%
1.23,3.69,-51.00,196.00,100%
1.26,3.69,-58.00,204.00,100%
1.29,3.68,5.00,76.00,100%
1.29,3.65,73.30,68.00,100%
1.32,3.69,-58.70,216.00,100%
1.35,3.69,-52.20,194.00,100%
1.38,3.65,-59.90,220.00,100%
1.41,3.69,23.90,88.00,100%
1.41,3.65,71.70,262.00,100%
1.44,3.69,-47.70,206.00,100%
1.47,3.69,-58.70,186.00,100%
1.50,3.69,-51.10,216.00,100%
1.53,3.68,0.30,92.00,100%
1.53,3.68,14.50,262.00,100%
1.56,3.69,-49.80,184.00,100%
1.59,3.69,-59.10,220.00,100%
1.62,3.67,-51.90,190.00,100%
1.65,3.69,13.70,50.00,100%
1.65,3.64,76.40,278.00,100%
1.68,3.69,-52.70,176.00,100%
1.71,3.69,-56.70,222.00,100%
1.74,3.69,-50.10,184.00,100%
1.77,3.68,0.00,66.00,100%
1.77,3.68,78.30,288.00,100%
1.80,3.69,-57.20,210.00,100%
1.83,3.69,-55.30,204.00,100%
1.86,3.67,-53.90,200.00,100%
1.89,3.69,17.00,62.00,100%
1.89,3.67,80.40,294.00,100%
1.92,3.69,-57.30,212.00,100%
1.95,3.69,-51.90,200.00,100%
1.98,3.69,-58.60,206.00,100%
2.01,3.68,3.40,76.00,100%
2.01,3.66,66.10,242.00,100%
2.04,3.68,-58.80,216.00,100%
2.07,3.69,-50.50,186.00,100%
2.10,3.66,-58.40,216.00,100%
2.13,3.69,22.50,82.00,100%
2.13,3.65,72.50,266.00,100%
2.16,3.69,-48.50,196.00,100%
2.19,3.69,-59.60,210.00,100%
2.22,3.69,-47.20,204.00,100%
2.25,3.68,0.30,78.00,100%
2.25,3.68,74.40,272.00,100%
2.28,3.69,-54.00,200.00,100%
2.31,3.69,-56.90,210.00,100%
2.34,3.64,-51.70,190.00,100%
2.37,3.69,14.10,52.00,100%
2.37,3.64,81.40,298.00,100%
2.40,3.69,-56.80,212.00,100%
2.43,3.69,-52.20,196.00,100%
2.46,3.69,-58.20,212.00,100%
2.49,3.68,0.50,86.00,100%
2.49,3.69,74.00,272.00,100%
2.52,3.69,-54.70,204.00,100%
2.55,3.69,-56.90,210.00,100%
2.58,3.64,-54.30,200.00,100%
2.61,3.69,11.80,42.00,100%
2.61,3.69,76.60,278.00,100%
2.64,3.69,-54.10,180.00,100%
2.67,3.68,-55.10,222.00,100%
2.70,3.69,-54.50,184.00,100%
2.73,3.68,0.00,62.00,100%
2.73,3.67,80.60,298.00,100%
2.79,3.69,-60.40,222.00,100%
2.79,3.69,-49.30,184.00,100%
2.82,3.64,-59.50,220.00,100%
2.85,3.67,25.40,92.00,100%
2.85,3.66,72.00,262.00,100%
2.88,3.68,-49.10,204.00,100%
2.91,3.69,-60.50,210.00,100%
2.94,3.68,-50.10,204.00,100%
2.97,3.68,21.00,76.00,100%
2.97,3.69,75.40,276.00,100%
3.00,3.69,-56.00,206.00,100%
3.03,3.69,-55.10,204.00,100%
3.06,3.64,-55.10,204.00,100%
3.09,3.67,18.20,66.00,100%
3.09,3.64,77.10,282.00,100%
3.12,3.69,-54.40,216.00,100%
3.15,3.69,-54.90,184.00,100%
3.18,3.69,-54.90,216.00,100%
3.21,3.69,0.10,96.00,100%
3.21,3.69,71.90,262.00,100%
3.24,3.69,-50.40,186.00,100%
3.27,3.68,-58.80,216.00,100%
3.30,3.69,-50.00,184.00,100%
3.33,3.67,6.90,26.00,100%
3.33,3.69,53.80,196.00,100%
3.36,3.69,-58.00,200.00,100%
3.39,3.69,-52.10,212.00,100%
3.42,3.69,-58.60,200.00,100%
3.45,3.68,-1.50,72.00,100%
3.45,3.68,76.50,282.00,100%
3.48,3.69,-56.40,210.00,100%
3.51,3.69,-53.80,200.00,100%
3.54,3.69,-56.90,210.00,100%
3.57,3.67,13.30,50.00,100%
3.57,3.67,75.30,276.00,100%
3.60,3.69,-52.40,174.00,100%
3.63,3.69,-56.90,226.00,100%
3.66,3.69,-52.60,176.00,100%
3.66,3.69,0.00,58.00,100%
3.69,3.66,74.80,276.00,100%
3.72,3.69,-60.60,222.00,100%
3.75,3.69,-48.00,176.00,100%
3.78,3.69,-60.40,222.00,100%
3.81,3.67,24.00,88.00,100%
3.81,3.65,72.30,262.00,100%
3.84,3.69,-47.60,206.00,100%
3.87,3.69,-60.10,200.00,100%
3.90,3.69,-48.80,210.00,100%
3.93,3.69,-1.70,88.00,100%
3.93,3.68,73.70,268.00,100%
3.96,3.69,-53.10,196.00,100%
3.99,3.69,-57.00,210.00,100%
4.02,3.69,-52.60,194.00,100%
4.05,3.67,10.10,36.00,100%
4.05,3.64,80.40,292.00,100%
4.08,3.69,-56.30,212.00,100%
4.11,3.69,-51.40,194.00,100%
4.14,3.69,-57.20,212.00,100%
4.14,3.68,-0.40,88.00,100%
4.17,3.69,73.40,268.00,100%
4.20,3.69,-53.90,200.00,100%
4.23,3.69,-56.60,210.00,100%
4.26,3.69,-54.40,200.00,100%
4.29,3.67,8.70,32.00,100%
4.29,3.68,53.60,196.00,100%
4.32,3.69,-53.10,184.00,100%
4.35,3.68,-56.40,222.00,100%
4.38,3.69,-52.70,174.00,100%
4.41,3.68,-2.50,58.00,100%
4.41,3.69,81.90,302.00,100%
4.44,3.69,-60.60,222.00,100%
4.47,3.69,-50.10,186.00,100%
4.53,3.70,-59.80,220.00,100%
4.53,3.67,19.00,68.00,100%
4.53,3.67,73.80,268.00,100%
4.56,3.69,-51.60,212.00,100%
4.59,3.69,-56.70,190.00,100%
4.62,3.69,-54.40,220.00,100%
4.65,3.68,-3.70,92.00,100%
4.65,3.66,65.40,242.00,100%
4.68,3.69,-50.40,186.00,100%
4.71,3.69,-58.50,216.00,100%
4.74,3.69,-51.40,190.00,100%
4.77,3.67,4.50,16.00,100%
4.77,3.65,78.90,288.00,100%
4.80,3.69,-55.60,186.00,100%
4.83,3.68,-54.90,222.00,100%
4.86,3.69,-54.70,184.00,100%
4.89,3.68,-3.50,62.00,100%
4.89,3.69,83.20,304.00,100%
4.92,3.69,-60.80,226.00,100%
4.95,3.69,-48.90,180.00,100%
4.98,3.69,-60.00,222.00,100%
5.01,3.67,21.00,78.00,100%
5.01,3.65,73.20,268.00,100%
5.04,3.69,-51.20,212.00,100%
5.07,3.69,-57.10,194.00,100%
5.10,3.69,-53.90,216.00,100%
5.13,3.69,-4.60,88.00,100%
5.13,3.69,71.90,262.00,100%
5.16,3.69,-50.30,186.00,100%
5.19,3.69,-58.30,216.00,100%
5.22,3.69,-51.60,190.00,100%
5.25,3.67,3.60,14.00,100%
5.25,3.69,40.40,148.00,100%
5.28,3.69,-55.70,184.00,100%
5.31,3.69,-55.10,226.00,100%
5.34,3.69,-54.60,176.00,100%
5.37,3.69,15.90,58.00,100%
5.37,3.69,82.30,302.00,100%
5.40,3.69,-60.90,226.00,100%
5.43,3.69,-49.40,184.00,100%
5.46,3.69,-59.20,220.00,100%
5.49,3.69,18.00,66.00,100%
5.49,3.68,74.30,272.00,100%
5.52,3.68,-52.60,212.00,100%
5.55,3.69,-55.00,186.00,100%
5.58,3.69,-55.50,216.00,100%
5.61,3.69,-5.60,98.00,100%
5.61,3.67,72.10,266.00,100%
5.64,3.69,-53.00,196.00,100%
5.67,3.69,-57.30,212.00,100%
5.70,3.69,-54.50,200.00,100%
5.73,3.69,6.50,22.00,100%
5.73,3.66,75.20,276.00,100%
5.76,3.69,-51.10,176.00,100%
5.79,3.69,-57.60,222.00,100%
5.82,3.69,-49.90,186.00,100%
5.85,3.69,-6.70,62.00,100%
5.85,3.68,78.60,288.00,100%
5.88,3.69,-58.60,216.00,100%
5.91,3.69,-54.60,204.00,100%
5.94,3.69,-55.00,204.00,100%
5.97,3.69,8.90,32.00,100%
5.97,3.64,79.10,288.00,100%
6.00,3.69,-56.20,216.00,100%
6.03,3.69,-50.90,194.00,100%
6.06,3.69,-58.20,212.00,100%
6.12,3.69,-5.90,82.00,100%
6.12,3.69,74.70,272.00,100%
6.12,3.69,-56.40,210.00,100%
6.15,3.69,-54.50,200.00,100%
6.18,3.69,-56.90,210.00,100%
6.21,3.69,8.00,30.00,100%
6.21,3.69,3.20,14.00,100%
6.27,3.69,-49.10,184.00,100%
6.27,3.69,-58.50,220.00,100%
6.30,3.69,-50.30,186.00,100%
6.33,3.69,-8.40,68.00,100%
6.33,3.69,77.80,286.00,100%
6.36,3.69,-57.90,212.00,100%
6.39,3.69,-54.80,204.00,100%
6.42,3.69,-55.10,204.00,100%
6.45,3.69,7.60,30.00,100%
6.45,3.69,70.70,258.00,100%
6.48,3.69,-55.20,216.00,100%
6.51,3.69,-51.20,186.00,100%
6.54,3.69,-56.80,212.00,100%
6.57,3.69,-7.30,92.00,100%
6.57,3.68,74.00,268.00,100%
6.60,3.69,-54.40,200.00,100%
6.63,3.69,-56.70,210.00,100%
6.66,3.65,-55.60,206.00,100%
6.69,3.69,6.00,22.00,100%
6.69,3.67,74.90,272.00,100%
6.72,3.69,-51.10,176.00,100%
6.75,3.69,-57.30,220.00,100%
6.78,3.68,-49.80,180.00,100%
6.81,3.69,-11.40,62.00,100%
6.81,3.68,-50.00,288.00,100%
6.84,3.69,-58.60,216.00,100%
6.87,3.69,-54.50,200.00,100%
6.90,3.69,-54.70,204.00,100%
6.93,3.69,6.20,22.00,100%
6.93,3.65,78.40,286.00,100%
6.96,3.69,-55.60,216.00,100%
6.99,3.69,-49.70,190.00,100%
7.02,3.69,-58.60,216.00,100%
7.08,3.69,-7.10,82.00,100%
7.08,3.69,-57.10,276.00,100%
7.08,3.69,-56.40,210.00,100%
7.11,3.69,-54.10,200.00,100%
7.14,3.69,-57.00,210.00,100%
7.17,3.69,10.50,40.00,100%
7.17,3.69,72.60,266.00,100%
7.20,3.69,-49.50,190.00,100%
7.23,3.69,-58.40,210.00,100%
7.26,3.69,-50.20,204.00,100%
7.29,3.69,-12.70,78.00,100%
7.29,3.69,6.30,272.00,100%
7.32,3.69,-53.50,196.00,100%
7.35,3.69,-58.90,216.00,100%
7.38,3.69,-51.90,190.00,100%
7.41,3.69,1.90,6.00,100%
7.41,3.69,15.50,56.00,100%
7.44,3.69,-58.00,204.00,100%
7.47,3.69,-47.90,204.00,100%
7.50,3.69,-59.10,196.00,100%
7.53,3.69,-7.20,66.00,100%
7.53,3.69,42.20,294.00,100%
7.56,3.68,-60.00,222.00,100%
7.59,3.69,-52.20,194.00,100%
7.62,3.69,-59.30,220.00,100%
7.65,3.69,12.60,46.00,100%
7.65,3.69,63.00,230.00,100%
7.68,3.69,-49.10,210.00,100%
7.71,3.69,-57.90,184.00,100%
7.74,3.69,-52.90,222.00,100%
7.77,3.69,-13.00,92.00,100%
7.77,3.68,78.20,266.00,100%
7.80,3.69,-48.40,180.00,100%
7.83,3.69,-60.40,222.00,100%
7.86,3.69,-49.80,184.00,100%
7.89,3.69,0.50,4.00,100%
7.89,3.69,78.60,288.00,100%
7.92,3.69,-56.30,186.00,100%
7.95,3.69,-53.40,216.00,100%
7.98,3.69,-54.70,190.00,100%
8.01,3.69,-12.70,58.00,100%
8.01,3.69,-49.70,298.00,100%
8.04,3.69,-59.40,220.00,100%
8.07,3.69,-53.60,196.00,100%
8.10,3.65,-57.30,212.00,100%
8.10,3.69,7.30,26.00,100%
8.13,3.69,77.10,282.00,100%
8.16,3.69,-56.50,210.00,100%
8.22,3.69,-49.40,184.00,100%
8.22,3.69,-59.70,222.00,100%
8.22,3.69,-11.80,78.00,100%
8.25,3.69,-57.70,276.00,100%
8.28,3.69,-56.40,210.00,100%
8.31,3.69,-53.90,200.00,100%
8.34,3.65,-57.70,212.00,100%
8.37,3.69,9.20,32.00,100%
8.37,3.69,71.90,262.00,100%
8.40,3.69,-50.30,186.00,100%
8.43,3.69,-57.50,196.00,100%
8.46,3.69,-49.30,212.00,100%
8.49,3.69,-15.00,86.00,100%
8.49,3.69,24.60,268.00,100%
8.52,3.69,-51.90,190.00,100%
8.55,3.69,-60.70,222.00,100%
8.58,3.64,-50.40,186.00,100%
8.61,3.69,0.00,0.00,100%
8.61,3.69,59.60,216.00,100%
8.64,3.69,-58.70,216.00,100%
8.67,3.68,-49.60,212.00,100%
8.70,3.69,-58.70,196.00,100%
8.73,3.69,-12.10,62.00,100%
8.73,3.68,76.20,298.00,100%
8.76,3.69,-59.30,220.00,100%
8.79,3.69,-49.80,184.00,100%
8.82,3.69,-58.80,216.00,100%
8.85,3.69,11.90,42.00,100%
8.85,3.69,72.00,262.00,100%
8.88,3.69,-50.90,186.00,100%
8.91,3.69,-56.20,186.00,100%
8.94,3.69,-54.40,222.00,100%
8.97,3.69,-15.20,92.00,100%
8.97,3.69,-54.20,262.00,100%
9.00,3.69,-48.50,180.00,100%
9.03,3.69,-61.00,226.00,100%
9.06,3.69,-48.90,180.00,100%
9.12,3.69,-0.20,0.00,100%
9.12,3.69,-51.70,190.00,100%
9.12,3.69,-57.70,212.00,100%
9.15,3.69,-51.90,216.00,100%
9.18,3.69,-48.80,196.00,100%
9.21,3.67,14.90,82.00,100%
9.21,3.64,83.80,26.00,100%
9.24,3.69,-58.20,194.00,100%
9.30,3.69,-57.80,212.00,100%
9.30,3.69,-52.80,194.00,100%
9.33,3.67,17.00,62.00,100%
9.33,3.65,-36.50,134.00,100%
9.36,3.69,-59.60,220.00,100%
9.39,3.69,-50.60,186.00,100%
9.45,3.69,-57.70,194.00,100%
9.45,3.67,24.40,68.00,100%
9.45,3.66,72.80,180.00,100%
9.48,3.68,-50.80,212.00,100%
9.51,3.69,-51.10,190.00,100%
9.54,3.69,-60.70,222.00,100%
9.57,3.67,25.20,92.00,100%
9.57,3.69,71.00,258.00,100%
9.60,3.69,-48.70,180.00,100%
9.63,3.69,-58.40,216.00,100%
9.66,3.69,-49.50,210.00,100%
9.69,3.67,15.50,88.00,100%
9.69,3.66,78.10,206.00,100%
9.72,3.69,-55.40,186.00,100%
9.75,3.69,-58.90,216.00,100%
9.78,3.69,-49.20,180.00,100%
9.81,3.67,17.30,62.00,100%
9.81,3.67,81.30,298.00,100%
9.84,3.69,-59.20,220.00,100%
9.87,3.69,-51.40,190.00,100%
9.90,3.69,-56.20,186.00,100%
9.93,3.67,20.90,62.00,100%
9.93,3.67,74.70,278.00,100%
9.96,3.69,-54.00,216.00,100%
9.99,3.69,-49.10,180.00,100%
10.02,3.69,-60.50,222.00,100%
10.05,3.67,27.30,102.00,100%
10.05,3.65,33.50,124.00,100%
10.08,3.69,-50.30,186.00,100%
10.11,3.69,-58.80,216.00,100%
10.14,3.69,-50.00,212.00,100%
10.17,3.67,16.60,92.00,100%
10.17,3.64,77.00,4.00,100%
10.20,3.69,-55.40,184.00,100%
10.23,3.69,-53.00,216.00,100%
10.26,3.69,-52.00,194.00,100%
10.29,3.68,16.60,62.00,100%
10.29,3.69,82.50,302.00,100%
10.32,3.69,-59.20,220.00,100%
10.35,3.69,-49.50,184.00,100%
10.38,3.69,-57.10,184.00,100%
10.41,3.67,21.90,66.00,100%
10.41,3.65,72.20,176.00,100%
10.44,3.69,-52.00,216.00,100%
10.47,3.69,-54.30,184.00,100%
10.50,3.69,-60.00,222.00,100%
10.53,3.67,27.50,102.00,100%
10.53,3.69,72.00,262.00,100%
10.56,3.69,-49.70,184.00,100%
10.59,3.69,-59.40,220.00,100%
10.62,3.69,-49.80,216.00,100%
10.65,3.67,15.40,88.00,100%
10.65,3.66,78.00,212.00,100%
10.68,3.69,-56.30,186.00,100%
10.71,3.69,-52.20,216.00,100%
10.74,3.69,-51.40,190.00,100%
10.77,3.67,17.00,62.00,100%
10.77,3.68,82.40,304.00,100%
10.80,3.69,-59.80,220.00,100%
10.83,3.69,-50.40,186.00,100%
10.86,3.69,-57.70,186.00,100%
10.92,3.67,18.50,62.00,100%
10.92,3.67,72.70,282.00,100%
10.92,3.69,-53.30,216.00,100%
10.95,3.69,-53.20,176.00,100%
10.98,3.69,-59.60,220.00,100%
11.01,3.67,26.80,98.00,100%
11.01,3.65,31.40,114.00,100%
11.04,3.69,-51.20,190.00,100%
11.10,3.69,-58.10,216.00,100%
11.10,3.69,-51.30,190.00,100%
11.13,3.67,16.50,92.00,100%
11.13,3.64,76.10,16.00,100%
11.16,3.69,-55.10,184.00,100%
11.19,3.69,-53.40,216.00,100%
11.22,3.69,-48.30,176.00,100%
11.25,3.68,15.90,58.00,100%
11.25,3.69,83.10,304.00,100%
11.28,3.69,-60.00,222.00,100%
11.31,3.69,-49.80,184.00,100%
11.34,3.69,-58.70,216.00,100%
11.37,3.67,23.60,66.00,100%
11.37,3.66,72.30,186.00,100%
11.40,3.69,-51.90,216.00,100%
11.43,3.69,-55.70,186.00,100%
11.46,3.68,-58.80,216.00,100%
11.49,3.68,22.90,86.00,100%
11.49,3.69,72.00,266.00,100%
11.52,3.69,-48.80,180.00,100%
11.55,3.69,-59.20,220.00,100%
11.58,3.69,-48.90,180.00,100%
11.61,3.67,16.70,102.00,100%
11.61,3.67,79.70,266.00,100%
11.64,3.69,-58.20,190.00,100%
11.67,3.69,-51.80,216.00,100%
11.70,3.69,-50.30,186.00,100%
11.73,3.67,14.40,52.00,100%
11.73,3.66,64.10,236.00,100%
11.76,3.69,-59.50,220.00,100%
11.79,3.69,-48.40,180.00,100%
11.82,3.69,-58.90,216.00,100%
11.85,3.67,24.30,56.00,100%
11.85,3.65,72.60,114.00,100%
11.88,3.69,-52.40,220.00,100%
11.94,3.69,-56.60,190.00,100%
11.94,3.69,-52.20,220.00,100%
11.97,3.67,23.70,88.00,100%
11.97,3.65,-24.40,88.00,100%
12.03,3.69,-47.50,176.00,100%
12.03,3.69,-59.60,220.00,100%
12.06,3.68,-48.40,180.00,100%
12.09,3.67,16.80,96.00,100%
12.09,3.65,82.20,170.00,100%
12.12,3.69,-60.00,194.00,100%
12.15,3.69,-49.20,212.00,100%
12.18,3.69,-56.80,186.00,100%
12.21,3.67,15.80,58.00,100%
12.21,3.69,79.90,292.00,100%
12.24,3.69,-58.40,216.00,100%
12.27,3.69,-52.60,194.00,100%
12.30,3.68,-58.90,216.00,100%
12.33,3.67,25.40,92.00,100%
12.33,3.66,73.40,190.00,100%
12.36,3.69,-51.80,206.00,100%
12.39,3.69,-58.20,204.00,100%
12.42,3.69,-48.70,204.00,100%
12.45,3.67,19.60,72.00,100%
12.45,3.67,74.10,272.00,100%
12.48,3.69,-53.50,196.00,100%
12.51,3.69,-57.70,212.00,100%
12.54,3.69,-52.90,196.00,100%
12.57,3.67,20.00,68.00,100%
12.57,3.66,80.60,276.00,100%
12.60,3.69,-58.60,226.00,100%
12.63,3.69,-50.60,184.00,100%
12.66,3.69,-56.60,220.00,100%
12.69,3.67,23.90,88.00,100%
12.69,3.65,27.30,102.00,100%
12.72,3.69,-49.90,184.00,100%
12.75,3.69,-59.80,220.00,100%
12.78,3.69,-51.00,190.00,100%
12.81,3.67,17.20,98.00,100%
12.81,3.64,81.60,42.00,100%
12.84,3.69,-59.20,190.00,100%
12.87,3.69,-50.20,212.00,100%
12.90,3.69,-57.90,184.00,100%
12.93,3.67,16.60,62.00,100%
12.93,3.65,-17.60,66.00,100%
12.96,3.69,-58.00,212.00,100%
12.99,3.69,-50.90,186.00,100%
13.02,3.68,-58.20,216.00,100%
13.05,3.66,24.50,88.00,100%
13.05,3.65,74.90,186.00,100%
13.08,3.69,-50.60,190.00,100%
13.11,3.69,-57.80,220.00,100%
13.14,3.69,-49.70,186.00,100%
13.17,3.67,16.90,62.00,100%
13.17,3.69,79.30,288.00,100%
13.20,3.69,-59.30,220.00,100%
13.23,3.69,-50.40,186.00,100%
13.26,3.69,-59.70,220.00,100%
13.29,3.66,25.80,96.00,100%
13.29,3.66,73.30,176.00,100%
13.32,3.69,-49.10,212.00,100%
13.35,3.69,-60.00,196.00,100%
13.41,3.69,-48.70,210.00,100%
13.41,3.67,23.50,86.00,100%
13.41,3.67,73.40,272.00,100%
13.44,3.69,-53.60,196.00,100%
13.47,3.69,-57.10,210.00,100%
13.50,3.69,-53.80,200.00,100%
13.53,3.66,18.50,68.00,100%
13.53,3.66,78.70,276.00,100%
13.56,3.69,-56.00,220.00,100%
13.59,3.69,-54.70,186.00,100%
13.62,3.69,-55.60,216.00,100%
13.65,3.67,9.90,98.00,100%
13.65,3.64,19.60,72.00,100%
13.68,3.69,-50.20,186.00,100%
13.71,3.69,-58.40,216.00,100%
13.74,3.69,-50.50,186.00,100%
13.77,3.67,15.50,56.00,100%
13.78,3.64,81.40,298.00,100%
13.80,3.69,-57.50,186.00,100%
13.83,3.69,-51.40,220.00,100%
13.86,3.69,-57.90,186.00,100%
13.89,3.67,15.80,66.00,100%
13.89,3.65,-41.70,154.00,100%
13.92,3.69,-60.10,222.00,100%
13.95,3.69,-51.70,190.00,100%
13.98,3.69,-59.70,220.00,100%
14.01,3.69,23.40,86.00,100%
14.04,3.65,72.40,266.00,100%
14.04,3.69,-49.40,194.00,100%
14.07,3.69,-59.60,212.00,100%
14.10,3.69,-50.20,200.00,100%
14.13,3.67,2.60,72.00,100%
14.13,3.69,76.70,282.00,100%
14.16,3.69,-56.80,210.00,100%
14.19,3.69,-55.80,206.00,100%
14.25,3.69,-54.30,200.00,100%
14.25,3.69,18.70,68.00,100%
14.25,3.64,78.80,288.00,100%
14.28,3.69,-55.80,216.00,100%
14.31,3.69,-50.90,186.00,100%
14.34,3.69,-58.50,220.00,100%
14.37,3.67,14.50,92.00,100%
14.37,3.67,74.00,262.00,100%
14.40,3.69,-54.20,200.00,100%
14.43,3.69,-57.70,212.00,100%
14.46,3.69,-54.30,200.00,100%
14.49,3.69,19.90,72.00,100%
14.49,3.69,75.00,276.00,100%
14.55,3.69,-52.00,180.00,100%
14.55,3.69,-56.70,216.00,100%
14.58,3.69,-52.20,190.00,100%
14.61,3.67,4.00,58.00,100%
14.61,3.65,82.30,22.00,100%
14.64,3.69,-58.50,216.00,100%
14.67,3.69,-54.60,204.00,100%
14.70,3.69,-55.70,206.00,100%
14.73,3.69,20.20,76.00,100%
14.76,3.69,77.10,282.00,100%
14.76,3.69,-56.30,210.00,100%
14.79,3.69,-50.30,180.00,100%
14.82,3.69,-59.00,226.00,100%
14.85,3.67,12.90,88.00,100%
14.85,3.66,73.60,200.00,100%
14.88,3.69,-53.40,196.00,100%
14.91,3.69,-57.30,212.00,100%
14.94,3.69,-54.70,204.00,100%
14.97,3.69,21.20,78.00,100%
14.97,3.69,73.90,272.00,100%
15.00,3.69,-51.30,190.00,100%
15.03,3.69,-56.50,212.00,100%
15.06,3.69,-50.90,194.00,100%
15.09,3.67,3.40,62.00,100%
15.09,3.68,80.20,288.00,100%
15.12,3.69,-56.70,210.00,100%
15.15,3.69,-55.40,204.00,100%
15.18,3.69,-55.70,206.00,100%
15.21,3.69,19.10,68.00,100%
15.21,3.67,72.90,268.00,100%
15.24,3.69,-56.50,210.00,100%
15.27,3.69,-51.00,176.00,100%
15.30,3.69,-57.10,222.00,100%
15.33,3.67,11.90,96.00,100%
15.33,3.65,73.70,138.00,100%
15.36,3.69,-48.20,190.00,100%
15.39,3.69,-59.30,220.00,100%
15.42,3.69,-53.20,196.00,100%
15.45,3.69,13.30,50.00,100%
15.45,3.69,76.40,278.00,100%
15.48,3.69,-54.80,204.00,100%
15.51,3.69,-54.50,216.00,100%
15.54,3.69,-51.90,176.00,100%
15.57,3.67,2.20,40.00,100%
15.57,3.65,80.70,132.00,100%
15.60,3.69,-55.80,216.00,100%
15.63,3.69,-52.60,194.00,100%
15.66,3.69,-58.70,216.00,100%
15.69,3.69,21.80,78.00,100%
15.69,3.69,73.90,268.00,100%
15.72,3.69,-55.00,204.00,100%
15.75,3.69,-53.40,176.00,100%
15.78,3.69,-54.70,212.00,100%
15.81,3.67,21.10,102.00,100%
15.81,3.66,74.80,200.00,100%
15.84,3.69,-49.20,184.00,100%
15.87,3.69,-58.70,216.00,100%
15.90,3.69,-52.50,194.00,100%
15.93,3.67,18.90,68.00,100%
15.93,3.67,76.90,282.00,100%
15.96,3.69,-56.20,206.00,100%
15.99,3.69,-53.70,200.00,100%
16.02,3.69,-53.20,180.00,100%
16.05,3.67,16.10,58.00,100%
16.05,3.65,70.30,164.00,100%
16.08,3.69,-55.70,216.00,100%
16.11,3.69,-49.00,180.00,100%
16.14,3.69,-60.50,222.00,100%
16.17,3.67,17.30,62.00,100%
16.17,3.65,31.60,118.00,100%
16.23,3.69,-51.20,190.00,100%
16.23,3.69,-57.40,212.00,100%
16.26,3.69,-50.20,212.00,100%
16.30,3.67,15.30,92.00,100%
16.30,3.64,77.30,10.00,100%
16.33,3.69,-55.40,184.00,100%
16.35,3.69,-52.80,220.00,100%
16.38,3.69,-49.80,184.00,100%
16.41,3.67,16.20,58.00,100%
16.41,3.65,-31.00,114.00,100%
16.44,3.69,-59.40,220.00,100%
16.47,3.69,-49.60,184.00,100%
16.50,3.69,-57.60,186.00,100%
16.53,3.67,25.00,76.00,100%
16.53,3.65,71.40,174.00,100%
16.56,3.69,-51.30,216.00,100%
16.59,3.69,-55.60,190.00,100%
16.62,3.69,-59.70,220.00,100%
16.65,3.67,20.30,76.00,100%
16.65,3.69,72.00,266.00,100%
16.68,3.69,-48.80,180.00,100%
16.71,3.69,-59.40,220.00,100%
16.74,3.69,-48.20,210.00,100%
16.77,3.67,16.90,96.00,100%
16.77,3.66,80.50,206.00,100%
16.80,3.69,-57.30,184.00,100%
16.83,3.69,-48.90,212.00,100%
16.86,3.69,-49.80,184.00,100%
16.89,3.67,15.20,56.00,100%
16.89,3.67,79.80,294.00,100%
16.92,3.69,-60.30,222.00,100%
16.95,3.69,-50.30,186.00,100%
16.98,3.70,-58.90,216.00,100%
17.01,3.67,28.90,86.00,100%
17.01,3.66,33.70,186.00,100%
17.04,3.69,-48.10,210.00,100%
17.07,3.69,-58.10,190.00,100%
17.10,3.69,-57.60,212.00,100%
17.13,3.67,22.70,82.00,100%
17.13,3.65,2.90,10.00,100%
17.16,3.69,-51.90,190.00,100%
17.19,3.69,-58.80,216.00,100%
17.22,3.69,-50.60,186.00,100%
17.25,3.67,17.90,86.00,100%
17.25,3.65,80.80,98.00,100%
17.28,3.69,-59.30,204.00,100%
17.31,3.69,-47.00,206.00,100%
17.34,3.69,-57.70,196.00,100%
17.37,3.67,17.70,66.00,100%
17.40,3.66,-51.40,190.00,100%
17.40,3.69,-56.80,210.00,100%
17.43,3.69,-51.50,190.00,100%
17.46,3.70,-57.40,212.00,100%
17.49,3.67,26.70,104.00,100%
17.49,3.66,73.70,196.00,100%
17.52,3.69,-51.50,194.00,100%
17.55,3.69,-57.50,212.00,100%
17.58,3.69,-49.20,194.00,100%
17.61,3.67,17.30,62.00,100%
17.61,3.68,76.30,282.00,100%
17.64,3.69,-55.70,206.00,100%
17.67,3.69,-55.30,204.00,100%
17.70,3.69,-54.90,204.00,100%
17.73,3.67,21.00,72.00,100%
17.73,3.66,73.70,158.00,100%
17.76,3.69,-57.40,226.00,100%
17.79,3.69,-51.40,176.00,100%
17.82,3.69,-55.40,216.00,100%
17.85,3.67,24.10,88.00,100%
17.85,3.65,36.30,134.00,100%
17.88,3.69,-50.50,186.00,100%
17.91,3.69,-59.10,220.00,100%
17.94,3.69,-52.30,194.00,100%
17.97,3.67,18.90,98.00,100%
17.97,3.65,78.90,16.00,100%
18.00,3.69,-56.90,190.00,100%
18.06,3.69,-53.70,216.00,100%
18.06,3.69,-53.60,176.00,100%
18.09,3.67,15.50,56.00,100%
18.09,3.65,-33.50,124.00,100%
18.12,3.69,-58.80,216.00,100%
18.15,3.69,-50.00,184.00,100%
18.18,3.69,-58.60,216.00,100%
18.21,3.65,25.10,92.00,100%
18.21,3.65,74.60,170.00,100%
18.24,3.69,-52.60,220.00,100%
18.27,3.69,-56.60,186.00,100%
18.30,3.69,-53.50,216.00,100%
18.33,3.67,26.60,98.00,100%
18.33,3.69,70.30,258.00,100%
18.36,3.69,-49.30,184.00,100%
18.39,3.69,-59.10,220.00,100%
18.42,3.69,-50.50,186.00,100%
18.45,3.67,27.00,98.00,100%
18.45,3.65,72.30,266.00,100%
18.48,3.69,-49.10,194.00,100%
18.51,3.69,-58.40,210.00,100%
18.54,3.69,-50.60,204.00,100%
18.57,3.67,17.10,78.00,100%
18.57,3.66,79.60,190.00,100%
18.60,3.69,-54.00,200.00,100%
18.63,3.69,-58.10,216.00,100%
18.66,3.69,-50.60,186.00,100%
18.69,3.67,18.90,68.00,100%
18.69,3.66,-47.40,174.00,100%
18.72,3.69,-57.70,212.00,100%
18.75,3.69,-49.80,194.00,100%
18.78,3.69,-60.00,212.00,100%
18.81,3.67,27.00,78.00,100%
18.81,3.66,2.30,186.00,100%
18.84,3.69,-55.80,206.00,100%
18.87,3.69,-54.40,200.00,100%
18.90,3.69,-56.30,210.00,100%
18.93,3.67,25.10,92.00,100%
18.93,3.65,-28.60,104.00,100%
18.96,3.69,-49.90,184.00,100%
18.99,3.69,-56.20,212.00,100%
19.02,3.69,-52.10,196.00,100%
19.05,3.67,17.40,68.00,100%
19.05,3.66,-48.60,180.00,100%
19.08,3.69,-56.20,206.00,100%
19.11,3.69,-55.40,204.00,100%
19.14,3.69,-55.00,204.00,100%
19.17,3.67,22.00,82.00,100%
19.20,3.67,-45.50,168.00,100%
19.20,3.69,-59.10,220.00,100%
19.23,3.69,-47.80,176.00,100%
19.26,3.69,-57.10,190.00,100%
19.29,3.67,25.70,68.00,100%
19.29,3.69,-54.80,174.00,100%
19.32,3.69,-48.90,212.00,100%
19.35,3.69,-50.20,186.00,100%
19.38,3.69,-59.30,220.00,100%
19.41,3.67,25.50,96.00,100%
19.41,3.70,-54.40,200.00,100%
19.44,3.69,-51.10,190.00,100%
19.47,3.69,-58.50,216.00,100%
19.53,3.69,-48.30,196.00,100%
19.53,3.67,16.90,40.00,100%
19.53,3.69,-44.30,194.00,100%
19.56,3.69,-58.20,196.00,100%
19.59,3.69,-47.10,206.00,100%
19.62,3.69,-54.50,200.00,100%
19.65,3.67,18.30,66.00,100%
19.65,3.65,-47.40,174.00,100%
19.68,3.69,-58.00,212.00,100%
19.71,3.69,-51.30,190.00,100%
19.74,3.69,-56.80,216.00,100%
19.77,3.67,26.20,134.00,100%
19.77,3.69,-55.80,210.00,100%
19.80,3.69,-50.40,186.00,100%
19.83,3.69,-56.40,210.00,100%
19.86,3.69,-53.10,196.00,100%
19.89,3.67,17.00,62.00,100%
19.89,3.66,-48.90,180.00,100%
19.92,3.69,-57.20,210.00,100%
19.95,3.69,-53.90,200.00,100%
19.98,3.69,-55.00,204.00,100%
20.01,3.67,21.40,132.00,100%
20.01,3.68,-51.30,176.00,100%
20.04,3.69,-54.40,216.00,100%
20.07,3.69,-52.60,180.00,100%
20.10,3.69,-59.20,220.00,100%
20.13,3.67,25.70,96.00,100%
20.13,3.69,-55.10,204.00,100%
20.16,3.69,-49.60,184.00,100%
20.19,3.69,-59.10,220.00,100%
20.22,3.69,-49.40,184.00,100%
20.25,3.67,18.40,160.00,100%
20.25,3.69,-45.30,200.00,100%
20.28,3.69,-58.80,186.00,100%
20.31,3.69,-49.50,212.00,100%
20.34,3.69,-50.10,184.00,100%
20.37,3.67,15.80,58.00,100%
20.37,3.66,-46.60,174.00,100%
20.40,3.69,-58.20,216.00,100%
20.43,3.69,-51.20,190.00,100%
20.46,3.69,-58.20,216.00,100%
20.49,3.67,25.20,184.00,100%
20.49,3.69,-53.80,194.00,100%
20.52,3.69,-52.00,196.00,100%
20.55,3.69,-57.70,210.00,100%
20.58,3.69,-48.90,196.00,100%
20.61,3.67,16.90,62.00,100%
20.61,3.66,-51.50,190.00,100%
20.64,3.69,-54.70,204.00,100%
20.67,3.69,-55.60,206.00,100%
20.70,3.69,-54.60,204.00,100%
20.73,3.67,20.40,176.00,100%
20.73,3.67,-47.30,160.00,100%
20.76,3.69,-57.50,226.00,100%
20.79,3.69,-51.00,176.00,100%
20.82,3.69,-55.70,216.00,100%
20.85,3.67,22.60,82.00,100%
20.85,3.69,-56.40,210.00,100%
20.88,3.69,-50.20,186.00,100%
20.91,3.69,-59.70,220.00,100%
20.97,3.69,-52.00,194.00,100%
20.97,3.67,17.30,230.00,100%
20.97,3.70,-46.80,196.00,100%
21.00,3.69,-58.20,196.00,100%
21.03,3.69,-52.70,216.00,100%
21.06,3.69,-55.60,186.00,100%
21.09,3.67,12.80,46.00,100%
21.09,3.66,-47.30,174.00,100%
21.12,3.69,-58.90,216.00,100%
21.15,3.69,-50.90,186.00,100%
21.18,3.69,-59.40,220.00,100%
21.21,3.66,25.20,220.00,100%
21.21,3.69,-53.30,180.00,100%
21.24,3.69,-47.70,206.00,100%
21.27,3.69,-59.20,196.00,100%
21.30,3.69,-47.50,210.00,100%
21.33,3.67,18.60,66.00,100%
21.33,3.66,-54.20,200.00,100%
21.36,3.69,-52.80,194.00,100%
21.39,3.69,-56.90,210.00,100%
21.42,3.69,-51.60,190.00,100%
21.45,3.67,18.00,66.00,100%
21.45,3.69,-46.30,174.00,100%
21.48,3.69,-57.00,216.00,100%
21.51,3.69,-51.20,194.00,100%
21.54,3.69,-57.10,212.00,100%
21.57,3.67,26.10,68.00,100%
21.57,3.69,-54.20,200.00,100%
21.60,3.69,-53.10,196.00,100%
21.63,3.69,-57.00,210.00,100%
21.66,3.69,-53.50,196.00,100%
21.69,3.67,18.70,68.00,100%
21.69,3.69,-49.40,184.00,100%
21.72,3.69,-54.40,180.00,100%
21.75,3.69,-55.40,222.00,100%
21.78,3.69,-53.80,184.00,100%
21.81,3.67,21.20,40.00,100%
21.81,3.70,-43.80,160.00,100%
21.84,3.69,-60.40,222.00,100%
21.87,3.69,-47.90,176.00,100%
21.90,3.69,-59.90,222.00,100%
21.93,3.67,25.90,96.00,100%
21.93,3.70,-54.70,204.00,100%
21.96,3.69,-48.40,210.00,100%
21.99,3.69,-59.00,190.00,100%
22.02,3.69,-50.40,216.00,100%
22.05,3.67,18.10,68.00,100%
22.05,3.66,-54.60,204.00,100%
22.08,3.69,-52.70,194.00,100%
22.11,3.69,-58.80,216.00,100%
22.14,3.69,-50.90,186.00,100%
22.17,3.67,15.40,56.00,100%
22.17,3.69,-46.50,170.00,100%
22.20,3.69,-57.80,204.00,100%
22.23,3.69,-49.50,200.00,100%
22.29,3.69,-59.60,210.00,100%
22.29,3.67,25.80,56.00,100%
22.29,3.67,-53.10,184.00,100%
22.32,3.69,-56.70,210.00,100%
22.35,3.69,-54.00,200.00,100%
22.38,3.69,-56.30,210.00,100%
22.41,3.67,23.10,86.00,100%
22.41,3.69,-53.60,196.00,100%
22.44,3.69,-49.90,186.00,100%
22.47,3.69,-56.90,212.00,100%
22.50,3.69,-53.00,196.00,100%
22.53,3.67,18.10,50.00,100%
22.53,3.69,-44.40,176.00,100%
22.56,3.69,-57.00,210.00,100%
22.59,3.69,-55.10,204.00,100%
22.62,3.69,-54.70,204.00,100%
22.65,3.66,19.60,72.00,100%
22.65,3.66,-49.60,184.00,100%
22.68,3.69,-55.30,204.00,100%
22.71,3.69,-51.20,176.00,100%
22.74,3.69,-57.40,222.00,100%
22.77,3.67,24.40,76.00,100%
22.77,3.66,12.90,204.00,100%
22.80,3.69,-50.10,186.00,100%
22.83,3.69,-60.10,222.00,100%
22.86,3.69,-50.30,186.00,100%
22.89,3.67,16.90,62.00,100%
22.89,3.66,-47.80,176.00,100%
22.92,3.69,-57.20,212.00,100%
22.95,3.69,-51.10,212.00,100%
23.01,3.69,-56.80,190.00,100%
23.01,3.67,21.80,42.00,100%
23.01,3.66,-52.30,170.00,100%
23.04,3.69,-52.40,216.00,100%
23.07,3.69,-51.80,190.00,100%
23.10,3.69,-59.30,220.00,100%
23.13,3.67,26.90,98.00,100%
23.13,3.66,-55.50,206.00,100%
23.16,3.69,-48.20,176.00,100%
23.19,3.69,-57.90,194.00,100%
23.22,3.69,-48.20,210.00,100%
23.25,3.67,15.40,58.00,100%
23.25,3.69,-45.00,196.00,100%
23.28,3.69,-57.00,186.00,100%
23.31,3.69,-58.90,216.00,100%
23.34,3.69,-51.20,190.00,100%
23.37,3.67,17.70,66.00,100%
23.37,3.66,-48.60,180.00,100%
23.40,3.69,-58.60,216.00,100%
23.43,3.69,-50.80,186.00,100%
23.46,3.69,-57.10,210.00,100%
23.49,3.67,24.00,46.00,100%
23.49,3.66,10.60,186.00,100%
23.52,3.69,-49.10,196.00,100%
23.58,3.69,-55.70,206.00,100%
23.58,3.69,-56.40,210.00,100%
23.61,3.67,22.20,82.00,100%
23.61,3.66,-52.80,196.00,100%
23.64,3.69,-52.70,194.00,100%
23.67,3.69,-56.40,210.00,100%
23.70,3.69,-50.00,176.00,100%
23.73,3.67,18.30,16.00,100%
23.73,3.67,-45.90,170.00,100%
23.76,3.69,-56.60,216.00,100%
23.79,3.69,-50.60,186.00,100%
23.82,3.69,-59.50,220.00,100%
23.85,3.67,23.80,88.00,100%
23.85,3.66,-53.60,196.00,100%
23.88,3.69,-52.00,194.00,100%
23.91,3.69,-57.10,210.00,100%
23.94,3.68,-50.80,212.00,100%
23.97,3.67,18.00,42.00,100%
23.97,3.70,-49.60,206.00,100%
24.00,3.69,-56.00,184.00,100%
24.03,3.69,-52.00,216.00,100%
24.06,3.69,-51.60,190.00,100%
24.09,3.67,16.30,58.00,100%
24.09,3.66,-45.40,168.00,100%
24.12,3.69,-59.50,220.00,100%
24.15,3.69,-50.40,186.00,100%
24.18,3.69,-58.10,204.00,100%
24.21,3.67,25.50,40.00,100%
24.21,3.66,15.20,194.00,100%
24.24,3.69,-47.90,204.00,100%
24.27,3.69,-57.10,200.00,100%
24.30,3.69,-56.20,206.00,100%
24.33,3.67,20.70,76.00,100%
24.33,3.66,-50.80,186.00,100%
24.36,3.69,-54.40,200.00,100%
24.39,3.69,-56.30,210.00,100%
24.42,3.69,-52.10,194.00,100%
24.45,3.67,20.60,40.00,100%
24.45,3.66,-49.10,174.00,100%
24.48,3.69,-56.10,216.00,100%
24.51,3.69,-50.20,184.00,100%
24.54,3.69,-58.90,216.00,100%
24.57,3.67,23.90,88.00,100%
24.57,3.68,-54.40,200.00,100%
24.60,3.69,-51.40,190.00,100%
24.63,3.69,-58.90,216.00,100%
24.66,3.69,-50.30,186.00,100%
24.69,3.67,18.60,86.00,100%
24.69,3.69,-47.10,204.00,100%
24.72,3.69,-58.00,194.00,100%
24.75,3.68,-50.40,216.00,100%
24.78,3.69,-50.00,184.00,100%
24.81,3.67,15.70,58.00,100%
24.81,3.66,-47.90,176.00,100%
24.84,3.69,-58.70,216.00,100%
24.87,3.69,-50.70,186.00,100%
24.90,3.69,-58.80,216.00,100%
24.93,3.67,26.90,92.00,100%
24.93,3.70,-53.70,186.00,100%
24.96,3.69,-51.20,204.00,100%
24.99,3.69,-58.40,204.00,100%
25.02,3.69,-48.10,200.00,100%
25.05,3.67,18.80,68.00,100%
25.05,3.66,-52.70,194.00,100%
25.08,3.69,-53.50,196.00,100%
25.11,3.69,-56.70,210.00,100%
25.14,3.69,-52.90,196.00,100%
25.17,3.67,20.20,88.00,100%
25.17,3.69,-45.30,164.00,100%
25.20,3.69,-58.50,222.00,100%
25.23,3.69,-49.70,180.00,100%
25.26,3.69,-55.90,216.00,100%
25.29,3.67,24.10,88.00,100%
25.29,3.66,-55.50,206.00,100%
25.32,3.69,-50.60,186.00,100%
25.35,3.69,-59.20,220.00,100%
25.38,3.69,-52.00,194.00,100%
25.41,3.67,18.20,132.00,100%
25.41,3.67,-47.30,196.00,100%
25.44,3.69,-57.30,194.00,100%
25.47,3.69,-52.60,216.00,100%
25.50,3.69,-55.10,184.00,100%
25.53,3.67,16.50,58.00,100%
25.53,3.69,-46.90,174.00,100%
25.56,3.69,-58.20,216.00,100%
25.62,3.69,-50.80,186.00,100%
25.62,3.69,-58.90,216.00,100%
25.65,3.66,27.10,98.00,100%
25.65,3.70,-53.00,176.00,100%
25.68,3.69,-47.90,210.00,100%
25.72,3.69,-59.10,196.00,100%
25.75,3.69,-48.20,206.00,100%
25.77,3.67,21.10,88.00,100%
25.77,3.66,-54.50,200.00,100%
25.80,3.69,-52.10,194.00,100%
25.83,3.69,-57.40,212.00,100%
25.86,3.69,-50.90,186.00,100%
25.89,3.67,17.80,128.00,100%
25.89,3.69,-45.50,174.00,100%
25.92,3.69,-57.00,212.00,100%
25.95,3.69,-51.20,194.00,100%
25.98,3.69,-57.20,212.00,100%
26.03,3.67,29.20,88.00,100%
26.03,3.66,-54.00,200.00,100%
26.05,3.69,-52.40,194.00,100%
26.07,3.69,-58.00,212.00,100%
26.10,3.69,-52.50,194.00,100%
26.13,3.67,17.60,176.00,100%
26.13,3.69,-47.10,174.00,100%
26.16,3.69,-56.50,186.00,100%
26.19,3.69,-52.80,222.00,100%
26.22,3.69,-57.10,180.00,100%
26.25,3.67,27.90,62.00,100%
26.25,3.69,-46.90,174.00,100%
26.28,3.69,-59.70,220.00,100%
26.31,3.69,-50.50,186.00,100%
26.34,3.69,-59.20,220.00,100%
26.37,3.67,23.90,88.00,100%
26.37,3.70,-53.70,200.00,100%
26.40,3.69,-48.50,184.00,100%
26.43,3.69,-58.20,220.00,100%
26.46,3.69,-50.10,186.00,100%
26.49,3.67,20.90,52.00,100%
26.49,3.69,-45.70,168.00,100%
26.52,3.69,-60.30,222.00,100%
26.55,3.69,-50.10,184.00,100%
26.58,3.69,-59.00,220.00,100%
26.61,3.67,25.00,92.00,100%
26.61,3.64,-6.90,26.00,100%
26.64,3.69,-48.50,210.00,100%
26.67,3.69,-58.20,190.00,100%
26.70,3.69,-50.30,216.00,100%
26.73,3.67,19.70,72.00,100%
26.73,3.66,-42.50,196.00,100%
26.76,3.69,-52.20,194.00,100%
26.79,3.69,-58.70,216.00,100%
26.82,3.69,-50.30,186.00,100%
26.85,3.67,17.00,62.00,100%
26.85,3.66,-47.30,174.00,100%
26.88,3.69,-57.50,216.00,100%
26.91,3.69,-48.50,186.00,100%
26.94,3.69,-59.10,222.00,100%
26.97,3.67,28.40,72.00,100%
26.97,3.69,-52.80,196.00,100%
27.00,3.69,-51.70,190.00,100%
27.03,3.69,-59.50,220.00,100%
27.06,3.69,-51.10,190.00,100%
27.09,3.67,16.10,58.00,100%
27.09,3.66,-48.30,176.00,100%
27.12,3.69,-56.80,210.00,100%
27.15,3.69,-51.10,212.00,100%
27.18,3.69,-57.60,194.00,100%
27.21,3.67,25.30,42.00,100%
27.21,3.66,40.90,170.00,100%
27.24,3.69,-58.70,216.00,100%
27.27,3.69,-52.20,194.00,100%
27.30,3.69,-58.50,216.00,100%
27.33,3.67,24.20,88.00,100%
27.33,3.66,-54.80,204.00,100%
27.36,3.69,-50.00,184.00,100%
27.39,3.69,-57.30,206.00,100%
27.42,3.69,-50.40,200.00,100%
27.45,3.67,19.00,52.00,100%
27.45,3.65,-33.90,186.00,100%
27.48,3.69,-57.50,204.00,100%
27.51,3.69,-56.50,210.00,100%
27.55,3.69,-55.00,204.00,100%
27.57,3.67,19.60,72.00,100%
27.57,3.66,-50.30,186.00,100%
27.60,3.69,-56.30,210.00,100%
27.63,3.69,-52.30,176.00,100%
27.66,3.69,-55.70,216.00,100%
27.69,3.67,24.10,72.00,100%
27.69,3.68,-51.40,200.00,100%
27.72,3.69,-49.90,180.00,100%
27.75,3.69,-59.90,222.00,100%
27.78,3.69,-51.10,190.00,100%
27.81,3.67,16.70,62.00,100%
27.81,3.66,-47.50,176.00,100%
27.84,3.69,-58.80,216.00,100%
27.87,3.69,-50.40,186.00,100%
27.90,3.69,-56.90,180.00,100%
27.93,3.67,24.80,36.00,100%
27.93,3.66,68.50,174.00,100%
27.96,3.69,-50.50,216.00,100%
27.99,3.69,-51.10,190.00,100%
28.02,3.69,-60.30,222.00,100%
28.05,3.67,23.80,88.00,100%
28.05,3.66,-55.40,204.00,100%
28.08,3.69,-50.80,186.00,100%
28.11,3.69,-58.60,216.00,100%
28.14,3.69,-48.80,196.00,100%
28.17,3.67,18.10,50.00,100%
28.20,3.66,-5.30,190.00,100%
28.20,3.69,-58.50,200.00,100%
28.23,3.69,-55.90,206.00,100%
28.26,3.69,-55.10,204.00,100%
28.29,3.67,17.50,66.00,100%
28.32,3.66,-47.80,176.00,100%
28.32,3.69,-57.30,212.00,100%
28.35,3.69,-51.50,190.00,100%
28.38,3.69,-56.30,216.00,100%
28.41,3.67,27.50,66.00,100%
28.41,3.67,-55.70,206.00,100%
28.44,3.69,-51.20,194.00,100%
28.47,3.69,-57.10,212.00,100%
28.50,3.69,-55.20,204.00,100%
28.53,3.67,17.10,62.00,100%
28.53,3.69,-50.00,184.00,100%
28.56,3.69,-55.70,206.00,100%
28.62,3.69,-55.70,206.00,100%
28.62,3.69,-53.40,180.00,100%
28.65,3.67,21.90,30.00,100%
28.65,3.70,-49.30,174.00,100%
28.68,3.69,-56.50,216.00,100%
28.71,3.69,-49.50,184.00,100%
28.74,3.69,-59.30,220.00,100%
28.77,3.67,22.90,86.00,100%
28.77,3.66,-53.10,196.00,100%
28.80,3.69,-53.40,196.00,100%
28.86,3.69,-58.00,212.00,100%
28.86,3.69,-52.70,194.00,100%
28.89,3.67,22.30,52.00,100%
28.89,3.66,10.20,210.00,100%
28.92,3.69,-55.70,184.00,100%
28.95,3.69,-52.90,220.00,100%
28.98,3.69,-50.70,186.00,100%
29.01,3.67,15.00,56.00,100%
29.01,3.66,-45.80,170.00,100%
29.04,3.69,-59.90,222.00,100%
29.07,3.69,-50.60,186.00,100%
29.10,3.69,-58.50,216.00,100%
29.13,3.67,29.00,40.00,100%
29.13,3.66,-57.00,194.00,100%
29.16,3.69,-50.30,200.00,100%
29.19,3.69,-54.70,184.00,100%
29.22,3.69,-53.70,220.00,100%
29.25,3.67,89.60,328.00,100%
29.25,3.69,-56.60,210.00,100%
29.28,3.69,-50.40,186.00,100%
29.31,3.69,-59.80,220.00,100%
29.34,3.69,-48.40,180.00,100%
29.37,3.67,7.00,72.00,100%
29.37,3.68,-43.20,194.00,100%
29.40,3.69,-59.20,194.00,100%
29.43,3.69,-49.60,212.00,100%
29.46,3.69,-58.20,186.00,100%
29.49,3.67,78.90,288.00,100%
29.49,3.70,-48.50,180.00,100%
29.52,3.69,-58.90,216.00,100%
29.55,3.69,-51.80,190.00,100%
29.58,3.69,-58.90,216.00,100%
29.61,3.67,19.10,68.00,100%
29.61,3.69,-53.30,194.00,100%
29.64,3.69,-50.80,196.00,100%
29.67,3.69,-59.60,212.00,100%
29.70,3.69,-49.80,200.00,100%
29.73,3.67,77.80,286.00,100%
29.73,3.69,-51.50,190.00,100%
29.76,3.69,-56.50,210.00,100%
29.79,3.69,-54.70,204.00,100%
29.82,3.69,-56.10,206.00,100%
29.85,3.67,20.80,76.00,100%
29.85,3.69,-50.10,164.00,100%
29.88,3.69,-54.00,216.00,100%
29.91,3.69,-56.00,194.00,100%
29.94,3.69,-54.70,220.00,100%
29.97,3.67,22.50,298.00,100%
29.97,3.69,-54.90,204.00,100%
30.00,3.69,-49.50,184.00,100%
30.03,3.69,-59.00,220.00,100%
30.06,3.69,-49.20,180.00,100%
30.09,3.67,18.10,66.00,100%
30.09,3.70,-44.40,164.00,100%
30.12,3.69,-57.80,194.00,100%
30.15,3.69,-50.20,216.00,100%
30.21,3.69,-58.20,190.00,100%
30.21,3.67,26.80,42.00,100%
30.21,3.70,-46.30,170.00,100%
30.24,3.69,-59.30,220.00,100%
30.27,3.69,-49.80,184.00,100%
30.30,3.69,-59.20,220.00,100%
30.33,3.67,32.00,118.00,100%
30.33,3.70,-53.90,200.00,100%
30.36,3.69,-50.30,186.00,100%
30.39,3.69,-59.30,220.00,100%
30.42,3.69,-50.90,194.00,100%
30.45,3.67,17.30,250.00,100%
30.45,3.69,-48.80,180.00,100%
30.48,3.69,-58.60,216.00,100%
30.51,3.69,-53.20,196.00,100%
30.54,3.69,-56.60,210.00,100%
30.57,3.67,32.80,122.00,100%
30.57,3.70,-51.40,190.00,100%
30.60,3.69,-53.10,216.00,100%
30.63,3.69,-55.40,186.00,100%
30.66,3.69,-54.70,220.00,100%
30.69,3.67,20.70,268.00,100%
30.69,3.68,-49.30,204.00,100%
30.72,3.69,-52.30,194.00,100%
30.75,3.69,-60.20,222.00,100%
30.78,3.69,-49.00,180.00,100%
30.81,3.67,31.50,114.00,100%
30.81,3.68,-44.40,164.00,100%
30.84,3.69,-58.50,196.00,100%
30.87,3.69,-48.50,210.00,100%
30.90,3.69,-60.60,200.00,100%
30.93,3.67,26.10,222.00,100%
30.93,3.69,-52.70,174.00,100%
30.96,3.69,-58.80,216.00,100%
30.99,3.69,-52.50,194.00,100%
31.05,3.69,-57.90,212.00,100%
31.05,3.67,29.20,108.00,100%
31.05,3.70,-53.90,200.00,100%
31.08,3.69,-49.70,184.00,100%
31.11,3.69,-57.20,212.00,100%
31.14,3.69,-52.80,196.00,100%
31.17,3.67,17.90,206.00,100%
31.17,3.69,-45.80,174.00,100%
31.20,3.69,-58.40,216.00,100%
31.23,3.69,-54.00,200.00,100%
31.26,3.69,-56.80,210.00,100%
31.29,3.67,48.90,176.00,100%
31.29,3.66,-52.50,194.00,100%
31.32,3.69,-53.50,196.00,100%
31.35,3.69,-54.90,184.00,100%
31.38,3.69,-55.80,226.00,100%
31.41,3.67,19.90,210.00,100%
31.41,3.69,-49.80,200.00,100%
31.44,3.69,-49.30,184.00,100%
31.47,3.69,-60.80,226.00,100%
31.50,3.69,-47.60,176.00,100%
31.53,3.67,48.40,176.00,100%
31.53,3.69,-44.60,164.00,100%
31.56,3.69,-58.90,216.00,100%
31.59,3.69,-47.80,206.00,100%
31.62,3.69,-59.90,194.00,100%
31.65,3.67,24.30,176.00,100%
31.65,3.69,-53.70,170.00,100%
31.68,3.69,-57.90,212.00,100%
31.71,3.69,-51.50,190.00,100%
31.74,3.69,-58.00,212.00,100%
31.77,3.67,62.30,230.00,100%
31.77,3.69,-54.40,200.00,100%
31.80,3.69,-51.40,190.00,100%
31.83,3.69,-57.10,210.00,100%
31.86,3.69,-51.70,196.00,100%
31.89,3.67,13.00,140.00,100%
31.89,3.69,-46.20,180.00,100%
31.92,3.69,-57.30,210.00,100%
31.95,3.69,-54.90,204.00,100%
31.98,3.69,-57.10,210.00,100%
32.01,3.67,67.40,246.00,100%
32.01,3.70,-52.30,194.00,100%
32.04,3.69,-53.40,196.00,100%
32.07,3.69,-55.50,184.00,100%
32.10,3.69,-53.00,220.00,100%
32.13,3.67,12.40,176.00,100%
32.13,3.68,-48.60,200.00,100%
32.16,3.69,-54.70,186.00,100%
32.19,3.69,-60.30,222.00,100%
32.22,3.69,-51.60,190.00,100%
32.25,3.67,65.90,242.00,100%
32.25,3.69,-47.00,174.00,100%
32.28,3.69,-59.50,220.00,100%
32.31,3.69,-49.50,200.00,100%
32.34,3.69,-58.10,206.00,100%
32.37,3.67,17.90,158.00,100%
32.37,3.69,-53.30,186.00,100%
32.40,3.69,-48.80,200.00,100%
32.43,3.69,-57.00,210.00,100%
32.46,3.69,-55.20,204.00,100%
32.49,3.67,73.20,268.00,100%
32.49,3.69,-51.20,190.00,100%
32.52,3.69,-56.20,206.00,100%
32.55,3.69,-53.60,220.00,100%
32.58,3.69,-55.10,184.00,100%
32.61,3.67,14.50,124.00,100%
32.61,3.69,-49.70,164.00,100%
32.64,3.69,-52.90,216.00,100%
32.67,3.69,-51.00,186.00,100%
32.70,3.69,-60.50,222.00,100%
32.73,3.67,83.90,308.00,100%
32.73,3.69,-55.60,206.00,100%
32.76,3.69,-50.60,186.00,100%
32.79,3.69,-58.40,216.00,100%
32.82,3.69,-48.80,194.00,100%
32.85,3.67,9.90,128.00,100%
32.85,3.69,-45.50,176.00,100%
32.88,3.69,-57.50,210.00,100%
32.91,3.69,-52.40,194.00,100%
32.94,3.69,-58.40,216.00,100%
32.97,3.67,84.20,308.00,100%
32.97,3.70,-53.80,200.00,100%
33.00,3.69,-52.50,194.00,100%
33.03,3.69,-57.60,212.00,100%
33.06,3.69,-50.40,212.00,100%
33.09,3.67,10.50,148.00,100%
33.09,3.69,-47.30,200.00,100%
33.12,3.69,-57.40,190.00,100%
33.15,3.69,-57.90,212.00,100%
33.18,3.69,-51.30,190.00,100%
33.21,3.67,69.70,256.00,100%
33.21,3.69,-45.30,168.00,100%
33.24,3.69,-58.20,216.00,100%
33.27,3.69,-50.20,186.00,100%
33.30,3.69,-56.90,212.00,100%
33.34,3.67,17.80,150.00,100%
33.34,3.69,-54.00,204.00,100%
33.36,3.69,-49.40,186.00,100%
33.39,3.69,-56.60,216.00,100%
33.42,3.69,-52.60,194.00,100%
33.45,3.67,70.00,256.00,100%
33.45,3.69,-46.00,170.00,100%
33.48,3.69,-58.80,216.00,100%
33.51,3.69,-50.80,186.00,100%
33.54,3.69,-57.20,184.00,100%
33.57,3.67,20.10,10.00,100%
33.57,3.69,-55.60,174.00,100%
33.60,3.69,-49.70,212.00,100%
33.63,3.69,-57.20,186.00,100%
33.66,3.69,-59.10,220.00,100%
33.69,3.67,79.40,292.00,100%
33.69,3.70,-52.80,196.00,100%
33.72,3.69,-51.80,190.00,100%
33.75,3.69,-57.70,212.00,100%
33.78,3.69,-50.30,184.00,100%
33.81,3.67,13.70,0.00,100%
33.81,3.69,-48.20,174.00,100%
33.84,3.69,-56.30,216.00,100%
33.87,3.69,-50.40,180.00,100%
33.90,3.69,-60.20,222.00,100%
33.93,3.67,83.50,308.00,100%
33.93,3.70,-54.60,204.00,100%
33.96,3.69,-49.50,184.00,100%
33.99,3.69,-59.40,220.00,100%
34.02,3.69,-47.00,174.00,100%
34.05,3.67,11.70,288.00,100%
34.05,3.69,-47.60,196.00,100%
34.08,3.69,-57.50,200.00,100%
34.11,3.69,-48.80,200.00,100%
34.14,3.69,-56.10,206.00,100%
34.17,3.67,79.80,294.00,100%
34.17,3.69,-50.30,186.00,100%
34.20,3.69,-54.90,204.00,100%
34.23,3.69,-56.50,210.00,100%
34.26,3.69,-53.30,196.00,100%
34.29,3.67,14.20,14.00,100%
34.29,3.69,-49.70,206.00,100%
34.32,3.69,-55.70,184.00,100%
34.35,3.69,-52.30,216.00,100%
34.38,3.69,-51.10,190.00,100%
34.41,3.67,77.80,286.00,100%
34.41,3.68,-45.40,168.00,100%
34.44,3.69,-60.00,222.00,100%
34.47,3.69,-51.20,190.00,100%
34.50,3.69,-58.60,216.00,100%
34.53,3.67,19.40,304.00,100%
34.53,3.69,-54.20,196.00,100%
34.56,3.69,-50.50,196.00,100%
34.59,3.69,-58.00,210.00,100%
34.62,3.68,-53.20,196.00,100%
34.65,3.67,83.10,304.00,100%
34.65,3.70,-49.30,184.00,100%
34.68,3.69,-56.60,210.00,100%
34.71,3.69,-54.40,200.00,100%
34.74,3.69,-55.60,206.00,100%
34.77,3.67,13.50,304.00,100%
34.77,3.69,-50.00,170.00,100%
34.80,3.69,-55.30,220.00,100%
34.83,3.69,-54.40,176.00,100%
34.86,3.69,-54.00,220.00,100%
34.89,3.67,93.90,344.00,100%
34.89,3.69,-55.50,206.00,100%
34.92,3.69,-48.50,180.00,100%
34.95,3.69,-59.60,220.00,100%
34.98,3.69,-48.80,180.00,100%
35.01,3.67,7.10,22.00,100%
35.01,3.69,-43.80,194.00,100%
35.04,3.69,-60.10,196.00,100%
35.07,3.69,-48.40,210.00,100%
35.10,3.69,-57.50,190.00,100%
35.13,3.67,90.00,330.00,100%
35.13,3.69,-48.30,176.00,100%
35.16,3.69,-57.60,212.00,100%
35.19,3.69,-51.70,190.00,100%
35.22,3.69,-58.10,216.00,100%
35.25,3.67,13.70,22.00,100%
35.25,3.69,-51.80,196.00,100%
35.28,3.69,-52.30,194.00,100%
35.31,3.69,-56.90,216.00,100%
35.34,3.69,-48.80,186.00,100%
35.37,3.67,87.40,322.00,100%
35.37,3.69,-47.50,176.00,100%
35.40,3.69,-58.40,216.00,100%
35.43,3.69,-51.40,190.00,100%
35.46,3.69,-58.90,216.00,100%
35.49,3.67,14.90,66.00,100%
35.49,3.69,-52.20,168.00,100%
35.52,3.69,-51.20,220.00,100%
35.55,3.69,-57.70,186.00,100%
35.58,3.69,-48.20,212.00,100%
35.61,3.67,92.10,338.00,100%
35.61,3.70,-54.00,200.00,100%
35.64,3.69,-51.70,190.00,100%
35.67,3.69,-57.60,212.00,100%
35.70,3.69,-53.40,196.00,100%
35.73,3.67,11.10,86.00,100%
35.73,3.69,-47.60,158.00,100%
35.76,3.69,-56.60,226.00,100%
35.79,3.69,-53.70,180.00,100%
35.82,3.69,-54.10,216.00,100%
35.85,3.67,82.20,302.00,100%
35.85,3.69,-55.90,206.00,100%
35.88,3.69,-50.20,186.00,100%
35.91,3.69,-59.90,222.00,100%
35.94,3.69,-51.00,186.00,100%
35.97,3.67,11.40,88.00,100%
35.97,3.69,-45.00,174.00,100%
36.00,3.69,-59.20,216.00,100%
36.03,3.69,-51.20,190.00,100%
36.06,3.69,-57.40,212.00,100%
36.09,3.67,79.00,292.00,100%
36.09,3.69,-55.30,204.00,100%
36.12,3.69,-50.60,186.00,100%
36.15,3.69,-59.80,220.00,100%
36.18,3.69,-50.40,186.00,100%
36.21,3.67,15.50,66.00,100%
36.21,3.68,-43.20,190.00,100%
36.24,3.69,-59.10,194.00,100%
36.27,3.69,-48.90,212.00,100%
36.30,3.69,-58.40,194.00,100%
36.33,3.67,27.70,212.00,100%
36.33,3.69,-50.50,186.00,100%
36.37,3.69,-56.20,206.00,100%
36.39,3.69,-54.60,204.00,100%
36.42,3.69,-55.40,204.00,100%
36.45,3.67,23.40,386.00,100%
36.45,3.69,-48.70,200.00,100%
36.48,3.69,-56.00,184.00,100%
36.51,3.69,-53.90,222.00,100%
36.54,3.69,-56.80,190.00,100%
36.57,3.67,25.10,246.00,100%
36.57,3.69,-46.40,170.00,100%
36.60,3.69,-58.90,220.00,100%
36.63,3.69,-50.00,184.00,100%
36.66,3.69,-58.70,216.00,100%
36.69,3.67,31.60,68.00,100%
36.69,3.69,-52.40,204.00,100%
36.72,3.69,-51.40,180.00,100%
36.75,3.69,-57.40,226.00,100%
36.78,3.69,-52.30,176.00,100%
36.81,3.67,21.40,236.00,100%
36.81,3.69,-45.50,168.00,100%
36.84,3.69,-60.20,222.00,100%
36.87,3.69,-49.80,184.00,100%
36.90,3.69,-60.30,222.00,100%
36.93,3.67,37.30,88.00,100%
36.93,3.70,-54.50,200.00,100%
36.96,3.69,-49.50,194.00,100%
36.99,3.69,-60.20,216.00,100%
37.02,3.69,-50.30,194.00,100%
37.05,3.67,18.10,232.00,100%
37.05,3.69,-47.10,174.00,100%
37.08,3.69,-59.40,220.00,100%
37.11,3.69,-50.80,186.00,100%
37.14,3.69,-59.60,220.00,100%
37.17,3.67,39.80,144.00,100%
37.17,3.70,-53.60,196.00,100%
37.20,3.69,-49.60,212.00,100%
37.23,3.69,-59.80,196.00,100%
37.26,3.69,-49.90,212.00,100%
37.29,3.67,17.00,252.00,100%
37.29,3.69,-53.20,196.00,100%
37.32,3.69,-51.80,190.00,100%
37.35,3.69,-57.50,212.00,100%
37.38,3.69,-51.80,190.00,100%
37.41,3.67,36.20,132.00,100%
37.41,3.70,-46.30,170.00,100%
37.44,3.69,-55.90,216.00,100%
37.47,3.69,-52.00,190.00,100%
37.50,3.69,-57.50,220.00,100%
37.53,3.67,23.60,256.00,100%
37.53,3.69,-54.60,204.00,100%
37.56,3.69,-50.40,186.00,100%
37.59,3.69,-59.60,220.00,100%
37.62,3.69,-48.80,180.00,100%
37.65,3.67,33.00,122.00,100%
37.65,3.70,-44.70,164.00,100%
37.68,3.69,-58.00,200.00,100%
37.71,3.69,-50.40,206.00,100%
37.74,3.69,-59.70,206.00,100%
37.77,3.67,24.80,230.00,100%
37.77,3.69,-53.20,190.00,100%
37.80,3.69,-55.50,206.00,100%
37.83,3.69,-56.90,210.00,100%
37.86,3.69,-53.80,200.00,100%
37.89,3.67,38.70,140.00,100%
37.89,3.69,-49.10,180.00,100%
37.92,3.69,-56.00,186.00,100%
37.95,3.69,-52.30,212.00,100%
37.98,3.69,-57.90,194.00,100%
38.01,3.67,24.20,206.00,100%
38.01,3.69,-50.80,174.00,100%
38.04,3.69,-59.20,220.00,100%
38.07,3.69,-53.00,196.00,100%
38.10,3.69,-58.30,216.00,100%
38.13,3.67,46.30,170.00,100%
38.13,3.70,-53.50,196.00,100%
38.16,3.69,-49.90,190.00,100%
38.19,3.69,-56.60,212.00,100%
38.22,3.69,-52.30,190.00,100%
38.25,3.67,18.90,196.00,100%
38.25,3.69,-45.30,164.00,100%
38.28,3.69,-59.80,220.00,100%
38.31,3.69,-50.20,186.00,100%
38.34,3.69,-59.00,220.00,100%
38.37,3.67,53.50,196.00,100%
38.37,3.70,-54.80,204.00,100%
38.40,3.69,-48.80,180.00,100%
38.43,3.69,-57.60,200.00,100%
38.46,3.69,-51.70,212.00,100%
38.49,3.67,15.80,158.00,100%
38.49,3.69,-45.00,184.00,100%
38.52,3.69,-56.60,210.00,100%
38.55,3.69,-55.30,204.00,100%
38.58,3.69,-56.20,206.00,100%
38.61,3.67,53.70,196.00,100%
38.61,3.66,-52.40,194.00,100%
38.64,3.69,-52.60,194.00,100%
38.67,3.69,-56.00,186.00,100%
38.70,3.69,-53.30,222.00,100%
38.73,3.67,14.80,204.00,100%
38.73,3.69,-47.40,200.00,100%
38.76,3.69,-51.80,190.00,100%
38.79,3.69,-59.70,220.00,100%
38.82,3.69,-51.90,190.00,100%
38.85,3.67,54.60,200.00,100%
38.85,3.68,-45.30,168.00,100%
38.88,3.69,-58.20,216.00,100%
38.91,3.69,-48.90,184.00,100%
38.94,3.69,-57.70,220.00,100%
38.97,3.67,20.20,190.00,100%
38.97,3.69,-52.10,200.00,100%
39.00,3.69,-49.90,184.00,100%
39.03,3.69,-60.60,222.00,100%
39.06,3.69,-50.20,186.00,100%
39.09,3.67,59.60,220.00,100%
39.09,3.69,-45.40,168.00,100%
39.12,3.69,-59.30,220.00,100%
39.15,3.69,-48.90,210.00,100%
39.18,3.69,-58.70,190.00,100%
39.21,3.65,36.60,104.00,100%
39.21,3.69,-47.70,164.00,100%
39.24,3.69,-56.70,220.00,100%
39.27,3.69,-50.50,180.00,100%
39.30,3.69,-60.70,222.00,100%
39.33,3.67,-31.50,118.00,100%
39.33,3.69,-54.80,204.00,100%
39.36,3.69,-49.60,184.00,100%
39.39,3.69,-59.40,220.00,100%
39.42,3.69,-46.90,206.00,100%
39.45,3.65,36.30,200.00,100%
39.45,3.69,-45.00,190.00,100%
39.48,3.69,-58.50,196.00,100%
39.51,3.69,-46.10,206.00,100%
39.54,3.69,-56.10,206.00,100%
39.60,3.67,-39.30,144.00,100%
39.60,3.69,-49.90,184.00,100%
39.60,3.69,-55.90,204.00,100%
39.63,3.69,-55.60,206.00,100%
39.66,3.69,-53.30,196.00,100%
39.69,3.65,38.10,194.00,100%
39.69,3.68,-49.60,200.00,100%
39.72,3.69,-56.20,132.00,100%
39.75,3.69,-51.00,216.00,100%
39.78,3.69,-51.70,190.00,100%
39.81,3.67,-42.90,158.00,100%
39.81,3.69,-46.20,170.00,100%
39.84,3.69,-59.50,220.00,100%
39.87,3.69,-50.40,186.00,100%
39.90,3.69,-57.40,212.00,100%
39.93,3.65,43.40,190.00,100%
39.94,3.69,-52.80,196.00,100%
39.96,3.69,-51.80,128.00,100%
39.99,3.69,-55.00,220.00,100%
40.02,3.69,-47.60,176.00,100%
40.05,3.67,-44.80,168.00,100%
40.05,3.69,-45.50,168.00,100%
40.08,3.69,-59.50,220.00,100%
40.11,3.69,-50.80,186.00,100%
40.14,3.69,-58.50,216.00,100%
40.17,3.65,44.60,196.00,100%
40.17,3.69,-53.80,186.00,100%
40.20,3.69,-51.70,194.00,100%
40.23,3.69,-58.10,212.00,100%
40.26,3.69,-51.40,190.00,100%
40.29,3.67,55.40,204.00,100%
40.29,3.69,-46.60,174.00,100%
40.32,3.69,-59.10,216.00,100%
40.35,3.69,-50.20,186.00,100%
40.38,3.69,-59.10,220.00,100%
40.41,3.65,46.20,206.00,100%
40.41,3.69,-53.60,164.00,100%
40.44,3.69,-49.70,210.00,100%
40.47,3.69,-58.50,196.00,100%
40.50,3.69,-47.00,206.00,100%
40.53,3.67,-45.10,168.00,100%
40.53,3.69,-52.20,194.00,100%
40.56,3.69,-55.20,204.00,100%
40.59,3.69,-55.70,206.00,100%
40.62,3.69,-56.10,206.00,100%
40.65,3.65,40.50,212.00,100%
40.65,3.69,-49.80,150.00,100%
40.68,3.69,-55.00,132.00,100%
40.71,3.69,-55.80,186.00,100%
40.74,3.69,-51.30,216.00,100%
40.77,3.67,-43.10,160.00,100%
40.77,3.69,-55.50,206.00,100%
40.80,3.69,-51.00,186.00,100%
40.83,3.69,-59.60,220.00,100%
40.86,3.69,-51.40,190.00,100%
40.89,3.65,35.60,216.00,100%
40.89,3.69,-44.00,150.00,100%
40.92,3.69,-59.30,222.00,100%
40.95,3.69,-50.10,184.00,100%
40.98,3.69,-56.30,220.00,100%
41.01,3.67,-40.80,150.00,100%
41.01,3.69,-55.70,206.00,100%
41.04,3.69,-48.60,180.00,100%
41.07,3.69,-60.30,222.00,100%
41.10,3.69,-49.10,180.00,100%
41.13,3.65,32.00,118.00,100%
41.13,3.69,-42.50,174.00,100%
41.16,3.69,-60.40,204.00,100%
41.19,3.69,-48.50,206.00,100%
41.22,3.69,-58.40,200.00,100%
41.25,3.67,-46.00,170.00,100%
41.25,3.69,-50.40,186.00,100%
41.28,3.69,-55.20,204.00,100%
41.31,3.69,-55.50,206.00,100%
41.34,3.69,-54.70,204.00,100%
41.37,3.65,34.60,128.00,100%
41.37,3.69,-48.30,184.00,100%
41.40,3.69,-55.80,184.00,100%
41.43,3.69,-53.60,220.00,100%
41.47,3.69,-56.20,190.00,100%
41.49,3.67,-49.50,184.00,100%
41.49,3.69,-46.60,174.00,100%
41.52,3.69,-59.60,220.00,100%
41.55,3.69,-51.40,190.00,100%
41.58,3.69,-58.80,216.00,100%
41.61,3.67,92.90,140.00,100%
41.61,3.69,-53.10,184.00,100%
41.64,3.69,-50.00,58.00,100%
41.67,3.69,-58.40,222.00,100%
41.70,3.69,-50.30,180.00,100%
41.73,3.67,-50.00,184.00,100%
41.73,3.69,-43.20,160.00,100%
41.76,3.69,-60.80,226.00,100%
41.79,3.69,-48.30,176.00,100%
41.82,3.69,-60.50,222.00,100%
41.85,3.67,38.20,140.00,100%
41.85,3.69,-54.00,160.00,100%
41.88,3.69,-48.10,170.00,100%
41.91,3.69,-60.20,210.00,100%
41.94,3.69,-49.20,200.00,100%
41.97,3.67,-46.80,174.00,100%
41.97,3.69,-46.60,174.00,100%
42.00,3.69,-57.60,212.00,100%
42.03,3.69,-52.50,194.00,100%
42.06,3.69,-58.00,212.00,100%
42.09,3.67,32.50,122.00,100%
42.09,3.69,-52.20,148.00,100%
42.12,3.69,-50.40,212.00,100%
42.15,3.69,-58.50,186.00,100%
42.18,3.69,-50.90,216.00,100%
42.21,3.67,88.10,154.00,100%
42.24,3.69,-50.90,186.00,100%
42.24,3.69,-52.40,194.00,100%
42.27,3.69,-57.60,212.00,100%
42.30,3.69,-51.90,194.00,100%
42.36,3.67,27.20,102.00,100%
42.36,3.69,-47.70,176.00,100%
42.36,3.69,-55.00,216.00,100%
42.39,3.69,-53.40,180.00,100%
42.43,3.69,-56.20,220.00,100%
42.45,3.67,92.20,158.00,100%
42.45,3.68,-48.40,194.00,100%
42.48,3.69,-51.60,190.00,100%
42.51,3.69,-59.40,220.00,100%
42.54,3.69,-51.10,190.00,100%
42.57,3.67,23.20,86.00,100%
42.57,3.69,-46.70,174.00,100%
42.60,3.69,-57.60,98.00,100%
42.63,3.69,-49.20,186.00,100%
42.66,3.69,-59.10,222.00,100%
42.69,3.67,93.90,160.00,100%
42.69,3.69,-50.60,194.00,100%
42.72,3.69,-49.70,184.00,100%
42.75,3.69,-60.80,226.00,100%
42.78,3.69,-48.00,176.00,100%
42.81,3.67,18.90,68.00,100%
42.81,3.69,-43.50,160.00,100%
42.84,3.69,-59.10,220.00,100%
42.87,3.69,-48.50,200.00,100%
42.90,3.69,-60.40,216.00,100%
42.93,3.67,91.20,170.00,100%
42.93,3.69,-53.30,184.00,100%
42.96,3.69,-52.60,194.00,100%
42.99,3.69,-59.90,220.00,100%
43.02,3.69,-51.10,190.00,100%
43.05,3.67,18.60,68.00,100%
43.05,3.70,-45.40,168.00,100%
43.08,3.69,-58.80,216.00,100%
43.11,3.69,-47.70,206.00,100%
43.14,3.69,-59.70,200.00,100%
43.17,3.67,90.50,184.00,100%
43.20,3.69,-53.60,170.00,100%
43.20,3.69,-55.50,204.00,100%
43.23,3.69,-55.90,206.00,100%
43.26,3.69,-55.10,204.00,100%
43.29,3.67,20.70,76.00,100%
43.29,3.69,-49.50,184.00,100%
43.32,3.69,-56.90,210.00,100%
43.35,3.69,-51.40,212.00,100%
43.38,3.69,-57.50,190.00,100%
43.41,3.67,75.50,196.00,100%
43.41,3.69,-53.00,160.00,100%
43.44,3.69,-48.70,176.00,100%
43.47,3.69,-52.60,194.00,100%
43.50,3.69,-58.40,216.00,100%
43.53,3.67,20.60,76.00,100%
43.53,3.69,-52.50,194.00,100%
43.56,3.69,-53.40,196.00,100%
43.59,3.69,-54.60,220.00,100%
43.62,3.69,-53.90,184.00,100%
43.65,3.67,69.10,200.00,100%
43.65,3.69,-49.10,158.00,100%
43.68,3.69,-52.00,216.00,100%
43.71,3.69,-51.20,190.00,100%
43.74,3.69,-60.30,222.00,100%
43.77,3.67,20.00,76.00,100%
43.77,3.69,-54.80,204.00,100%
43.80,3.69,-49.90,184.00,100%
43.83,3.69,-57.80,212.00,100%
43.86,3.69,-49.10,184.00,100%
43.89,3.67,63.30,204.00,100%
43.89,3.69,-45.90,158.00,100%
43.92,3.69,-55.80,216.00,100%
43.95,3.69,-48.40,180.00,100%
43.98,3.69,-60.60,222.00,100%
44.04,3.67,18.40,68.00,100%
44.04,3.69,-54.50,200.00,100%
44.04,3.69,-50.60,186.00,100%
44.08,3.69,-58.70,216.00,100%
44.10,3.69,-49.20,194.00,100%
44.13,3.67,59.70,200.00,100%
44.13,3.69,-46.80,170.00,100%
44.16,3.69,-57.40,212.00,100%
44.19,3.69,-50.60,186.00,100%
44.22,3.69,-60.60,222.00,100%
44.25,3.67,17.20,62.00,100%
44.25,3.69,-54.20,200.00,100%
44.28,3.69,-48.80,180.00,100%
44.31,3.69,-59.10,220.00,100%
44.34,3.69,-49.60,196.00,100%
44.37,3.67,57.20,204.00,100%
44.37,3.69,-46.40,170.00,100%
44.40,3.69,-56.90,216.00,100%
44.43,3.69,-50.80,180.00,100%
44.46,3.69,-60.30,222.00,100%
44.49,3.67,14.80,56.00,100%
44.49,3.69,-53.60,196.00,100%
44.52,3.69,-52.50,194.00,100%
44.55,3.69,-58.20,216.00,100%
44.58,3.69,-51.00,184.00,100%
44.61,3.66,57.70,212.00,100%
44.64,3.69,-50.90,82.00,100%
44.64,3.69,-52.40,6.00,100%
44.67,3.69,-55.90,190.00,100%
44.70,3.69,-58.40,216.00,100%
44.73,3.67,10.60,40.00,100%
44.76,3.69,-48.80,180.00,100%
44.76,3.69,-55.90,206.00,100%
44.79,3.69,-54.10,200.00,100%
44.82,3.69,-57.30,212.00,100%
44.85,3.66,59.30,216.00,100%
44.88,3.69,-53.90,72.00,100%
44.88,3.69,-48.40,232.00,100%
44.91,3.69,-58.50,200.00,100%
44.94,3.69,-53.90,200.00,100%
44.97,3.67,1.30,4.00,100%
45.00,3.69,-45.00,168.00,100%
45.00,3.69,-59.20,220.00,100%
45.03,3.69,-49.30,184.00,100%
45.06,3.69,-59.30,220.00,100%
45.09,3.66,56.60,200.00,100%
45.12,3.69,-53.20,78.00,100%
45.12,3.69,-51.60,286.00,100%
45.15,3.69,-57.40,216.00,100%
45.18,3.69,-48.90,184.00,100%
45.21,3.67,-1.10,4.00,100%
45.24,3.69,-43.00,158.00,100%
45.24,3.69,-58.90,216.00,100%
45.27,3.69,-51.10,190.00,100%
45.30,3.69,-58.50,216.00,100%
45.33,3.65,51.30,184.00,100%
45.36,3.69,-51.40,76.00,100%
45.36,3.69,-53.40,184.00,100%
45.39,3.69,-55.20,216.00,100%
45.42,3.69,-53.00,186.00,100%
45.45,3.67,-4.90,20.00,100%
45.48,3.69,-45.30,168.00,100%
45.48,3.69,-27.20,98.00,100%
45.51,3.69,-52.50,194.00,100%
45.54,3.69,-58.20,216.00,100%
45.58,3.65,50.80,190.00,100%
45.63,3.69,-50.10,68.00,100%
45.63,3.69,-53.90,30.00,100%
45.63,3.69,-55.00,216.00,100%
45.66,3.69,-53.80,186.00,100%
45.69,3.67,-6.60,22.00,100%
45.72,3.69,-45.20,168.00,100%
45.72,3.69,-58.70,216.00,100%
45.75,3.69,-51.80,190.00,100%
45.78,3.69,-58.70,216.00,100%
45.81,3.65,46.10,184.00,100%
45.84,3.69,-50.80,58.00,100%
45.84,3.69,-50.90,292.00,100%
45.87,3.69,-56.80,220.00,100%
45.90,3.69,-51.20,180.00,100%
45.93,3.67,-11.10,42.00,100%
45.96,3.69,-42.50,158.00,100%
45.96,3.69,-59.70,220.00,100%
45.99,3.69,-50.50,186.00,100%
46.02,3.69,-59.10,220.00,100%
46.05,3.67,61.30,196.00,100%
46.08,3.69,-53.30,52.00,100%
46.08,3.69,-50.50,190.00,100%
46.11,3.69,-59.50,220.00,100%
46.14,3.69,-50.40,186.00,100%
46.17,3.67,-13.20,50.00,100%
46.17,3.69,-43.30,160.00,100%
46.20,3.69,-60.00,220.00,100%
46.23,3.69,-47.90,176.00,100%
46.27,3.69,-59.80,220.00,100%
46.29,3.67,47.40,204.00,100%
46.32,3.69,-53.70,42.00,100%
46.32,3.69,-48.20,118.00,100%
46.35,3.69,-60.10,212.00,100%
46.38,3.69,-49.40,194.00,100%
46.41,3.67,-13.70,50.00,100%
46.47,3.69,-45.50,168.00,100%
46.47,3.69,-59.00,220.00,100%
46.47,3.69,-51.20,190.00,100%
46.50,3.69,-58.60,216.00,100%
46.53,3.67,44.50,164.00,100%
46.56,3.69,-53.00,30.00,100%
46.56,3.69,-48.40,184.00,100%
46.59,3.69,-58.80,190.00,100%
46.62,3.69,-49.20,212.00,100%
46.65,3.67,-12.90,50.00,100%
46.65,3.69,-42.00,184.00,100%
46.68,3.69,-55.00,204.00,100%
46.71,3.69,-55.70,206.00,100%
46.74,3.69,-54.80,204.00,100%
46.78,3.67,40.60,150.00,100%
46.78,3.69,-51.10,190.00,100%
46.80,3.69,-52.70,266.00,100%
46.83,3.69,-56.50,186.00,100%
46.86,3.69,-53.20,222.00,100%
46.89,3.67,82.70,42.00,100%
46.89,3.69,-44.60,190.00,100%
46.92,3.69,-51.10,186.00,100%
46.95,3.69,-59.40,220.00,100%
46.98,3.69,-50.90,186.00,100%
47.01,3.67,37.70,138.00,100%
47.01,3.69,-46.50,170.00,100%
47.04,3.69,-56.90,210.00,100%
47.07,3.69,-51.50,176.00,100%
47.10,3.69,-57.60,226.00,100%
47.13,3.68,90.00,56.00,100%
47.16,3.69,-50.10,194.00,100%
47.16,3.69,-14.10,52.00,100%
47.19,3.69,-60.80,226.00,100%
47.22,3.69,-49.80,184.00,100%
47.25,3.67,35.70,132.00,100%
47.25,3.69,-45.90,170.00,100%
47.28,3.69,-58.90,220.00,100%
47.31,3.69,-49.60,194.00,100%
47.34,3.69,-59.30,216.00,100%
47.37,3.67,94.90,86.00,100%
47.37,3.69,-52.90,186.00,100%
47.40,3.69,62.70,230.00,100%
47.43,3.69,-59.70,220.00,100%
47.46,3.69,-51.20,190.00,100%
47.49,3.67,35.30,132.00,100%
47.49,3.69,-45.50,168.00,100%
47.52,3.69,-59.00,216.00,100%
47.55,3.69,-48.10,210.00,100%
47.58,3.69,-58.60,194.00,100%
47.61,3.67,99.20,108.00,100%
47.61,3.69,-53.50,160.00,100%
47.64,3.69,-46.70,206.00,100%
47.67,3.69,-54.80,204.00,100%
47.70,3.69,-56.90,210.00,100%
47.73,3.68,92.40,340.00,100%
47.73,3.69,-51.30,190.00,100%
47.76,3.69,-55.70,204.00,100%
47.79,3.69,-53.60,220.00,100%
47.82,3.69,-54.90,184.00,100%
47.85,3.67,80.80,134.00,100%
47.85,3.69,-50.30,150.00,100%
47.88,3.69,-51.30,212.00,100%
47.91,3.69,-51.40,190.00,100%
47.94,3.69,-60.00,222.00,100%
47.97,3.67,44.70,164.00,100%
47.97,3.69,-54.50,200.00,100%
48.00,3.69,-50.40,186.00,100%
48.06,3.69,-57.60,212.00,100%
48.06,3.69,-49.70,184.00,100%
48.09,3.67,60.90,158.00,100%
48.09,3.69,-46.40,144.00,100%
48.12,3.69,-56.10,36.00,100%
48.15,3.69,-48.70,180.00,100%
48.18,3.69,-61.00,226.00,100%
48.21,3.67,-22.00,82.00,100%
48.21,3.69,-53.60,196.00,100%
48.24,3.69,-50.20,186.00,100%
48.27,3.69,-59.10,220.00,100%
48.30,3.69,-49.10,194.00,100%
48.33,3.67,69.50,212.00,100%
48.33,3.69,-46.60,164.00,100%
48.36,3.69,-58.10,216.00,100%
48.39,3.69,-49.60,186.00,100%
48.42,3.69,-60.70,222.00,100%
48.45,3.67,45.60,168.00,100%
48.45,3.69,-53.20,196.00,100%
48.48,3.69,-48.70,180.00,100%
48.51,3.69,-59.30,220.00,100%
48.54,3.69,-50.20,204.00,100%
48.57,3.67,67.10,216.00,100%
48.57,3.69,-47.60,168.00,100%
48.60,3.69,-58.40,212.00,100%
48.63,3.69,-50.20,190.00,100%
48.66,3.69,-60.10,222.00,100%
48.69,3.67,-28.00,104.00,100%
48.69,3.69,-52.20,194.00,100%
48.72,3.69,-50.40,184.00,100%
48.75,3.69,-59.80,220.00,100%
48.78,3.69,-49.50,184.00,100%
48.81,3.67,65.30,212.00,100%
48.81,3.69,-46.40,170.00,100%
48.84,3.69,-58.70,138.00,100%
48.87,3.69,-50.10,196.00,100%
48.90,3.69,-58.10,212.00,100%
48.93,3.67,-32.70,122.00,100%
48.93,3.69,-51.30,190.00,100%
48.96,3.69,-51.10,190.00,100%
48.99,3.69,-59.40,220.00,100%
49.02,3.69,-48.50,180.00,100%
49.05,3.67,62.50,204.00,100%
49.05,3.69,-42.50,164.00,100%
49.08,3.69,-59.40,124.00,100%
49.11,3.69,-50.20,200.00,100%
49.14,3.69,-56.90,210.00,100%
49.17,3.67,-38.60,140.00,100%
49.17,3.69,-52.00,194.00,100%
49.23,3.69,57.60,210.00,100%
49.23,3.69,-51.30,190.00,100%
49.26,3.69,-57.90,212.00,100%
49.29,3.69,-50.80,176.00,100%
49.32,3.69,-40.50,36.00,100%
49.32,3.69,-53.70,302.00,100%
49.35,3.69,-55.60,220.00,100%
49.38,3.69,-54.60,176.00,100%
49.41,3.66,-59.60,220.00,100%
49.44,3.69,0.00,0.00,100%
49.44,3.69,71.70,262.00,100%
49.47,3.69,-51.10,190.00,100%
49.50,3.69,-59.00,220.00,100%
49.53,3.69,-50.40,190.00,100%
49.56,3.69,-40.70,40.00,100%
49.56,3.69,-50.40,298.00,100%
49.59,3.69,-58.10,222.00,100%
49.62,3.69,-52.00,176.00,100%
49.65,3.66,-59.80,220.00,100%
49.68,3.69,0.30,0.00,100%
49.68,3.69,70.70,258.00,100%
49.71,3.69,-50.30,186.00,100%
49.74,3.69,-59.80,222.00,100%
49.77,3.64,-46.20,170.00,100%
49.80,3.69,-40.60,40.00,100%
49.80,3.69,-18.50,298.00,100%
49.83,3.69,-58.40,226.00,100%
49.86,3.69,-51.30,176.00,100%
49.89,3.66,-58.90,216.00,100%
49.92,3.69,3.20,14.00,100%
49.92,3.69,1.40,6.00,100%
49.95,3.69,-49.30,184.00,100%
49.98,3.69,-60.10,222.00,100%
50.01,3.69,-51.10,190.00,100%
50.04,3.69,-39.90,148.00,100%
50.04,3.69,-49.30,168.00,100%
50.07,3.69,-58.80,222.00,100%
50.10,3.69,-50.80,184.00,100%
50.13,3.67,-58.90,216.00,100%
50.16,3.69,4.70,16.00,100%
50.16,3.69,69.60,256.00,100%
50.19,3.69,-50.20,186.00,100%
50.22,3.69,-59.20,220.00,100%
50.25,3.69,-51.40,190.00,100%
50.28,3.69,-37.90,138.00,100%
50.28,3.69,-48.80,294.00,100%
50.31,3.69,-57.60,220.00,100%
50.34,3.69,-52.70,184.00,100%
50.37,3.67,-47.10,216.00,100%
50.40,3.69,3.80,14.00,100%
50.40,3.69,70.60,258.00,100%
50.43,3.69,-51.30,190.00,100%
50.46,3.69,-58.80,216.00,100%
50.49,3.65,-47.40,174.00,100%
50.52,3.69,-36.60,134.00,100%
50.52,3.69,-49.90,292.00,100%
50.55,3.69,-56.80,216.00,100%
50.58,3.69,-53.70,186.00,100%
50.61,3.67,-47.90,216.00,100%
50.64,3.69,-44.80,14.00,100%
50.64,3.69,71.70,262.00,100%
50.67,3.69,-51.80,190.00,100%
50.70,3.69,-58.60,216.00,100%
50.73,3.65,-52.20,194.00,100%
50.76,3.69,-34.60,128.00,100%
50.76,3.69,-10.90,40.00,100%
50.79,3.69,-55.60,216.00,100%
50.82,3.69,-54.30,184.00,100%
50.85,3.68,-48.50,220.00,100%
50.88,3.69,-47.30,20.00,100%
50.88,3.69,16.10,58.00,100%
50.91,3.69,-52.30,194.00,100%
50.94,3.69,-58.30,216.00,100%
50.97,3.65,-49.60,184.00,100%
51.00,3.69,-32.30,118.00,100%
51.00,3.69,68.50,250.00,100%
51.03,3.69,-55.00,216.00,100%
51.06,3.69,-53.70,180.00,100%
51.09,3.68,-49.20,220.00,100%
51.09,3.69,-47.70,22.00,100%
51.12,3.69,-51.70,266.00,100%
51.15,3.69,-53.10,196.00,100%
51.18,3.69,-58.90,216.00,100%
51.21,3.65,-50.80,186.00,100%
51.24,3.69,-31.00,114.00,100%
51.24,3.69,-53.00,194.00,100%
51.30,3.69,-54.50,216.00,100%
51.30,3.69,-54.90,184.00,100%
51.33,3.66,42.80,216.00,100%
51.36,3.69,-49.80,16.00,100%
51.36,3.69,-49.70,268.00,100%
51.39,3.69,-51.90,190.00,100%
51.42,3.69,-58.50,216.00,100%
51.45,3.65,-54.00,200.00,100%
51.48,3.69,-28.30,104.00,100%
51.48,3.69,-44.50,164.00,100%
51.51,3.69,-53.40,196.00,100%
51.54,3.69,-56.50,186.00,100%
51.57,3.68,-48.60,216.00,100%
51.60,3.69,-50.40,20.00,100%
51.60,3.69,-48.30,40.00,100%
51.63,3.69,-53.00,196.00,100%
51.66,3.69,-57.00,210.00,100%
51.69,3.65,-56.30,210.00,100%
51.72,3.69,-24.30,88.00,100%
51.72,3.69,36.00,132.00,100%
51.75,3.69,-51.60,190.00,100%
51.78,3.69,-57.00,184.00,100%
51.81,3.68,-47.30,210.00,100%
51.84,3.69,-51.70,14.00,100%
51.84,3.69,-48.10,258.00,100%
51.87,3.69,-55.10,204.00,100%
51.90,3.69,-54.90,204.00,100%
51.93,3.65,-57.90,212.00,100%
51.96,3.69,-20.20,76.00,100%
51.96,3.69,72.30,266.00,100%
51.99,3.69,-49.30,184.00,100%
52.02,3.69,-57.70,194.00,100%
52.05,3.68,-48.80,206.00,100%
52.08,3.69,-52.80,6.00,100%
52.08,3.69,-49.80,286.00,100%
52.11,3.69,-56.60,212.00,100%
52.14,3.69,-51.90,194.00,100%
52.17,3.65,-58.50,216.00,100%
52.20,3.69,-17.80,66.00,100%
52.20,3.69,-60.20,220.00,100%
52.23,3.69,-50.60,186.00,100%
52.26,3.69,-58.10,212.00,100%
52.29,3.68,-52.50,194.00,100%
52.32,3.69,-51.60,0.00,100%
52.32,3.69,-51.10,122.00,100%
52.35,3.69,-53.30,216.00,100%
52.38,3.69,-50.90,186.00,100%
52.41,3.64,-58.10,216.00,100%
52.44,3.69,-18.00,66.00,100%
52.44,3.69,3.10,10.00,100%
52.47,3.69,-52.70,194.00,100%
52.50,3.69,-55.00,204.00,100%
52.53,3.65,1.50,190.00,100%
52.56,3.69,-46.20,0.00,100%
52.56,3.69,-57.00,190.00,100%
52.59,3.69,-50.00,212.00,100%
52.62,3.69,-50.60,186.00,100%
52.65,3.64,-56.40,210.00,100%
52.68,3.69,-20.10,76.00,100%
52.68,3.69,75.50,276.00,100%
52.71,3.69,-56.10,206.00,100%
52.74,3.69,-53.30,196.00,100%
52.77,3.69,-59.00,194.00,100%
52.80,3.68,-43.90,10.00,100%
52.80,3.69,-59.80,288.00,100%
52.83,3.69,-48.40,210.00,100%
52.86,3.69,-57.40,196.00,100%
52.89,3.64,-55.10,204.00,100%
52.92,3.69,-20.80,76.00,100%
52.92,3.69,-52.70,194.00,100%
52.95,3.69,-58.60,216.00,100%
52.98,3.69,-51.20,190.00,100%
53.01,3.69,-59.00,190.00,100%
53.04,3.69,-40.00,26.00,100%
53.04,3.69,-60.60,276.00,100%
53.07,3.69,-49.40,200.00,100%
53.10,3.69,-57.20,206.00,100%
53.13,3.64,-52.90,196.00,100%
53.16,3.69,-19.30,72.00,100%
53.16,3.69,-18.80,68.00,100%
53.19,3.69,-59.90,222.00,100%
53.22,3.69,-48.10,176.00,100%
53.25,3.69,-58.10,200.00,100%
53.28,3.69,-41.50,50.00,100%
53.28,3.69,13.60,266.00,100%
53.31,3.69,-50.20,186.00,100%
53.34,3.69,-56.40,216.00,100%
53.37,3.65,-49.80,184.00,100%
53.40,3.69,-17.10,62.00,100%
53.40,3.69,56.10,206.00,100%
53.43,3.69,-59.10,220.00,100%
53.46,3.69,-50.30,186.00,100%
53.49,3.68,-56.20,212.00,100%
53.52,3.69,-44.00,62.00,100%
53.52,3.69,-55.20,262.00,100%
53.55,3.69,-56.50,190.00,100%
53.58,3.69,-52.30,216.00,100%
53.61,3.65,-51.20,190.00,100%
53.64,3.69,-13.40,50.00,100%
53.64,3.69,-53.60,196.00,100%
53.67,3.69,-55.90,206.00,100%
53.70,3.69,-56.80,210.00,100%
53.73,3.69,-51.90,212.00,100%
53.76,3.69,-50.40,52.00,100%
53.76,3.69,-49.50,272.00,100%
53.79,3.69,-60.50,196.00,100%
53.82,3.69,-47.50,206.00,100%
53.85,3.65,-55.20,204.00,100%
53.88,3.69,-9.20,32.00,100%
53.88,3.69,-58.10,212.00,100%
53.91,3.69,-52.10,194.00,100%
53.94,3.69,-59.40,220.00,100%
53.97,3.69,-48.70,210.00,100%
54.00,3.69,-51.50,52.00,100%
54.00,3.69,-6.90,276.00,100%
54.03,3.69,-59.80,206.00,100%
54.06,3.69,-50.00,200.00,100%
54.09,3.66,-57.30,212.00,100%
54.12,3.69,-6.30,22.00,100%
54.12,3.69,14.70,52.00,100%
54.15,3.69,-50.20,186.00,100%
54.18,3.69,-59.10,220.00,100%
54.21,3.69,-47.80,210.00,100%
54.24,3.69,-52.20,194.00,100%
54.24,3.69,-49.30,180.00,100%
54.27,3.69,-58.50,210.00,100%
54.30,3.69,-52.10,200.00,100%
54.33,3.66,-58.50,216.00,100%
54.36,3.69,-3.50,14.00,100%
54.36,3.69,71.30,258.00,100%
54.39,3.69,-49.20,180.00,100%
54.42,3.69,-59.00,220.00,100%
54.45,3.66,-19.80,72.00,100%
54.48,3.69,-51.10,186.00,100%
54.48,3.69,-50.70,186.00,100%
54.51,3.69,-56.80,210.00,100%
54.54,3.69,-51.50,194.00,100%
54.57,3.67,-40.40,216.00,100%
54.60,3.69,-45.90,6.00,100%
54.60,3.69,72.00,262.00,100%
54.66,3.69,-51.80,190.00,100%
54.66,3.69,-58.20,216.00,100%
54.69,3.66,-27.40,102.00,100%
54.72,3.69,-49.90,184.00,100%
54.72,3.69,-50.90,186.00,100%
54.75,3.69,-54.90,216.00,100%
54.78,3.69,-54.40,184.00,100%
54.81,3.66,-41.50,216.00,100%
54.84,3.69,-50.00,4.00,100%
54.84,3.69,-50.40,104.00,100%
54.87,3.69,-50.90,186.00,100%
54.90,3.69,-57.70,212.00,100%
54.93,3.65,-32.90,122.00,100%
54.96,3.69,-47.10,174.00,100%
54.96,3.69,18.40,68.00,100%
54.99,3.69,-52.70,216.00,100%
55.02,3.69,-57.30,190.00,100%
55.05,3.67,-40.40,212.00,100%
55.08,3.69,-52.80,0.00,100%
55.08,3.69,-47.00,176.00,100%
55.11,3.69,-55.30,204.00,100%
55.14,3.69,-55.40,204.00,100%
55.17,3.65,-57.50,212.00,100%
55.20,3.69,-43.90,160.00,100%
55.20,3.69,-58.90,216.00,100%
55.23,3.69,-48.60,180.00,100%
55.26,3.69,-57.90,200.00,100%
55.29,3.67,-41.30,204.00,100%
55.32,3.69,-51.80,0.00,100%
55.32,3.69,-49.10,294.00,100%
55.35,3.69,-58.90,216.00,100%
55.38,3.69,-49.60,184.00,100%
55.41,3.65,-59.80,220.00,100%
55.44,3.69,-41.20,150.00,100%
55.44,3.69,-58.60,216.00,100%
55.47,3.69,-50.10,186.00,100%
55.50,3.69,-55.70,216.00,100%
55.53,3.66,62.50,180.00,100%
55.53,3.69,-48.10,0.00,100%
55.56,3.69,-56.20,186.00,100%
55.59,3.69,-50.10,216.00,100%
55.62,3.69,-52.20,194.00,100%
55.65,3.65,-57.20,212.00,100%
55.68,3.69,-42.30,154.00,100%
55.68,3.69,-35.90,132.00,100%
55.71,3.69,-57.40,212.00,100%
55.74,3.69,-50.70,216.00,100%
55.77,3.67,-52.20,190.00,100%
55.80,3.69,-43.40,0.00,100%
55.80,3.69,-58.00,6.00,100%
55.83,3.69,-48.50,204.00,100%
55.86,3.69,-56.80,210.00,100%
55.89,3.65,-52.00,194.00,100%
55.92,3.69,-44.00,160.00,100%
55.92,3.69,53.20,194.00,100%
55.95,3.69,-59.10,220.00,100%
55.98,3.69,-48.70,180.00,100%
56.01,3.67,-54.10,210.00,100%
56.04,3.68,-43.60,0.00,100%
56.04,3.69,-58.10,268.00,100%
56.07,3.69,-50.10,186.00,100%
56.10,3.69,-59.30,220.00,100%
56.13,3.64,-48.30,176.00,100%
56.16,3.69,-42.40,158.00,100%
56.16,3.69,-50.60,186.00,100%
56.19,3.69,-58.90,216.00,100%
56.22,3.69,-51.50,190.00,100%
56.25,3.68,-54.00,222.00,100%
56.28,3.69,-43.20,14.00,100%
56.28,3.69,-57.90,258.00,100%
56.31,3.69,-52.80,180.00,100%
56.34,3.69,-53.10,220.00,100%
56.37,3.65,-47.20,174.00,100%
56.40,3.69,-40.00,148.00,100%
56.40,3.69,-51.60,186.00,100%
56.43,3.69,-59.20,220.00,100%
56.46,3.69,-51.10,190.00,100%
56.49,3.64,25.80,226.00,100%
56.52,3.69,-43.80,20.00,100%
56.52,3.69,-56.50,112.00,100%
56.55,3.69,-54.80,184.00,100%
56.58,3.69,-52.60,216.00,100%
56.61,3.64,-52.20,194.00,100%
56.61,3.69,-35.80,132.00,100%
56.64,3.69,31.60,114.00,100%
56.67,3.69,-58.00,212.00,100%
56.70,3.69,-52.80,196.00,100%
56.73,3.68,-50.60,216.00,100%
56.76,3.69,-44.90,30.00,100%
56.76,3.69,-53.90,194.00,100%
56.79,3.69,-56.80,186.00,100%
56.82,3.69,-51.60,216.00,100%
56.86,3.64,-53.10,196.00,100%
56.88,3.69,-32.80,122.00,100%
56.88,3.69,-52.20,194.00,100%
56.91,3.69,-56.50,210.00,100%
56.94,3.69,-54.70,204.00,100%
56.97,3.67,-50.30,212.00,100%
57.00,3.69,-48.70,26.00,100%
57.00,3.69,-50.30,268.00,100%
57.03,3.69,-60.10,194.00,100%
57.06,3.69,-48.30,210.00,100%
57.09,3.65,-54.80,204.00,100%
57.12,3.69,-25.80,96.00,100%
57.12,3.69,-58.20,212.00,100%
57.15,3.69,-50.80,186.00,100%
57.18,3.69,-59.90,222.00,100%
57.21,3.67,-47.90,212.00,100%
57.24,3.69,-51.00,14.00,100%
57.24,3.69,-48.80,286.00,100%
57.27,3.69,-59.60,220.00,100%
57.30,3.69,-50.80,186.00,100%
57.33,3.65,-59.30,220.00,100%
57.33,3.69,-20.40,76.00,100%
57.36,3.69,-25.40,92.00,100%
57.39,3.69,-52.10,194.00,100%
57.42,3.69,-58.30,216.00,100%
57.45,3.67,-52.10,194.00,100%
57.48,3.69,-48.60,180.00,100%
57.48,3.69,-55.60,76.00,100%
57.51,3.69,-51.80,216.00,100%
57.54,3.69,-59.80,194.00,100%
57.57,3.66,113.30,206.00,100%
57.60,3.69,-51.70,78.00,100%
57.60,3.69,67.80,250.00,100%
57.63,3.69,-60.00,222.00,100%
57.66,3.69,-48.70,180.00,100%
57.69,3.66,-59.70,220.00,100%
57.72,3.69,-43.70,160.00,100%
57.72,3.69,-58.10,212.00,100%
57.75,3.69,-50.40,180.00,100%
57.78,3.69,-56.40,222.00,100%
57.81,3.66,-12.20,186.00,100%
57.84,3.69,-45.90,72.00,100%
57.84,3.69,-51.70,190.00,100%
57.87,3.69,-57.20,212.00,100%
57.90,3.69,-56.10,206.00,100%
57.93,3.66,-52.80,194.00,100%
57.96,3.69,-51.80,190.00,100%
57.96,3.69,-48.30,176.00,100%
57.99,3.69,-57.40,204.00,100%
58.02,3.69,-51.10,196.00,100%
58.05,3.66,-17.20,216.00,100%
58.08,3.69,-46.40,36.00,100%
58.08,3.69,-53.30,160.00,100%
58.11,3.69,-52.20,194.00,100%
58.14,3.69,-59.40,220.00,100%
58.17,3.66,-52.70,194.00,100%
58.20,3.69,-49.90,184.00,100%
58.20,3.69,-56.50,210.00,100%
58.23,3.69,-51.40,190.00,100%
58.26,3.69,-57.30,186.00,100%
58.29,3.66,-15.30,206.00,100%
58.32,3.69,-52.40,40.00,100%
58.32,3.69,-50.20,160.00,100%
58.35,3.69,-58.60,216.00,100%
58.38,3.69,-50.30,186.00,100%
58.41,3.65,-58.60,216.00,100%
58.44,3.69,-43.80,160.00,100%
58.44,3.69,-58.50,216.00,100%
58.47,3.69,-50.80,186.00,100%
58.50,3.69,-54.70,212.00,100%
58.53,3.67,-29.30,194.00,100%
58.56,3.69,-48.20,36.00,100%
58.56,3.69,-57.10,298.00,100%
58.59,3.69,-47.90,210.00,100%
58.62,3.69,-54.60,204.00,100%
58.65,3.65,-53.20,196.00,100%
58.65,3.69,-48.90,180.00,100%
58.68,3.69,-51.90,190.00,100%
58.71,3.69,-59.00,220.00,100%
58.74,3.69,-47.10,206.00,100%
58.77,3.67,-37.90,206.00,100%
58.80,3.69,-47.00,22.00,100%
58.80,3.69,-56.90,210.00,100%
58.83,3.69,-49.30,184.00,100%
58.86,3.69,-59.20,220.00,100%
58.92,3.64,-50.20,186.00,100%
58.92,3.69,-50.20,184.00,100%
58.92,3.69,-26.30,96.00,100%
58.95,3.69,-57.50,212.00,100%
58.98,3.69,-51.70,190.00,100%
59.01,3.66,-38.70,216.00,100%
59.04,3.69,-49.30,10.00,100%
59.04,3.69,-52.40,32.00,100%
59.07,3.69,-57.50,186.00,100%
59.10,3.69,-57.30,212.00,100%
59.13,3.64,-53.80,200.00,100%
59.16,3.69,-48.30,176.00,100%
59.16,3.69,-56.10,206.00,100%
59.19,3.69,-52.40,194.00,100%
59.22,3.69,-49.80,184.00,100%
59.25,3.69,-56.50,220.00,100%
59.28,3.69,-0.60,104.00,100%
59.28,3.68,76.40,266.00,100%
59.31,3.69,-56.80,190.00,100%
59.34,3.69,-51.70,216.00,100%
59.37,3.69,-49.80,184.00,100%
59.40,3.68,11.70,42.00,100%
59.40,3.69,77.00,282.00,100%
59.43,3.69,-54.40,200.00,100%
59.46,3.69,-56.10,206.00,100%
59.49,3.70,-52.10,194.00,100%
59.52,3.69,-2.00,88.00,100%
59.52,3.66,82.30,204.00,100%
59.55,3.69,-60.10,200.00,100%
59.58,3.69,-46.70,204.00,100%
59.61,3.70,-54.10,200.00,100%
59.64,3.68,19.90,72.00,100%
59.64,3.69,72.40,266.00,100%
59.67,3.69,-50.80,186.00,100%
59.70,3.69,-59.20,220.00,100%
59.73,3.70,-48.70,180.00,100%
59.73,3.69,-1.30,4.00,100%
59.76,3.69,-18.40,282.00,100%
59.79,3.69,-58.90,212.00,100%
59.82,3.69,-51.40,194.00,100%
59.85,3.69,-56.20,212.00,100%
59.85,3.69,24.90,92.00,100%
59.88,3.69,70.70,258.00,100%
59.91,3.69,-49.10,180.00,100%
59.94,3.69,-58.70,216.00,100%
59.97,3.67,-50.40,186.00,100%
60.00,3.69,-1.10,4.00,100%
60.00,3.69,61.00,294.00,100%
60.03,3.69,-54.90,216.00,100%
60.06,3.69,-55.30,186.00,100%
60.09,3.69,-52.40,216.00,100%
60.15,3.69,-40.70,88.00,100%
60.15,3.69,72.70,266.00,100%
60.15,3.69,-52.70,194.00,100%
60.18,3.69,-55.00,204.00,100%
60.21,3.68,-55.10,204.00,100%
60.24,3.69,0.00,0.00,100%
60.24,3.67,73.60,268.00,100%
60.27,3.69,-48.10,210.00,100%
60.30,3.69,-59.20,194.00,100%
60.33,3.69,-47.10,204.00,100%
60.36,3.69,-39.70,62.00,100%
60.36,3.69,-48.60,286.00,100%
60.39,3.69,-58.80,216.00,100%
60.42,3.69,-50.30,186.00,100%
60.45,3.65,-58.60,216.00,100%
60.48,3.69,4.00,14.00,100%
60.48,3.69,72.00,262.00,100%
60.51,3.69,-49.90,190.00,100%
60.54,3.69,-56.70,212.00,100%
60.60,3.69,-50.40,176.00,100%
60.60,3.69,-33.60,46.00,100%
60.60,3.69,-12.80,298.00,100%
60.63,3.69,-58.70,216.00,100%
60.66,3.69,-50.10,186.00,100%
60.69,3.65,-56.80,210.00,100%
60.72,3.69,2.10,6.00,100%
60.72,3.69,19.20,68.00,100%
60.75,3.69,-55.80,206.00,100%
60.78,3.69,-49.60,210.00,100%
60.81,3.70,-58.70,190.00,100%
60.84,3.69,-25.40,68.00,100%
60.84,3.69,61.00,286.00,100%
60.87,3.69,-53.40,196.00,100%
60.90,3.69,-58.30,216.00,100%
60.93,3.64,-49.70,184.00,100%
60.96,3.69,0.10,0.00,100%
60.96,3.69,82.30,302.00,100%
60.99,3.69,-58.70,216.00,100%
61.02,3.69,-48.70,196.00,100%
61.05,3.69,-59.80,220.00,100%
61.08,3.69,-26.50,92.00,100%
61.08,3.69,-56.30,266.00,100%
61.11,3.69,-51.30,176.00,100%
61.14,3.69,-59.80,220.00,100%
61.17,3.68,-49.90,184.00,100%
61.20,3.69,16.60,62.00,100%
61.20,3.69,78.80,288.00,100%
61.23,3.69,-56.00,206.00,100%
61.26,3.69,-53.90,200.00,100%
61.29,3.69,-54.00,220.00,100%
61.32,3.68,2.00,92.00,100%
61.32,3.65,81.90,52.00,100%
61.35,3.69,-57.50,194.00,100%
61.38,3.69,-54.70,204.00,100%
61.41,3.68,-56.90,210.00,100%
61.44,3.69,24.60,92.00,100%
61.44,3.69,71.60,262.00,100%
61.47,3.69,-47.70,176.00,100%
61.50,3.69,-58.10,216.00,100%
61.53,3.69,-50.70,186.00,100%
61.53,3.68,4.90,56.00,100%
61.56,3.69,18.90,302.00,100%
61.59,3.69,-53.40,216.00,100%
61.62,3.69,-55.00,186.00,100%
61.65,3.68,-58.50,216.00,100%
61.68,3.69,24.40,88.00,100%
61.68,3.69,76.30,278.00,100%
61.71,3.69,-57.00,210.00,100%
61.74,3.69,-50.90,186.00,100%
61.77,3.70,-56.80,186.00,100%
61.80,3.68,17.30,68.00,100%
61.80,3.69,70.60,268.00,100%
61.83,3.69,-49.80,190.00,100%
61.86,3.69,-55.50,212.00,100%
61.89,3.68,-49.30,184.00,100%
61.92,3.69,16.50,58.00,100%
61.92,3.67,80.40,294.00,100%
61.95,3.69,-58.60,216.00,100%
61.98,3.69,-51.80,190.00,100%
62.01,3.69,-53.20,212.00,100%
62.04,3.67,7.00,92.00,100%
62.04,3.65,80.10,158.00,100%
62.07,3.69,-58.50,194.00,100%
62.10,3.69,-49.10,200.00,100%
62.13,3.68,-57.60,212.00,100%
62.16,3.69,24.10,88.00,100%
62.16,3.69,71.60,262.00,100%
62.19,3.69,-49.90,184.00,100%
62.22,3.69,-57.90,212.00,100%
62.25,3.70,-51.80,190.00,100%
62.28,3.67,18.00,66.00,100%
62.28,3.66,74.50,108.00,100%
62.31,3.69,-50.30,216.00,100%
62.34,3.69,-58.00,200.00,100%
62.37,3.68,-51.50,190.00,100%
62.40,3.69,14.50,52.00,100%
62.40,3.69,79.70,292.00,100%
62.43,3.69,-57.20,212.00,100%
62.46,3.69,-51.90,190.00,100%
62.49,3.70,-55.70,206.00,100%
62.52,3.67,10.10,92.00,100%
62.52,3.69,81.90,272.00,100%
62.55,3.69,-59.50,200.00,100%
62.58,3.69,-49.40,196.00,100%
62.61,3.69,-56.20,212.00,100%
62.64,3.69,24.70,92.00,100%
62.64,3.67,70.40,258.00,100%
62.67,3.69,-51.10,190.00,100%
62.70,3.69,-56.50,210.00,100%
62.73,3.70,-54.00,200.00,100%
62.76,3.67,23.70,88.00,100%
62.76,3.66,73.40,226.00,100%
62.79,3.69,-46.70,204.00,100%
62.82,3.69,-59.40,212.00,100%
62.85,3.69,-49.60,184.00,100%
62.88,3.69,17.20,62.00,100%
62.88,3.69,80.20,292.00,100%
62.91,3.69,-58.70,216.00,100%
62.94,3.69,-51.60,190.00,100%
62.97,3.67,-53.50,196.00,100%
63.00,3.67,10.10,36.00,100%
63.00,3.65,83.00,304.00,100%
63.03,3.69,-56.80,204.00,100%
63.06,3.69,-50.80,194.00,100%
63.09,3.69,-54.50,212.00,100%
63.09,3.69,0.20,96.00,100%
63.12,3.69,73.70,268.00,100%
63.15,3.69,-54.70,204.00,100%
63.18,3.69,-52.20,194.00,100%
63.21,3.70,-58.70,216.00,100%
63.24,3.69,24.80,92.00,100%
63.24,3.65,73.00,268.00,100%
63.27,3.69,-49.70,176.00,100%
63.30,3.69,-53.50,216.00,100%
63.33,3.71,-56.30,186.00,100%
63.36,3.68,2.10,72.00,100%
63.36,3.67,74.10,282.00,100%
63.39,3.69,-52.10,194.00,100%
63.42,3.69,-59.70,220.00,100%
63.45,3.69,-49.20,180.00,100%
63.48,3.69,13.70,50.00,100%
63.48,3.69,78.70,288.00,100%
63.51,3.69,-53.00,196.00,100%
63.54,3.69,-56.30,180.00,100%
63.57,3.69,-48.90,212.00,100%
63.60,3.69,-0.10,72.00,100%
63.60,3.69,-49.20,298.00,100%
63.63,3.69,-58.60,216.00,100%
63.66,3.69,-52.10,194.00,100%
63.69,3.64,-56.40,210.00,100%
63.72,3.69,15.20,56.00,100%
63.72,3.69,78.50,288.00,100%
63.75,3.69,-58.50,216.00,100%
63.78,3.69,-46.30,200.00,100%
63.81,3.69,-58.30,210.00,100%
63.84,3.68,2.40,96.00,100%
63.84,3.69,14.90,266.00,100%
63.87,3.69,-54.50,186.00,100%
63.90,3.69,-58.80,216.00,100%
63.93,3.70,-53.00,196.00,100%
63.96,3.69,20.20,76.00,100%
63.96,3.69,72.40,266.00,100%
63.99,3.69,-49.10,180.00,100%
64.02,3.69,-57.70,200.00,100%
64.05,3.69,-48.40,190.00,100%
64.08,3.68,0.00,66.00,100%
64.08,3.69,80.20,304.00,100%
64.11,3.69,-51.40,210.00,100%
64.14,3.69,-50.40,186.00,100%
64.17,3.70,-58.70,216.00,100%
64.20,3.69,20.50,76.00,100%
64.20,3.69,75.60,276.00,100%
64.23,3.69,-57.00,210.00,100%
64.26,3.69,-49.30,184.00,100%
64.29,3.69,-56.80,190.00,100%
64.32,3.68,6.80,72.00,100%
64.32,3.66,72.80,168.00,100%
64.35,3.69,-50.20,180.00,100%
64.38,3.69,-53.40,216.00,100%
64.41,3.70,-51.70,190.00,100%
64.41,3.68,18.40,68.00,100%
64.44,3.69,78.70,288.00,100%
64.47,3.69,-53.70,200.00,100%
64.50,3.69,-56.70,210.00,100%
64.53,3.68,-48.40,210.00,100%
64.56,3.68,0.00,76.00,100%
64.56,3.69,-13.10,278.00,100%
64.59,3.69,-56.10,210.00,100%
64.62,3.69,-49.70,174.00,100%
64.65,3.69,-58.40,216.00,100%
64.68,3.69,22.30,82.00,100%
64.68,3.69,74.70,272.00,100%
64.71,3.69,-55.30,204.00,100%
64.74,3.69,-52.30,194.00,100%
64.80,3.70,-57.90,212.00,100%
64.80,3.68,12.80,78.00,100%
64.80,3.69,60.40,268.00,100%
64.83,3.69,-49.30,184.00,100%
64.86,3.69,-54.30,216.00,100%
64.89,3.70,-50.00,184.00,100%
64.92,3.69,16.80,62.00,100%
64.92,3.68,77.70,286.00,100%
64.95,3.69,-53.30,196.00,100%
64.98,3.69,-58.00,212.00,100%
65.01,3.68,-48.20,176.00,100%
65.04,3.68,2.40,78.00,100%
65.04,3.67,80.30,288.00,100%
65.07,3.69,-58.00,220.00,100%
65.10,3.69,-52.10,174.00,100%
65.13,3.69,-51.20,212.00,100%
65.16,3.69,23.90,88.00,100%
65.16,3.69,73.50,268.00,100%
65.19,3.69,-54.80,204.00,100%
65.22,3.69,-52.00,194.00,100%
65.25,3.68,-58.30,216.00,100%
65.28,3.68,15.10,78.00,100%
65.28,3.65,74.30,4.00,100%
65.31,3.69,-51.00,190.00,100%
65.34,3.69,-54.60,212.00,100%
65.37,3.69,-54.70,180.00,100%
65.40,3.69,16.70,62.00,100%
65.40,3.69,77.00,282.00,100%
65.43,3.69,-53.60,196.00,100%
65.46,3.69,-57.90,212.00,100%
65.49,3.69,-48.60,180.00,100%
65.52,3.68,1.90,76.00,100%
65.52,3.69,43.30,288.00,100%
65.55,3.69,-56.80,216.00,100%
65.58,3.69,-53.70,176.00,100%
65.61,3.69,-51.90,216.00,100%
65.64,3.69,25.60,96.00,100%
65.64,3.69,73.80,272.00,100%
65.67,3.69,-56.50,210.00,100%
65.70,3.69,-50.90,186.00,100%
65.73,3.69,-59.20,220.00,100%
65.76,3.67,15.20,56.00,100%
65.76,3.68,73.20,268.00,100%
65.79,3.69,-48.70,180.00,100%
65.82,3.69,-56.40,222.00,100%
65.85,3.69,-54.80,184.00,100%
65.88,3.69,-10.40,66.00,100%
65.88,3.69,79.90,292.00,100%
65.91,3.69,-56.40,210.00,100%
65.94,3.69,-56.10,206.00,100%
65.97,3.70,-51.00,190.00,100%
66.00,3.69,1.20,4.00,100%
66.00,3.65,80.80,294.00,100%
66.03,3.69,-55.70,210.00,100%
66.06,3.69,-51.20,184.00,100%
66.09,3.69,-55.30,216.00,100%
66.12,3.69,-8.70,88.00,100%
66.12,3.69,-38.80,268.00,100%
66.15,3.69,-53.20,196.00,100%
66.18,3.69,-55.30,204.00,100%
66.21,3.69,-56.40,210.00,100%
66.24,3.69,17.00,62.00,100%
66.24,3.69,72.10,262.00,100%
66.27,3.69,-49.50,200.00,100%
66.30,3.69,-57.20,206.00,100%
66.33,3.69,-50.80,194.00,100%
66.33,3.69,-4.80,62.00,100%
66.36,3.69,39.20,302.00,100%
66.39,3.69,-58.90,220.00,100%
66.42,3.69,-52.90,196.00,100%
66.45,3.69,-55.90,206.00,100%
66.48,3.69,9.50,36.00,100%
66.48,3.69,73.10,268.00,100%
66.51,3.69,-57.60,212.00,100%
66.54,3.69,-47.40,206.00,100%
66.57,3.69,-59.90,206.00,100%
66.60,3.69,-1.70,86.00,100%
66.60,3.68,73.70,268.00,100%
66.63,3.69,-48.30,176.00,100%
66.66,3.69,-60.20,222.00,100%
66.69,3.70,-50.20,186.00,100%
66.72,3.69,6.90,26.00,100%
66.72,3.69,78.80,288.00,100%
66.75,3.68,-54.60,204.00,100%
66.78,3.69,-55.00,186.00,100%
66.81,3.69,-50.90,216.00,100%
66.84,3.69,-4.10,88.00,100%
66.84,3.69,-48.80,278.00,100%
66.87,3.69,-56.50,206.00,100%
66.90,3.69,-52.10,194.00,100%
66.93,3.70,-59.40,220.00,100%
66.96,3.69,20.60,76.00,100%
66.96,3.69,71.10,258.00,100%
66.99,3.69,-50.60,186.00,100%
67.02,3.69,-56.80,210.00,100%
67.05,3.69,-51.40,174.00,100%
67.08,3.69,-2.00,58.00,100%
67.08,3.69,-15.50,294.00,100%
67.11,3.69,-49.10,210.00,100%
67.17,3.69,-52.10,194.00,100%
67.17,3.65,-55.80,206.00,100%
67.17,3.69,10.00,36.00,100%
67.20,3.69,79.80,292.00,100%
67.24,3.69,-58.70,216.00,100%
67.26,3.69,-49.90,184.00,100%
67.29,3.69,-56.80,206.00,100%
67.32,3.69,0.10,82.00,100%
67.32,3.69,64.90,262.00,100%
67.35,3.69,-53.60,176.00,100%
67.38,3.69,-51.50,216.00,100%
67.41,3.70,-53.30,196.00,100%
67.44,3.69,15.10,56.00,100%
67.44,3.69,77.20,282.00,100%
67.47,3.69,-54.00,200.00,100%
67.50,3.69,-57.70,212.00,100%
67.53,3.69,-48.20,210.00,100%
67.56,3.69,-1.20,78.00,100%
67.56,3.67,79.30,262.00,100%
67.59,3.69,-57.10,206.00,100%
67.62,3.69,-48.60,186.00,100%
67.65,3.69,-60.30,222.00,100%
67.68,3.69,25.50,96.00,100%
67.68,3.69,73.00,266.00,100%
67.71,3.69,-52.60,194.00,100%
67.74,3.69,-57.60,212.00,100%
67.77,3.69,-52.30,180.00,100%
67.80,3.69,-0.10,62.00,100%
67.80,3.69,-46.50,288.00,100%
67.83,3.69,-51.20,216.00,100%
67.86,3.69,-57.90,190.00,100%
67.89,3.69,-56.40,210.00,100%
67.92,3.69,14.60,52.00,100%
67.92,3.69,77.80,286.00,100%
67.95,3.69,-58.60,216.00,100%
67.98,3.69,-49.70,184.00,100%
68.01,3.70,-59.10,220.00,100%
68.04,3.68,3.20,82.00,100%
68.04,3.69,36.70,268.00,100%
68.10,3.69,-52.20,190.00,100%
68.10,3.69,-55.00,216.00,100%
68.13,3.67,-50.10,184.00,100%
68.16,3.69,14.40,52.00,100%
68.16,3.69,78.90,288.00,100%
68.19,3.69,-55.60,206.00,100%
68.22,3.69,-57.00,210.00,100%
68.25,3.70,-52.10,194.00,100%
68.28,3.69,0.00,88.00,100%
68.28,3.67,84.20,278.00,100%
68.31,3.69,-59.90,210.00,100%
68.34,3.69,-49.80,194.00,100%
68.37,3.69,-56.10,212.00,100%
68.40,3.69,25.20,92.00,100%
68.40,3.69,70.80,258.00,100%
68.43,3.69,-50.40,186.00,100%
68.46,3.69,-58.80,216.00,100%
68.49,3.68,-51.60,190.00,100%
68.52,3.68,0.20,0.00,100%
68.52,3.65,77.20,86.00,100%
68.55,3.69,-52.00,216.00,100%
68.58,3.69,-59.20,190.00,100%
68.61,3.70,-47.50,206.00,100%
68.64,3.69,17.60,66.00,100%
68.64,3.69,76.60,278.00,100%
68.67,3.69,-59.10,220.00,100%
68.70,3.69,-50.00,184.00,100%
68.73,3.68,-59.20,220.00,100%
68.76,3.69,6.90,26.00,100%
68.76,3.69,26.30,96.00,100%
68.79,3.69,-50.40,186.00,100%
68.82,3.69,-58.80,226.00,100%
68.85,3.70,-52.70,176.00,100%
68.88,3.68,-27.80,52.00,100%
68.88,3.69,80.10,294.00,100%
68.91,3.69,-59.80,220.00,100%
68.94,3.69,-50.70,186.00,100%
68.97,3.68,-56.40,210.00,100%
68.97,3.69,1.30,4.00,100%
69.00,3.67,78.40,286.00,100%
69.03,3.69,-56.60,186.00,100%
69.06,3.69,-50.10,216.00,100%
69.09,3.70,-58.30,194.00,100%
69.12,3.69,-21.70,78.00,100%
69.12,3.69,-57.10,272.00,100%
69.15,3.69,-53.00,196.00,100%
69.18,3.69,-59.40,220.00,100%
69.21,3.68,-49.20,180.00,100%
69.24,3.68,18.60,68.00,100%
69.24,3.65,13.30,50.00,100%
69.27,3.69,-57.80,212.00,100%
69.30,3.69,-48.50,210.00,100%
69.33,3.69,-58.60,194.00,100%
69.36,3.67,25.80,76.00,100%
69.36,3.65,72.60,88.00,100%
69.39,3.69,-49.30,194.00,100%
69.42,3.69,-59.50,220.00,100%
69.45,3.69,-50.50,186.00,100%
69.48,3.68,15.20,56.00,100%
69.48,3.69,82.30,302.00,100%
69.51,3.69,-59.00,220.00,100%
69.57,3.69,-50.80,186.00,100%
69.57,3.69,-56.30,212.00,100%
69.60,3.67,22.10,96.00,100%
69.60,3.66,76.30,194.00,100%
69.63,3.69,-54.40,184.00,100%
69.66,3.69,-58.90,220.00,100%
69.69,3.69,-53.20,196.00,100%
69.72,3.68,18.10,66.00,100%
69.72,3.68,77.00,282.00,100%
69.75,3.69,-54.80,204.00,100%
69.78,3.69,-56.90,210.00,100%
69.81,3.69,-49.20,210.00,100%
69.84,3.67,14.60,82.00,100%
69.84,3.67,82.50,276.00,100%
69.87,3.69,-58.40,206.00,100%
69.90,3.69,-49.70,190.00,100%
69.93,3.69,-60.20,222.00,100%
69.96,3.68,27.60,102.00,100%
69.96,3.65,49.00,180.00,100%
69.99,3.69,-52.10,194.00,100%
70.02,3.69,-58.00,212.00,100%
70.05,3.69,-51.70,180.00,100%
70.08,3.67,18.90,66.00,100%
70.08,3.65,72.90,76.00,100%
70.11,3.69,-49.80,212.00,100%
70.14,3.69,-57.30,190.00,100%
70.17,3.69,-55.50,206.00,100%
70.20,3.68,19.20,68.00,100%
70.20,3.69,80.70,294.00,100%
70.23,3.69,-60.10,222.00,100%
70.26,3.69,-50.90,186.00,100%
70.29,3.69,-58.50,216.00,100%
70.32,3.67,23.00,92.00,100%
70.32,3.65,73.30,190.00,100%
70.35,3.69,-53.10,176.00,100%
70.38,3.69,-53.70,216.00,100%
70.41,3.69,-51.20,190.00,100%
70.44,3.68,16.60,62.00,100%
70.47,3.69,77.60,286.00,100%
70.47,3.69,-54.80,204.00,100%
70.50,3.69,-58.10,212.00,100%
70.53,3.70,-50.70,186.00,100%
70.56,3.67,16.80,96.00,100%
70.56,3.66,81.50,176.00,100%
70.59,3.69,-60.10,216.00,100%
70.62,3.69,-50.20,190.00,100%
70.65,3.69,-55.70,216.00,100%
70.71,3.67,26.10,96.00,100%
70.71,3.67,70.90,262.00,100%
70.71,3.69,-50.20,186.00,100%
70.74,3.69,-58.90,216.00,100%
70.77,3.69,-52.80,196.00,100%
70.80,3.67,21.70,72.00,100%
70.80,3.66,59.10,160.00,100%
70.83,3.69,-52.80,222.00,100%
70.86,3.69,-58.50,190.00,100%
70.89,3.69,-47.90,210.00,100%
70.92,3.67,18.70,68.00,100%
70.92,3.65,23.10,86.00,100%
70.95,3.69,-58.50,216.00,100%
70.98,3.69,-50.10,186.00,100%
71.01,3.69,-59.70,220.00,100%
71.04,3.67,24.60,92.00,100%
71.04,3.65,74.10,40.00,100%
71.07,3.69,-50.60,186.00,100%
71.10,3.69,-57.60,222.00,100%
71.16,3.69,-54.20,176.00,100%
71.16,3.67,23.90,68.00,100%
71.16,3.66,-40.00,148.00,100%
71.19,3.69,-58.60,216.00,100%
71.22,3.69,-53.40,196.00,100%
71.25,3.69,-55.40,204.00,100%
71.28,3.67,18.00,66.00,100%
71.28,3.65,80.60,294.00,100%
71.31,3.69,-57.60,190.00,100%
71.34,3.69,-49.50,212.00,100%
71.37,3.69,-58.10,206.00,100%
71.40,3.67,24.90,92.00,100%
71.40,3.66,-52.40,194.00,100%
71.43,3.69,-50.50,186.00,100%
71.49,3.69,-58.90,216.00,100%
71.49,3.69,-51.50,190.00,100%
71.52,3.67,15.70,58.00,100%
71.52,3.65,81.10,298.00,100%
71.55,3.69,-54.80,212.00,100%
71.59,3.69,-54.70,180.00,100%
71.61,3.69,-53.30,220.00,100%
71.64,3.67,18.00,104.00,100%
71.64,3.66,82.90,250.00,100%
71.67,3.69,-55.00,204.00,100%
71.70,3.69,-55.30,204.00,100%
71.73,3.69,-57.50,212.00,100%
71.76,3.67,23.80,88.00,100%
71.76,3.65,29.00,108.00,100%
71.79,3.69,-47.50,206.00,100%
71.82,3.69,-57.60,206.00,100%
71.85,3.69,-52.40,196.00,100%
71.88,3.67,18.00,72.00,100%
71.88,3.65,80.00,42.00,100%
71.91,3.69,-59.30,220.00,100%
71.94,3.69,-52.10,194.00,100%
71.97,3.69,-57.70,212.00,100%
72.00,3.67,23.30,86.00,100%
72.00,3.65,-44.70,164.00,100%
72.03,3.69,-54.70,204.00,100%
72.06,3.69,-51.50,212.00,100%
72.09,3.69,-58.50,186.00,100%
72.12,3.67,26.30,78.00,100%
72.12,3.66,72.80,174.00,100%
72.21,3.69,-53.80,200.00,100%
72.21,3.69,-59.30,220.00,100%
72.21,3.69,-49.60,184.00,100%
72.24,3.67,16.10,58.00,100%
72.24,3.69,80.20,294.00,100%
72.27,3.69,-58.10,216.00,100%
72.34,3.69,-51.00,180.00,100%
72.34,3.69,-53.60,216.00,100%
72.36,3.67,16.90,96.00,100%
72.36,3.66,81.90,186.00,100%
72.39,3.69,-57.40,200.00,100%
72.42,3.69,-53.30,196.00,100%
72.45,3.69,-60.00,222.00,100%
72.48,3.67,26.10,96.00,100%
72.48,3.66,40.60,150.00,100%
72.52,3.69,-50.90,186.00,100%
72.54,3.69,-55.40,204.00,100%
72.57,3.69,-55.10,184.00,100%
72.60,3.66,22.90,66.00,100%
72.60,3.66,-9.00,170.00,100%
72.63,3.69,-48.90,200.00,100%
72.66,3.69,-58.00,212.00,100%
72.69,3.69,-50.90,186.00,100%
72.72,3.67,16.40,58.00,100%
72.72,3.66,-37.80,140.00,100%
72.75,3.69,-58.00,212.00,100%
72.78,3.69,-52.60,194.00,100%
72.81,3.69,-53.20,216.00,100%
72.84,3.67,17.60,96.00,100%
72.84,3.66,80.40,196.00,100%
72.87,3.69,-58.80,196.00,100%
72.90,3.69,-48.60,200.00,100%
72.93,3.69,-59.80,220.00,100%
72.96,3.67,23.60,86.00,100%
72.96,3.69,72.50,266.00,100%
72.99,3.69,-51.50,190.00,100%
73.02,3.69,-58.30,216.00,100%
73.05,3.69,-51.40,190.00,100%
73.08,3.67,21.60,72.00,100%
73.08,3.66,73.40,170.00,100%
73.11,3.69,-50.00,212.00,100%
73.14,3.69,-57.80,194.00,100%
73.17,3.69,-55.30,204.00,100%
73.20,3.67,15.20,56.00,100%
73.20,3.67,72.90,268.00,100%
73.23,3.69,-60.20,222.00,100%
73.26,3.69,-50.70,186.00,100%
73.29,3.69,-58.20,216.00,100%
73.32,3.67,25.10,104.00,100%
73.32,3.66,30.60,196.00,100%
73.35,3.69,-56.70,186.00,100%
73.38,3.69,-50.40,212.00,100%
73.41,3.69,-57.60,194.00,100%
73.44,3.67,19.00,68.00,100%
73.44,3.65,-3.20,14.00,100%
73.47,3.69,-50.90,186.00,100%
73.50,3.69,-59.80,220.00,100%
73.53,3.70,-51.10,190.00,100%
73.56,3.67,17.00,68.00,100%
73.56,3.66,-36.00,158.00,100%
73.59,3.69,-57.30,222.00,100%
73.62,3.69,-54.70,184.00,100%
73.65,3.69,-51.00,212.00,100%
73.71,3.67,25.30,92.00,100%
73.71,3.66,-53.10,196.00,100%
73.71,3.69,-54.70,204.00,100%
73.74,3.69,-53.90,200.00,100%
73.77,3.69,-58.80,216.00,100%
73.80,3.66,26.80,98.00,100%
73.80,3.66,73.90,176.00,100%
73.83,3.69,-52.70,200.00,100%
73.86,3.69,-57.10,216.00,100%
73.89,3.69,-52.20,176.00,100%
73.92,3.67,18.70,68.00,100%
73.92,3.66,-46.80,174.00,100%
73.95,3.69,-57.70,212.00,100%
73.98,3.69,-53.40,196.00,100%
74.01,3.69,-54.20,200.00,100%
74.04,3.66,17.80,66.00,100%
74.04,3.66,82.00,186.00,100%
74.07,3.69,-58.80,196.00,100%
74.10,3.69,-51.00,204.00,100%
74.13,3.69,-58.10,212.00,100%
74.16,3.67,26.10,102.00,100%
74.16,3.65,39.30,144.00,100%
74.19,3.69,-51.50,190.00,100%
74.22,3.69,-58.40,216.00,100%
74.25,3.69,-51.60,190.00,100%
74.28,3.67,19.00,68.00,100%
74.28,3.66,-3.60,14.00,100%
74.31,3.69,-51.60,212.00,100%
74.34,3.69,-59.30,196.00,100%
74.37,3.69,-48.20,206.00,100%
74.40,3.67,17.30,88.00,100%
74.40,3.65,-39.90,148.00,100%
74.43,3.69,-59.40,220.00,100%
74.46,3.69,-49.40,184.00,100%
74.49,3.69,-60.10,222.00,100%
74.52,3.67,24.60,92.00,100%
74.52,3.65,73.20,268.00,100%
74.55,3.69,-49.50,180.00,100%
74.58,3.69,-56.10,222.00,100%
74.61,3.69,-55.50,186.00,100%
74.64,3.67,23.90,72.00,100%
74.64,3.66,74.30,164.00,100%
74.67,3.69,-58.00,212.00,100%
74.70,3.69,-55.90,206.00,100%
74.73,3.69,-52.70,196.00,100%
74.76,3.67,16.30,58.00,100%
74.76,3.68,82.30,304.00,100%
74.79,3.69,-58.00,204.00,100%
74.82,3.69,-49.90,196.00,100%
74.85,3.69,-59.20,220.00,100%
74.88,3.67,25.00,104.00,100%
74.88,3.66,77.00,240.00,100%
74.91,3.69,-51.60,190.00,100%
74.94,3.69,-60.40,222.00,100%
74.97,3.69,-49.90,184.00,100%
75.00,3.67,17.20,62.00,100%
75.00,3.65,28.80,104.00,100%
75.03,3.69,-53.40,196.00,100%
75.06,3.69,-56.40,190.00,100%
75.09,3.69,-50.60,220.00,100%
75.12,3.67,17.20,88.00,100%
75.12,3.64,81.90,0.00,100%
75.15,3.69,-58.10,216.00,100%
75.18,3.69,-51.50,190.00,100%
75.21,3.69,-58.70,216.00,100%
75.24,3.67,23.60,86.00,100%
75.24,3.66,-45.40,168.00,100%
75.27,3.69,-50.00,184.00,100%
75.30,3.69,-54.80,212.00,100%
75.33,3.69,-54.50,180.00,100%
75.36,3.67,21.50,68.00,100%
75.36,3.66,74.10,158.00,100%
75.39,3.69,-48.00,210.00,100%
75.42,3.69,-55.00,204.00,100%
75.45,3.69,-55.60,206.00,100%
75.48,3.67,17.70,66.00,100%
75.48,3.69,79.80,292.00,100%
75.51,3.69,-59.20,220.00,100%
75.54,3.69,-48.10,204.00,100%
75.57,3.69,-57.50,206.00,100%
75.60,3.67,21.70,88.00,100%
75.60,3.66,75.00,190.00,100%
75.63,3.69,-51.60,176.00,100%
75.66,3.69,-59.10,220.00,100%
75.69,3.69,-52.50,194.00,100%
75.72,3.67,18.00,66.00,100%
75.72,3.66,63.90,236.00,100%
75.75,3.69,-55.50,206.00,100%
75.78,3.69,-56.20,206.00,100%
75.81,3.69,-50.10,212.00,100%
75.84,3.67,15.40,96.00,100%
75.84,3.65,83.30,96.00,100%
75.87,3.69,-58.00,204.00,100%
75.90,3.69,-52.40,194.00,100%
75.93,3.69,-59.50,220.00,100%
75.96,3.67,24.80,92.00,100%
75.96,3.65,-27.50,102.00,100%
76.02,3.69,-50.30,186.00,100%
76.02,3.69,-58.70,216.00,100%
76.05,3.69,-49.80,186.00,100%
76.08,3.67,18.20,66.00,100%
76.08,3.66,76.70,160.00,100%
76.11,3.69,-53.30,220.00,100%
76.14,3.69,-56.20,190.00,100%
76.17,3.69,-59.10,220.00,100%
76.20,3.67,22.20,82.00,100%
76.20,3.69,76.40,282.00,100%
76.23,3.69,-57.70,212.00,100%
76.26,3.69,-51.30,190.00,100%
76.29,3.69,-58.30,190.00,100%
76.32,3.67,27.90,82.00,100%
76.32,3.66,71.20,190.00,100%
76.35,3.69,-50.30,190.00,100%
76.38,3.69,-56.40,216.00,100%
76.41,3.69,-48.80,180.00,100%
76.44,3.67,14.30,52.00,100%
76.44,3.67,79.70,294.00,100%
76.48,3.69,-59.90,222.00,100%
76.50,3.69,-51.70,190.00,100%
76.53,3.69,-56.10,206.00,100%
76.56,3.67,20.80,102.00,100%
76.56,3.65,78.20,170.00,100%
76.59,3.69,-58.00,184.00,100%
76.62,3.69,-48.00,210.00,100%
76.65,3.69,-54.50,200.00,100%
76.68,3.67,19.50,72.00,100%
76.68,3.65,8.50,32.00,100%
76.71,3.69,-50.80,186.00,100%
76.74,3.69,-59.40,220.00,100%
76.77,3.69,-49.80,184.00,100%
76.80,3.66,17.70,78.00,100%
76.80,3.65,82.00,50.00,100%
76.83,3.69,-58.00,220.00,100%
76.86,3.69,-52.60,176.00,100%
76.89,3.69,-53.20,216.00,100%
76.92,3.67,22.90,86.00,100%
76.92,3.65,-51.40,190.00,100%
76.95,3.69,-51.30,190.00,100%
76.98,3.69,-57.10,210.00,100%
77.01,3.69,-55.00,204.00,100%
77.04,3.67,23.30,76.00,100%
77.04,3.66,74.50,160.00,100%
77.07,3.69,-50.90,220.00,100%
77.10,3.69,-57.90,194.00,100%
77.13,3.69,-48.90,204.00,100%
77.16,3.67,17.50,66.00,100%
77.16,3.69,78.00,288.00,100%
77.19,3.69,-58.00,212.00,100%
77.22,3.69,-49.80,184.00,100%
77.25,3.69,-58.90,220.00,100%
77.28,3.67,25.10,88.00,100%
77.28,3.66,73.60,184.00,100%
77.31,3.69,-50.80,194.00,100%
77.34,3.69,-56.00,216.00,100%
77.37,3.69,-52.70,176.00,100%
77.40,3.67,15.50,56.00,100%
77.40,3.66,62.60,232.00,100%
77.43,3.69,-58.10,216.00,100%
77.46,3.69,-51.20,190.00,100%
77.49,3.69,-56.60,210.00,100%
77.52,3.66,21.40,78.00,100%
77.52,3.65,78.90,86.00,100%
77.55,3.69,-57.20,194.00,100%
77.58,3.69,-50.80,212.00,100%
77.61,3.69,-58.20,190.00,100%
77.64,3.67,19.60,72.00,100%
77.64,3.65,-22.00,82.00,100%
77.67,3.69,-53.40,196.00,100%
77.70,3.69,-58.10,216.00,100%
77.73,3.69,-50.20,186.00,100%
77.76,3.68,25.20,92.00,100%
77.76,3.65,-46.40,170.00,100%
77.79,3.69,-54.60,180.00,100%
77.82,3.69,-51.90,220.00,100%
77.85,3.69,-58.90,186.00,100%
77.88,3.67,26.10,66.00,100%
77.88,3.66,73.70,170.00,100%
77.91,3.69,-56.20,206.00,100%
77.94,3.69,-56.90,210.00,100%
77.97,3.69,-51.40,190.00,100%
78.00,3.67,19.80,72.00,100%
78.00,3.66,-42.70,158.00,100%
78.03,3.69,-57.90,196.00,100%
78.06,3.69,-48.70,196.00,100%
78.09,3.69,-59.50,216.00,100%
78.12,3.67,26.70,88.00,100%
78.12,3.66,74.90,194.00,100%
78.15,3.69,-49.40,184.00,100%
78.18,3.69,-60.20,222.00,100%
78.21,3.69,-50.10,186.00,100%
78.24,3.67,19.00,68.00,100%
78.24,3.66,-44.50,164.00,100%
78.27,3.69,-55.80,206.00,100%
78.30,3.69,-53.40,184.00,100%
78.33,3.69,-54.70,222.00,100%
78.36,3.67,18.90,92.00,100%
78.36,3.66,12.80,186.00,100%
78.39,3.69,-52.20,194.00,100%
78.42,3.69,-57.40,212.00,100%
78.45,3.69,-54.60,204.00,100%
78.48,3.67,23.40,86.00,100%
78.48,3.65,-32.50,122.00,100%
78.51,3.69,-49.90,184.00,100%
78.54,3.69,-56.90,190.00,100%
78.57,3.69,-49.40,210.00,100%
78.60,3.67,17.40,76.00,100%
78.60,3.67,-44.00,170.00,100%
78.63,3.69,-57.70,212.00,100%
78.66,3.69,-51.40,190.00,100%
78.69,3.69,-58.40,216.00,100%
78.72,3.67,29.20,108.00,100%
78.72,3.66,-52.60,194.00,100%
78.75,3.69,-50.50,186.00,100%
78.78,3.69,-56.40,210.00,100%
78.81,3.69,-51.00,190.00,100%
78.84,3.67,18.40,58.00,100%
78.84,3.66,78.60,150.00,100%
78.87,3.69,-58.70,216.00,100%
78.90,3.69,-51.50,190.00,100%
78.93,3.69,-58.10,216.00,100%
78.96,3.67,27.60,102.00,100%
78.96,3.67,65.00,240.00,100%
78.99,3.69,-52.80,194.00,100%
79.02,3.69,-53.70,216.00,100%
79.05,3.69,-55.50,186.00,100%
79.08,3.67,22.20,58.00,100%
79.08,3.66,15.40,168.00,100%
79.11,3.69,-48.70,212.00,100%
79.14,3.69,-54.00,200.00,100%
79.17,3.69,-56.40,210.00,100%
79.20,3.67,22.30,82.00,100%
79.20,3.65,-18.70,68.00,100%
79.23,3.69,-52.10,194.00,100%
79.26,3.69,-58.00,212.00,100%
79.29,3.69,-50.90,180.00,100%
79.32,3.67,18.80,278.00,100%
79.32,3.66,-45.90,168.00,100%
79.35,3.69,-52.50,216.00,100%
79.38,3.69,-56.60,190.00,100%
79.41,3.69,-59.40,220.00,100%
79.44,3.67,18.10,66.00,100%
79.44,3.67,-49.30,184.00,100%
79.47,3.69,-55.80,206.00,100%
79.50,3.69,-53.20,196.00,100%
79.53,3.69,-56.90,180.00,100%
79.56,3.67,25.60,292.00,100%
79.56,3.68,-53.70,174.00,100%
79.59,3.69,-48.80,204.00,100%
79.62,3.69,-56.90,204.00,100%
79.65,3.69,-54.40,200.00,100%
79.68,3.67,11.70,42.00,100%
79.68,3.69,-43.60,160.00,100%
79.71,3.69,-59.60,220.00,100%
79.74,3.70,-47.50,176.00,100%
79.77,3.69,-57.70,206.00,100%
79.80,3.67,24.30,312.00,100%
79.80,3.70,-53.30,196.00,100%
79.83,3.69,-50.30,184.00,100%
79.86,3.69,-54.80,216.00,100%
79.89,3.69,-50.30,186.00,100%
79.92,3.67,9.90,36.00,100%
79.92,3.66,-44.70,164.00,100%
79.95,3.69,-58.70,216.00,100%
79.98,3.69,-51.70,190.00,100%
80.01,3.69,-55.10,220.00,100%
80.04,3.67,20.60,302.00,100%
80.04,3.69,-48.10,200.00,100%
80.07,3.69,-56.90,190.00,100%
80.10,3.69,-48.10,212.00,100%
80.13,3.69,-53.90,200.00,100%
80.16,3.67,14.10,52.00,100%
80.16,3.66,-49.90,184.00,100%
80.19,3.69,-53.10,196.00,100%
80.22,3.69,-58.60,216.00,100%
80.25,3.69,-48.00,210.00,100%
80.28,3.67,17.50,288.00,100%
80.28,3.69,-45.50,184.00,100%
80.31,3.69,-57.30,210.00,100%
80.34,3.69,-48.50,186.00,100%
80.37,3.69,-59.60,220.00,100%
80.40,3.67,20.00,72.00,100%
80.40,3.67,-52.40,194.00,100%
80.43,3.69,-51.60,190.00,100%
80.46,3.69,-57.50,212.00,100%
80.49,3.69,-52.00,194.00,100%
80.52,3.67,21.40,276.00,100%
80.52,3.68,-51.00,170.00,100%
80.55,3.69,-50.90,212.00,100%
80.58,3.69,-56.80,184.00,100%
80.61,3.69,-57.30,212.00,100%
80.64,3.67,14.80,52.00,100%
80.64,3.69,-47.00,174.00,100%
80.67,3.69,-58.90,216.00,100%
80.70,3.69,-50.60,186.00,100%
80.73,3.69,-58.70,216.00,100%
80.76,3.67,26.40,294.00,100%
80.76,3.70,-53.60,194.00,100%
80.79,3.69,-51.00,190.00,100%
80.82,3.69,-55.80,216.00,100%
80.85,3.69,-48.20,176.00,100%
80.88,3.67,10.10,36.00,100%
80.88,3.66,-44.30,164.00,100%
80.91,3.69,-58.80,216.00,100%
80.94,3.69,-53.20,196.00,100%
80.97,3.69,-54.40,200.00,100%
81.00,3.67,19.70,298.00,100%
81.00,3.69,-45.40,196.00,100%
81.03,3.69,-58.10,190.00,100%
81.06,3.69,-47.60,204.00,100%
81.09,3.69,-56.80,210.00,100%
81.12,3.67,17.90,66.00,100%
81.12,3.66,-51.50,190.00,100%
81.15,3.69,-50.30,186.00,100%
81.18,3.69,-58.80,216.00,100%
81.21,3.69,-51.20,190.00,100%
81.24,3.67,19.10,276.00,100%
81.24,3.69,-47.50,160.00,100%
81.27,3.69,-53.50,216.00,100%
81.30,3.69,-56.30,186.00,100%
81.33,3.69,-57.30,212.00,100%
81.36,3.67,15.70,56.00,100%
81.36,3.67,-46.70,174.00,100%
81.39,3.69,-58.80,216.00,100%
81.42,3.69,-49.70,184.00,100%
81.45,3.69,-58.80,216.00,100%
81.48,3.67,26.20,298.00,100%
81.48,3.68,-52.40,196.00,100%
81.51,3.69,-50.80,180.00,100%
81.54,3.69,-53.90,216.00,100%
81.57,3.69,-50.50,186.00,100%
81.60,3.67,11.20,40.00,100%
81.60,3.69,-45.20,168.00,100%
81.63,3.69,-56.10,206.00,100%
81.66,3.69,-57.30,212.00,100%
81.69,3.69,-50.10,186.00,100%
81.72,3.67,18.00,304.00,100%
81.72,3.70,-44.40,184.00,100%
81.75,3.69,-58.10,212.00,100%
81.78,3.69,-49.70,186.00,100%
81.81,3.69,-59.30,220.00,100%
81.84,3.67,20.40,76.00,100%
81.84,3.66,-52.00,194.00,100%
81.87,3.69,-51.00,190.00,100%
81.90,3.69,-56.50,210.00,100%
81.93,3.69,-54.60,204.00,100%
81.96,3.67,23.90,286.00,100%
81.96,3.69,-52.20,164.00,100%
81.99,3.69,-48.60,210.00,100%
82.02,3.69,-58.40,204.00,100%
82.05,3.69,-53.00,196.00,100%
82.08,3.67,10.40,40.00,100%
82.08,3.66,-42.90,158.00,100%
82.11,3.69,-60.20,222.00,100%
82.14,3.69,-51.20,190.00,100%
82.17,3.69,-58.30,216.00,100%
82.20,3.67,25.10,308.00,100%
82.20,3.66,-46.50,196.00,100%
82.23,3.69,-55.40,186.00,100%
82.26,3.69,-51.70,216.00,100%
82.29,3.69,-50.80,186.00,100%
82.32,3.67,11.80,42.00,100%
82.32,3.67,-48.20,176.00,100%
82.35,3.69,-53.90,200.00,100%
82.38,3.69,-58.30,216.00,100%
82.41,3.69,-49.10,180.00,100%
82.44,3.67,18.10,312.00,100%
82.44,3.68,-44.00,180.00,100%
82.47,3.69,-58.40,212.00,100%
82.50,3.69,-49.50,184.00,100%
82.53,3.69,-58.70,216.00,100%
82.56,3.67,19.70,72.00,100%
82.56,3.70,-52.40,194.00,100%
82.59,3.69,-50.20,186.00,100%
82.62,3.69,-57.10,210.00,100%
82.65,3.69,-53.60,196.00,100%
82.68,3.67,22.60,292.00,100%
82.68,3.70,-50.60,170.00,100%
82.71,3.69,-50.10,212.00,100%
82.74,3.69,-58.20,194.00,100%
82.77,3.69,-54.40,200.00,100%
82.80,3.67,12.10,42.00,100%
82.80,3.70,-44.90,168.00,100%
82.83,3.69,-59.40,220.00,100%
82.86,3.69,-48.90,180.00,100%
82.89,3.69,-58.70,216.00,100%
82.92,3.67,25.70,318.00,100%
82.92,3.69,-51.30,194.00,100%
82.95,3.69,-51.90,180.00,100%
82.98,3.69,-53.90,216.00,100%
83.01,3.69,-50.20,186.00,100%
83.04,3.67,11.00,40.00,100%
83.04,3.66,-45.80,170.00,100%
83.07,3.69,-55.60,206.00,100%
83.10,3.69,-57.00,210.00,100%
83.13,3.69,-50.60,186.00,100%
83.16,3.67,17.60,294.00,100%
83.16,3.69,-43.60,180.00,100%
83.19,3.69,-58.60,212.00,100%
83.22,3.69,-49.50,186.00,100%
83.25,3.69,-59.10,220.00,100%
83.28,3.67,19.20,68.00,100%
83.28,3.66,-52.80,196.00,100%
83.31,3.69,-50.90,186.00,100%
83.34,3.69,-56.30,210.00,100%
83.37,3.69,-55.00,204.00,100%
83.40,3.67,24.00,276.00,100%
83.40,3.68,-51.50,164.00,100%
83.43,3.69,-48.40,206.00,100%
83.46,3.69,-58.30,204.00,100%
83.49,3.69,-52.80,196.00,100%
83.52,3.67,10.30,36.00,100%
83.52,3.68,-42.90,158.00,100%
83.55,3.69,-59.80,220.00,100%
83.58,3.69,-50.90,186.00,100%
83.61,3.69,-57.40,212.00,100%
83.64,3.67,25.10,308.00,100%
83.64,3.69,-49.20,196.00,100%
83.67,3.69,-56.10,186.00,100%
83.70,3.69,-50.90,216.00,100%
83.73,3.69,-50.80,186.00,100%
83.76,3.67,11.90,42.00,100%
83.76,3.66,-49.50,184.00,100%
83.79,3.69,-52.60,194.00,100%
83.82,3.69,-58.70,216.00,100%
83.85,3.69,-48.40,180.00,100%
83.88,3.67,18.10,276.00,100%
83.88,3.69,-44.70,170.00,100%
83.91,3.69,-57.20,216.00,100%
83.94,3.69,-51.70,176.00,100%
83.97,3.69,-59.00,220.00,100%
84.00,3.67,17.40,62.00,100%
84.00,3.66,-51.70,190.00,100%
84.03,3.69,-53.90,200.00,100%
84.06,3.69,-54.60,204.00,100%
84.09,3.69,-57.10,210.00,100%
84.12,3.67,26.00,268.00,100%
84.12,3.66,2.10,170.00,100%
84.15,3.69,-50.10,200.00,100%
84.18,3.69,-57.60,212.00,100%
84.21,3.69,-49.70,184.00,100%
84.24,3.67,9.70,36.00,100%
84.24,3.66,-43.70,160.00,100%
84.27,3.69,-59.60,220.00,100%
84.30,3.69,-51.20,190.00,100%
84.33,3.69,-55.80,206.00,100%
84.36,3.67,20.90,288.00,100%
84.36,3.66,-42.60,196.00,100%
84.39,3.69,-58.40,186.00,100%
84.42,3.69,-47.50,206.00,100%
84.45,3.69,-55.30,204.00,100%
84.48,3.67,17.00,62.00,100%
84.48,3.67,-51.70,190.00,100%
84.51,3.69,-49.10,180.00,100%
84.54,3.69,-58.90,216.00,100%
84.57,3.69,-51.20,190.00,100%
84.60,3.67,19.10,256.00,100%
84.60,3.67,-46.00,160.00,100%
84.63,3.69,-54.20,216.00,100%
84.66,3.69,-55.30,186.00,100%
84.69,3.69,-58.00,212.00,100%
84.72,3.67,17.30,62.00,100%
84.72,3.69,-48.10,176.00,100%
84.75,3.69,-57.30,212.00,100%
84.78,3.69,-51.70,190.00,100%
84.81,3.69,-58.50,216.00,100%
84.84,3.67,28.10,256.00,100%
84.84,3.70,-52.90,186.00,100%
84.87,3.69,-50.20,190.00,100%
84.90,3.69,-56.50,216.00,100%
84.93,3.69,-48.30,176.00,100%
84.96,3.67,9.80,36.00,100%
84.96,3.66,-43.30,160.00,100%
84.99,3.69,-58.90,216.00,100%
85.02,3.69,-52.30,194.00,100%
85.05,3.69,-54.80,204.00,100%
85.08,3.67,20.10,268.00,100%
85.08,3.69,-46.20,200.00,100%
85.11,3.69,-57.40,186.00,100%
85.15,3.69,-46.40,206.00,100%
85.17,3.69,-55.50,206.00,100%
85.20,3.67,17.50,66.00,100%
85.20,3.66,-51.00,190.00,100%
85.23,3.69,-49.90,184.00,100%
85.26,3.69,-59.30,220.00,100%
85.29,3.69,-50.20,186.00,100%
85.32,3.67,18.30,220.00,100%
85.32,3.69,-46.10,170.00,100%
85.35,3.69,-55.10,216.00,100%
85.38,3.69,-54.10,186.00,100%
85.41,3.69,-59.20,220.00,100%
85.44,3.67,20.30,76.00,100%
85.44,3.66,-49.40,184.00,100%
85.47,3.69,-56.10,206.00,100%
85.50,3.69,-53.20,196.00,100%
85.53,3.69,-57.20,184.00,100%
85.56,3.67,26.40,212.00,100%
85.56,3.67,-54.10,180.00,100%
85.59,3.69,-49.60,200.00,100%
85.62,3.69,-57.00,212.00,100%
85.65,3.69,-51.70,190.00,100%
85.68,3.67,13.80,50.00,100%
85.68,3.68,-40.60,150.00,100%
85.71,3.69,-59.30,220.00,100%
85.74,3.69,-49.50,184.00,100%
85.77,3.69,-56.20,216.00,100%
85.80,3.67,21.80,222.00,100%
85.80,3.69,-49.10,200.00,100%
85.83,3.69,-56.70,190.00,100%
85.86,3.69,-48.60,212.00,100%
85.89,3.69,-53.90,200.00,100%
85.92,3.66,18.80,68.00,100%
85.92,3.66,-49.90,184.00,100%
85.95,3.69,-50.80,186.00,100%
85.98,3.69,-58.70,216.00,100%
86.01,3.69,-48.60,200.00,100%
86.04,3.67,16.10,158.00,100%
86.04,3.70,-43.60,168.00,100%
86.07,3.69,-56.50,216.00,100%
86.10,3.69,-47.80,176.00,100%
86.13,3.69,-60.00,222.00,100%
86.16,3.67,23.30,86.00,100%
86.16,3.70,-50.50,186.00,100%
86.19,3.69,-53.30,196.00,100%
86.22,3.69,-54.00,200.00,100%
86.25,3.69,-55.90,186.00,100%
86.28,3.67,24.60,132.00,100%
86.28,3.69,-52.10,170.00,100%
86.31,3.69,-49.40,200.00,100%
86.34,3.69,-57.30,212.00,100%
86.37,3.69,-52.00,194.00,100%
86.40,3.67,16.80,62.00,100%
86.40,3.69,-41.80,154.00,100%
86.43,3.69,-58.90,216.00,100%
86.46,3.69,-49.30,184.00,100%
86.49,3.69,-55.90,216.00,100%
86.52,3.67,20.90,148.00,100%
86.52,3.69,-46.70,190.00,100%
86.55,3.69,-55.90,186.00,100%
86.58,3.69,-57.70,212.00,100%
86.61,3.69,-53.80,200.00,100%
86.64,3.67,21.50,78.00,100%
86.64,3.66,-50.80,186.00,100%
86.67,3.69,-51.30,190.00,100%
86.70,3.69,-58.40,216.00,100%
86.73,3.69,-48.30,204.00,100%
86.76,3.67,15.00,98.00,100%
86.76,3.69,-43.40,164.00,100%
86.79,3.69,-55.70,216.00,100%
86.82,3.69,-48.80,180.00,100%
86.85,3.69,-60.20,222.00,100%
86.88,3.67,24.10,88.00,100%
86.88,3.67,-52.70,194.00,100%
86.91,3.69,-52.70,194.00,100%
86.94,3.69,-53.90,216.00,100%
86.97,3.69,-55.80,186.00,100%
87.00,3.67,23.40,72.00,100%
87.00,3.67,-51.60,164.00,100%
87.03,3.69,-47.00,204.00,100%
87.06,3.69,-57.30,212.00,100%
87.09,3.69,-52.60,194.00,100%
87.12,3.67,16.50,58.00,100%
87.12,3.68,-41.80,154.00,100%
87.15,3.69,-58.70,216.00,100%
87.18,3.69,-49.90,190.00,100%
87.21,3.69,-57.20,220.00,100%
87.24,3.67,22.00,92.00,100%
87.24,3.68,-47.60,194.00,100%
87.27,3.69,-55.50,186.00,100%
87.30,3.69,-59.30,220.00,100%
87.33,3.69,-52.10,194.00,100%
87.36,3.67,20.40,76.00,100%
87.36,3.70,-49.40,184.00,100%
87.39,3.69,-50.80,186.00,100%
87.42,3.69,-56.70,184.00,100%
87.45,3.69,-48.70,210.00,100%
87.48,3.67,16.50,50.00,100%
87.48,3.69,-44.00,168.00,100%
87.51,3.69,-58.50,216.00,100%
87.54,3.69,-50.10,186.00,100%
87.57,3.69,-58.50,216.00,100%
87.60,3.67,23.50,86.00,100%
87.60,3.70,-51.90,194.00,100%
87.63,3.69,-51.50,190.00,100%
87.66,3.69,-54.20,212.00,100%
87.69,3.69,-56.40,194.00,100%
87.72,3.67,22.90,22.00,100%
87.72,3.69,-50.80,160.00,100%
87.75,3.69,-56.90,210.00,100%
87.78,3.69,-55.80,206.00,100%
87.81,3.69,-53.10,196.00,100%
87.84,3.67,15.60,56.00,100%
87.84,3.67,-43.50,160.00,100%
87.87,3.69,-58.80,216.00,100%
87.90,3.69,-49.00,196.00,100%
87.93,3.69,-59.70,220.00,100%
87.96,3.67,25.80,56.00,100%
87.96,3.69,-48.10,190.00,100%
87.99,3.69,-50.30,186.00,100%
88.02,3.69,-59.80,222.00,100%
88.08,3.69,-51.70,190.00,100%
88.08,3.67,17.70,66.00,100%
88.08,3.67,-47.50,176.00,100%
88.11,3.69,-52.10,216.00,100%
88.14,3.69,-57.50,184.00,100%
88.17,3.69,-50.10,212.00,100%
88.20,3.67,17.40,50.00,100%
88.20,3.68,-42.20,170.00,100%
88.23,3.69,-59.90,222.00,100%
88.26,3.69,-49.40,184.00,100%
88.29,3.69,-59.00,220.00,100%
88.32,3.67,24.30,88.00,100%
88.32,3.70,-51.60,190.00,100%
88.35,3.69,-51.30,176.00,100%
88.38,3.68,-53.90,220.00,100%
88.41,3.69,-57.70,190.00,100%
88.44,3.67,26.50,46.00,100%
88.44,3.69,-46.90,174.00,100%
88.47,3.69,-51.60,190.00,100%
88.50,3.69,-58.00,212.00,100%
88.53,3.69,-52.20,194.00,100%
88.56,3.67,23.20,86.00,100%
88.56,3.70,-48.80,160.00,100%
88.59,3.69,-50.50,216.00,100%
88.62,3.69,-59.10,200.00,100%
88.65,3.69,-49.20,200.00,100%
88.68,3.67,17.60,66.00,100%
88.68,3.66,-44.80,164.00,100%
88.71,3.69,-59.00,220.00,100%
88.74,3.69,-51.40,190.00,100%
88.77,3.69,-58.60,216.00,100%
88.80,3.67,27.20,98.00,100%
88.80,3.66,34.80,190.00,100%
88.83,3.69,-56.90,190.00,100%
88.86,3.69,-51.00,212.00,100%
88.89,3.69,-57.90,190.00,100%
88.92,3.67,20.30,76.00,100%
88.92,3.66,-51.10,190.00,100%
88.95,3.69,-50.40,186.00,100%
88.98,3.69,-60.20,222.00,100%
89.01,3.69,-50.50,186.00,100%
89.04,3.67,19.00,68.00,100%
89.04,3.66,-15.50,160.00,100%
89.07,3.69,-57.60,222.00,100%
89.10,3.69,-54.20,180.00,100%
89.13,3.69,-50.80,216.00,100%
89.16,3.67,24.10,88.00,100%
89.16,3.65,-45.10,168.00,100%
89.19,3.69,-55.20,204.00,100%
89.22,3.69,-53.00,196.00,100%
89.25,3.69,-51.70,190.00,100%
89.28,3.67,18.00,66.00,100%
89.28,3.69,-48.90,160.00,100%
89.31,3.69,-50.80,216.00,100%
89.34,3.69,-59.40,194.00,100%
89.37,3.69,-47.10,204.00,100%
89.40,3.67,17.90,46.00,100%
89.40,3.67,-45.40,168.00,100%
89.43,3.69,-59.40,220.00,100%
89.46,3.69,-50.80,186.00,100%
89.52,3.69,-58.40,216.00,100%
89.52,3.67,23.70,88.00,100%
89.55,3.69,-47.10,186.00,100%
89.55,3.69,-56.90,190.00,100%
89.58,3.69,-50.80,212.00,100%
89.61,3.69,-58.20,194.00,100%
89.64,3.67,15.80,58.00,100%
89.64,3.70,-52.50,194.00,100%
89.67,3.69,-49.20,180.00,100%
89.70,3.69,-59.70,220.00,100%
89.73,3.69,-50.80,186.00,100%
89.76,3.67,15.60,240.00,100%
89.76,3.70,-43.80,150.00,100%
89.79,3.69,-55.50,222.00,100%
89.85,3.69,-56.50,186.00,100%
89.88,3.69,-48.50,212.00,100%
89.88,3.67,15.80,58.00,100%
89.88,3.70,-48.20,176.00,100%
89.91,3.69,-57.70,212.00,100%
89.94,3.69,-49.60,184.00,100%
89.97,3.69,-58.90,216.00,100%
90.00,3.67,23.70,250.00,100%
90.01,3.69,-48.50,186.00,100%
90.03,3.69,-54.50,184.00,100%
90.06,3.69,-52.30,216.00,100%
90.09,3.69,-56.10,190.00,100%
90.12,3.67,14.40,52.00,100%
90.12,3.66,-48.70,180.00,100%
90.15,3.69,-53.40,196.00,100%
90.18,3.69,-59.00,220.00,100%
90.22,3.69,-49.80,184.00,100%
90.24,3.67,10.50,206.00,100%
90.24,3.69,-43.30,170.00,100%
90.30,3.69,-59.60,220.00,100%
90.33,3.69,-51.00,180.00,100%
90.33,3.69,-53.60,216.00,100%
90.36,3.67,20.90,76.00,100%
90.36,3.66,-52.30,194.00,100%
90.39,3.69,-52.80,196.00,100%
90.42,3.69,-55.30,204.00,100%
90.45,3.69,-56.80,210.00,100%
90.48,3.67,26.00,148.00,100%
90.48,3.67,-51.00,170.00,100%
90.51,3.69,-50.20,204.00,100%
90.54,3.69,-57.60,212.00,100%
90.57,3.69,-49.70,184.00,100%
90.60,3.67,14.70,52.00,100%
90.60,3.68,-43.30,160.00,100%
90.63,3.69,-59.20,220.00,100%
90.66,3.69,-51.90,194.00,100%
90.69,3.69,-54.80,204.00,100%
90.72,3.67,18.50,148.00,100%
90.72,3.69,-44.60,194.00,100%
90.76,3.69,-58.00,194.00,100%
90.78,3.69,-49.00,200.00,100%
90.81,3.69,-57.70,212.00,100%
90.84,3.67,23.80,88.00,100%
90.84,3.70,-51.60,190.00,100%
90.87,3.69,-52.00,194.00,100%
90.90,3.69,-58.30,216.00,100%
90.93,3.69,-52.50,194.00,100%
90.96,3.67,22.70,98.00,100%
90.96,3.70,-52.60,174.00,100%
91.02,3.69,-48.70,210.00,100%
91.02,3.69,-57.10,204.00,100%
91.05,3.69,-53.90,200.00,100%
91.08,3.67,15.70,58.00,100%
91.08,3.70,-41.40,154.00,100%
91.11,3.69,-59.40,220.00,100%
91.14,3.70,-51.80,190.00,100%
91.17,3.69,-56.20,216.00,100%
91.20,3.67,21.30,98.00,100%
91.20,3.69,-47.90,196.00,100%
91.23,3.69,-57.10,184.00,100%
91.26,3.69,-47.10,206.00,100%
91.29,3.69,-56.80,210.00,100%
91.32,3.67,16.50,58.00,100%
91.32,3.66,-51.50,190.00,100%
91.35,3.69,-48.40,180.00,100%
91.38,3.69,-58.50,216.00,100%
91.41,3.69,-50.00,186.00,100%
91.44,3.67,17.50,42.00,100%
91.44,3.69,-47.40,164.00,100%
91.47,3.69,-52.40,216.00,100%
91.50,3.69,-50.20,186.00,100%
91.53,3.69,-58.00,212.00,100%
91.56,3.67,20.80,76.00,100%
91.56,3.66,-46.60,174.00,100%
91.61,3.69,-58.80,216.00,100%
91.62,3.69,-47.70,176.00,100%
91.65,3.69,-57.30,206.00,100%
91.68,3.67,21.90,46.00,100%
91.68,3.67,-47.90,186.00,100%
91.71,3.69,-52.80,184.00,100%
91.74,3.69,-58.80,216.00,100%
91.77,3.69,-51.70,190.00,100%
91.80,3.67,19.00,68.00,100%
91.80,3.68,-50.10,184.00,100%
91.83,3.69,-51.80,190.00,100%
91.86,3.69,-58.00,190.00,100%
91.89,3.69,-47.70,204.00,100%
91.92,3.67,15.30,20.00,100%
91.92,3.69,-42.70,160.00,100%
91.95,3.69,-54.20,216.00,100%
91.98,3.69,-52.20,194.00,100%
92.01,3.69,-58.60,216.00,100%
92.04,3.67,23.50,86.00,100%
92.04,3.70,-48.30,176.00,100%
92.07,3.69,-56.90,210.00,100%
92.10,3.69,-48.20,210.00,100%
92.13,3.69,-59.20,200.00,100%
92.16,3.67,25.30,46.00,100%
92.16,3.69,-51.00,186.00,100%
92.19,3.69,-49.20,180.00,100%
92.22,3.69,-60.10,222.00,100%
92.25,3.69,-50.10,186.00,100%
92.28,3.67,16.20,58.00,100%
92.28,3.66,-45.20,168.00,100%
92.31,3.69,-55.40,206.00,100%
92.34,3.69,-54.90,184.00,100%
92.37,3.69,-52.30,222.00,100%
92.40,3.67,17.10,62.00,100%
92.40,3.69,-40.70,176.00,100%
92.43,3.69,-57.10,210.00,100%
92.46,3.69,-52.20,194.00,100%
92.49,3.69,-58.40,216.00,100%
92.52,3.67,23.50,86.00,100%
92.52,3.66,-52.00,194.00,100%
92.55,3.69,-49.60,186.00,100%
92.58,3.69,-54.90,212.00,100%
92.61,3.69,-56.40,194.00,100%
92.64,3.67,23.90,42.00,100%
92.64,3.66,-7.90,164.00,100%
92.67,3.69,-56.90,210.00,100%
92.70,3.69,-57.10,210.00,100%
92.73,3.69,-51.20,190.00,100%
92.76,3.67,15.70,58.00,100%
92.76,3.66,-43.90,160.00,100%
92.79,3.69,-57.30,206.00,100%
92.82,3.69,-49.60,190.00,100%
92.85,3.69,-57.30,220.00,100%
92.88,3.67,22.30,78.00,100%
92.88,3.66,-36.80,190.00,100%
92.91,3.69,-53.60,196.00,100%
92.94,3.69,-57.20,212.00,100%
92.97,3.69,-54.10,200.00,100%
93.00,3.67,22.30,82.00,100%
93.00,3.70,-50.50,186.00,100%
93.03,3.69,-47.90,210.00,100%
93.06,3.69,-59.60,200.00,100%
93.09,3.69,-49.90,200.00,100%
93.12,3.67,19.30,46.00,100%
93.12,3.67,-43.40,160.00,100%
93.15,3.69,-60.60,222.00,100%
93.18,3.69,-49.30,184.00,100%
93.21,3.69,-59.60,220.00,100%
93.24,3.67,23.80,88.00,100%
93.24,3.70,-48.70,180.00,100%
93.27,3.69,-55.00,186.00,100%
93.30,3.69,-52.00,220.00,100%
93.33,3.69,-58.00,194.00,100%
93.36,3.67,29.10,58.00,100%
93.36,3.69,-51.20,190.00,100%
93.39,3.69,-50.90,186.00,100%
93.42,3.69,-58.80,216.00,100%
93.45,3.69,-51.50,190.00,100%
93.48,3.67,17.00,62.00,100%
93.48,3.70,-46.30,158.00,100%
93.51,3.69,-52.70,216.00,100%
93.54,3.69,-59.30,190.00,100%
93.57,3.69,-47.80,206.00,100%
93.60,3.67,15.00,32.00,100%
93.60,3.70,-45.00,168.00,100%
93.63,3.69,-59.60,220.00,100%
93.66,3.69,-51.00,190.00,100%
93.69,3.69,-57.70,212.00,100%
93.72,3.67,17.70,262.00,100%
93.72,3.70,-44.30,186.00,100%
93.75,3.69,-58.80,194.00,100%
93.78,3.69,-47.50,204.00,100%
93.81,3.69,-58.00,210.00,100%
93.84,3.67,21.80,78.00,100%
93.84,3.66,-53.70,200.00,100%
93.87,3.69,-50.30,186.00,100%
93.90,3.69,-58.90,220.00,100%
93.93,3.69,-53.50,196.00,100%
93.96,3.67,21.00,160.00,100%
93.96,3.69,-49.60,164.00,100%
93.99,3.69,-50.00,212.00,100%
94.02,3.69,-58.00,204.00,100%
94.05,3.69,-49.70,194.00,100%
94.08,3.67,15.80,58.00,100%
94.08,3.66,-44.10,164.00,100%
94.11,3.69,-58.10,216.00,100%
94.14,3.69,-51.50,190.00,100%
94.17,3.69,-56.30,210.00,100%
94.20,3.67,19.60,164.00,100%
94.20,3.69,-43.00,186.00,100%
94.23,3.69,-60.40,200.00,100%
94.26,3.69,-48.50,204.00,100%
94.29,3.69,-56.80,212.00,100%
94.32,3.67,23.50,86.00,100%
94.32,3.66,-53.60,196.00,100%
94.36,3.69,-50.80,186.00,100%
94.38,3.69,-58.40,216.00,100%
94.41,3.69,-52.80,196.00,100%
94.47,3.67,22.30,114.00,100%
94.47,3.67,-50.40,168.00,100%
94.48,3.69,-49.20,212.00,100%
94.50,3.69,-58.50,204.00,100%
94.53,3.69,-49.90,194.00,100%
94.56,3.67,8.40,30.00,100%
94.56,3.68,-41.80,154.00,100%
94.59,3.69,-59.40,220.00,100%
94.62,3.69,-50.60,186.00,100%
94.65,3.69,-55.60,206.00,100%
94.68,3.67,21.00,132.00,100%
94.68,3.68,-45.20,194.00,100%
94.72,3.69,-58.40,190.00,100%
94.74,3.69,-49.80,204.00,100%
94.77,3.69,-57.20,212.00,100%
94.80,3.67,23.80,88.00,100%
94.80,3.66,-51.00,186.00,100%
94.83,3.69,-51.20,190.00,100%
94.86,3.69,-58.30,216.00,100%
94.89,3.69,-51.00,190.00,100%
94.92,3.67,20.90,66.00,100%
94.92,3.69,-51.20,170.00,100%
94.95,3.69,-49.50,212.00,100%
94.98,3.69,-57.40,196.00,100%
95.04,3.69,-54.70,204.00,100%
95.04,3.67,15.80,58.00,100%
95.04,3.66,-42.20,158.00,100%
95.07,3.69,-60.10,222.00,100%
95.10,3.69,-51.30,190.00,100%
95.13,3.69,-56.70,216.00,100%
95.16,3.67,22.00,76.00,100%
95.16,3.70,-48.30,200.00,100%
95.19,3.69,-57.40,184.00,100%
95.25,3.69,-47.30,210.00,100%
95.25,3.69,-57.30,212.00,100%
95.28,3.67,16.20,58.00,100%
95.28,3.65,29.60,108.00,100%
95.31,3.69,-50.00,184.00,100%
95.34,3.69,-58.50,216.00,100%
95.37,3.69,-49.10,184.00,100%
95.40,3.67,12.00,14.00,100%
95.40,3.69,-48.50,164.00,100%
95.43,3.69,-52.00,216.00,100%
95.46,3.69,-50.20,186.00,100%
95.49,3.69,-58.30,216.00,100%
95.52,3.67,21.40,78.00,100%
95.52,3.66,-47.60,176.00,100%
95.55,3.69,-58.30,216.00,100%
95.58,3.69,-49.80,184.00,100%
95.64,3.69,-57.60,196.00,100%
95.64,3.67,24.50,62.00,100%
95.64,3.66,-48.00,184.00,100%
95.67,3.69,-49.60,184.00,100%
95.70,3.69,-59.20,220.00,100%
95.73,3.69,-51.80,190.00,100%
95.76,3.67,16.60,62.00,100%
95.76,3.67,-44.60,164.00,100%
95.79,3.69,-56.80,210.00,100%
95.82,3.69,-53.60,196.00,100%
95.88,3.69,-52.10,212.00,100%
95.88,3.67,17.00,62.00,100%
95.88,3.68,-41.70,184.00,100%
95.91,3.69,-57.20,196.00,100%
95.94,3.69,-54.90,204.00,100%
96.00,3.69,-58.80,216.00,100%
96.00,3.67,23.80,88.00,100%
96.00,3.66,-52.80,196.00,100%
96.03,3.70,-50.50,186.00,100%
96.06,3.69,-57.20,210.00,100%
96.09,3.69,-49.90,186.00,100%
96.12,3.67,20.80,36.00,100%
96.12,3.69,-47.70,160.00,100%
96.15,3.69,-50.90,216.00,100%
96.18,3.69,-51.90,194.00,100%
96.21,3.69,-56.60,210.00,100%
96.24,3.67,17.90,66.00,100%
96.24,3.66,-45.80,170.00,100%
96.27,3.69,-58.10,216.00,100%
96.30,3.69,-46.90,206.00,100%
96.33,3.69,-59.40,206.00,100%
96.36,3.67,27.60,66.00,100%
96.36,3.66,61.00,190.00,100%
96.39,3.69,-48.40,180.00,100%
96.42,3.69,-60.00,222.00,100%
96.45,3.69,-51.10,190.00,100%
96.48,3.67,17.00,62.00,100%
96.48,3.66,-46.30,170.00,100%
96.51,3.69,-53.80,200.00,100%
96.54,3.69,-56.10,186.00,100%
96.57,3.69,-50.70,220.00,100%
96.60,3.67,19.90,62.00,100%
96.60,3.69,-42.50,170.00,100%
96.64,3.69,-59.00,220.00,100%
96.66,3.69,-49.80,184.00,100%
96.69,3.69,-58.60,216.00,100%
96.75,3.67,22.70,82.00,100%
96.75,3.66,-50.30,186.00,100%
96.75,3.69,-53.50,176.00,100%
96.78,3.69,-52.20,216.00,100%
96.81,3.69,-59.40,194.00,100%
96.84,3.67,29.60,52.00,100%
96.84,3.66,-43.60,176.00,100%
96.87,3.69,-53.20,196.00,100%
96.90,3.69,-60.10,222.00,100%
96.93,3.69,-50.80,186.00,100%
96.99,3.67,15.90,58.00,100%
96.99,3.70,-43.80,160.00,100%
97.00,3.69,-54.50,216.00,100%
97.02,3.69,-55.80,186.00,100%
97.05,3.69,-51.60,216.00,100%
97.11,3.67,19.90,66.00,100%
97.11,3.68,-47.50,176.00,100%
97.11,3.69,-59.10,220.00,100%
97.14,3.69,-49.50,184.00,100%
97.20,3.69,-59.30,220.00,100%
97.20,3.67,24.00,88.00,100%
97.20,3.68,-50.60,186.00,100%
97.23,3.69,-51.10,174.00,100%
97.26,3.69,-54.00,222.00,100%
97.29,3.69,-57.50,184.00,100%
97.32,3.67,29.90,50.00,100%
97.32,3.66,-48.10,176.00,100%
97.35,3.69,-53.00,196.00,100%
97.38,3.69,-58.30,216.00,100%
97.44,3.69,-49.30,184.00,100%
97.44,3.67,16.60,62.00,100%
97.44,3.70,-43.30,160.00,100%
97.47,3.69,-54.10,212.00,100%
97.50,3.69,-57.60,194.00,100%
97.53,3.69,-49.60,210.00,100%
97.56,3.67,19.70,66.00,100%
97.56,3.66,-47.10,174.00,100%
97.59,3.69,-59.00,220.00,100%
97.65,3.69,-49.00,180.00,100%
97.65,3.69,-59.90,222.00,100%
97.68,3.67,24.30,88.00,100%
97.68,3.66,7.10,194.00,100%
97.71,3.69,-52.40,176.00,100%
97.74,3.69,-54.70,222.00,100%
97.77,3.69,-57.30,184.00,100%
97.80,3.67,30.30,66.00,100%
97.80,3.66,-48.90,180.00,100%
97.83,3.69,-52.90,196.00,100%
97.86,3.69,-58.30,216.00,100%
97.89,3.69,-48.20,176.00,100%
97.92,3.67,16.00,176.00,100%
97.98,3.69,-43.60,160.00,100%
97.98,3.69,-56.20,220.00,100%
97.98,3.69,-54.80,186.00,100%
98.01,3.69,-51.40,216.00,100%
98.04,3.67,24.00,88.00,100%
98.04,3.67,-50.30,186.00,100%
98.07,3.69,-56.80,210.00,100%
98.10,3.69,-51.30,190.00,100%
98.13,3.69,-59.30,220.00,100%
98.16,3.67,24.60,164.00,100%
98.16,3.68,-49.60,184.00,100%
98.19,3.69,-52.30,186.00,100%
98.22,3.69,-54.10,216.00,100%
98.25,3.69,-56.10,190.00,100%
98.28,3.67,17.90,66.00,100%
98.28,3.66,-48.10,176.00,100%
98.32,3.69,-52.50,194.00,100%
98.34,3.69,-59.70,220.00,100%
98.37,3.69,-48.60,180.00,100%
98.40,3.67,15.60,118.00,100%
98.40,3.70,-42.70,164.00,100%
98.43,3.69,-58.40,222.00,100%
98.46,3.69,-53.10,174.00,100%
98.49,3.69,-50.30,216.00,100%
98.52,3.67,23.20,86.00,100%
98.52,3.66,-49.70,184.00,100%
98.55,3.69,-57.10,210.00,100%
98.58,3.69,-50.60,186.00,100%
98.61,3.69,-58.70,216.00,100%
98.64,3.67,25.20,112.00,100%
98.64,3.66,27.10,186.00,100%
98.67,3.69,-54.20,180.00,100%
98.70,3.69,-52.20,216.00,100%
98.73,3.69,-56.60,184.00,100%
98.76,3.67,17.90,66.00,100%
98.76,3.66,-49.90,184.00,100%
98.79,3.69,-51.30,190.00,100%
98.82,3.69,-59.10,220.00,100%
98.85,3.69,-50.30,186.00,100%
98.88,3.67,18.80,76.00,100%
98.88,3.66,-28.90,158.00,100%
98.91,3.69,-55.50,220.00,100%
98.94,3.69,-55.90,186.00,100%
98.97,3.69,-57.60,212.00,100%
99.00,3.67,21.00,78.00,100%
99.00,3.66,-47.50,176.00,100%
99.03,3.69,-58.50,216.00,100%
99.06,3.69,-49.50,184.00,100%
99.09,3.69,-58.70,216.00,100%
99.12,3.67,28.40,72.00,100%
99.12,3.68,-51.30,194.00,100%
99.15,3.69,-51.80,176.00,100%
99.18,3.69,-53.30,216.00,100%
99.21,3.69,-52.00,194.00,100%
99.24,3.67,16.50,58.00,100%
99.24,3.68,-42.70,158.00,100%
99.27,3.69,-58.50,216.00,100%
99.30,3.69,-51.20,190.00,100%
99.34,3.69,-56.50,210.00,100%
99.36,3.67,11.40,108.00,100%
99.36,3.69,-44.00,186.00,100%
99.39,3.69,-59.90,194.00,100%
99.42,3.69,-48.10,204.00,100%
99.46,3.69,-56.90,210.00,100%
99.49,3.67,92.30,338.00,100%
99.49,3.70,-53.50,196.00,100%
99.51,3.69,-49.70,184.00,100%
99.54,3.69,-58.40,216.00,100%
99.57,3.69,-51.70,190.00,100%
99.60,3.67,11.40,102.00,100%
99.60,3.70,-49.30,164.00,100%
99.63,3.69,-50.10,212.00,100%
99.66,3.69,-58.00,196.00,100%
99.72,3.69,-52.80,196.00,100%
99.72,3.67,68.00,250.00,100%
99.72,3.70,-41.90,154.00,100%
99.75,3.69,-60.00,222.00,100%
99.78,3.69,-52.10,194.00,100%
99.84,3.69,-56.70,210.00,100%
99.84,3.67,13.30,140.00,100%
99.84,3.69,-45.50,194.00,100%
99.87,3.69,-58.10,190.00,100%
99.90,3.69,-49.40,204.00,100%
99.93,3.69,-57.90,212.00,100%
99.96,3.67,84.20,308.00,100%
99.96,3.69,-50.70,186.00,100%
99.99,3.69,-53.00,196.00,100%
100.02,3.69,-57.10,210.00,100%
100.05,3.69,-54.70,204.00,100%
100.08,3.67,18.90,124.00,100%
100.08,3.69,-53.30,176.00,100%
100.11,3.69,-48.80,200.00,100%
100.14,3.69,-56.50,216.00,100%
100.17,3.69,-49.00,180.00,100%
100.20,3.67,72.90,268.00,100%
100.20,3.68,-43.50,160.00,100%
100.23,3.69,-55.90,206.00,100%
100.26,3.69,-58.00,212.00,100%
100.29,3.69,-47.80,210.00,100%
100.32,3.67,12.00,140.00,100%
100.32,3.69,-45.20,168.00,100%
100.35,3.69,-54.30,216.00,100%
100.38,3.69,-56.30,194.00,100%
100.41,3.69,-57.40,212.00,100%
100.44,3.67,73.90,272.00,100%
100.44,3.70,-42.10,154.00,100%
100.47,3.69,-58.90,220.00,100%
100.50,3.69,-50.60,186.00,100%
100.53,3.69,-53.70,216.00,100%
100.56,3.67,12.70,154.00,100%
100.56,3.70,-41.90,184.00,100%
100.59,3.69,-57.90,210.00,100%
100.62,3.69,-49.40,184.00,100%
100.65,3.69,-60.30,222.00,100%
100.68,3.67,88.60,324.00,100%
100.68,3.69,-49.30,184.00,100%
100.71,3.69,-57.70,212.00,100%
100.74,3.69,-48.20,176.00,100%
100.77,3.69,-56.90,206.00,100%
100.80,3.67,18.30,158.00,100%
100.80,3.69,-46.90,186.00,100%
100.83,3.69,-57.00,184.00,100%
100.86,3.69,-56.20,206.00,100%
100.92,3.69,-58.40,216.00,100%
100.92,3.67,40.90,150.00,100%
100.92,3.66,-53.40,196.00,100%
100.95,3.69,-50.60,186.00,100%
100.98,3.69,-55.80,206.00,100%
101.01,3.69,-55.30,184.00,100%
101.04,3.67,18.70,128.00,100%
101.04,3.69,-50.80,174.00,100%
101.07,3.69,-49.90,190.00,100%
101.10,3.69,-60.00,222.00,100%
101.13,3.69,-51.20,190.00,100%
101.16,3.67,66.10,242.00,100%
101.16,3.68,-46.80,174.00,100%
101.19,3.69,-54.00,200.00,100%
101.22,3.69,-57.40,184.00,100%
101.25,3.69,-48.40,206.00,100%
101.28,3.67,10.30,122.00,100%
101.28,3.69,-43.40,158.00,100%
101.31,3.69,-53.40,220.00,100%
101.34,3.69,-53.00,196.00,100%
101.40,3.69,-56.50,210.00,100%
101.40,3.67,33.90,124.00,100%
101.43,3.70,-43.70,160.00,100%
101.43,3.69,-58.90,216.00,100%
101.46,3.69,-49.10,190.00,100%
101.52,3.69,-57.00,220.00,100%
101.52,3.67,15.40,76.00,100%
101.52,3.69,-43.40,186.00,100%
101.55,3.69,-52.90,194.00,100%
101.58,3.69,-53.90,200.00,100%
101.61,3.69,-58.10,216.00,100%
101.64,3.67,63.30,232.00,100%
101.64,3.70,-51.50,190.00,100%
101.67,3.69,-52.30,194.00,100%
101.70,3.69,-52.40,212.00,100%
101.76,3.69,-59.20,194.00,100%
101.76,3.67,25.00,62.00,100%
101.76,3.69,-51.00,186.00,100%
101.79,3.69,-49.10,180.00,100%
101.82,3.69,-60.30,222.00,100%
101.86,3.69,-49.50,184.00,100%
101.89,3.67,52.30,190.00,100%
101.89,3.69,-50.60,186.00,100%
101.92,3.69,-48.30,176.00,100%
101.94,3.69,-56.90,206.00,100%
101.97,3.69,-51.70,190.00,100%
102.00,3.67,20.70,186.00,100%
102.00,3.69,-48.70,164.00,100%
102.03,3.69,-57.20,212.00,100%
102.06,3.69,-58.00,212.00,100%
102.09,3.69,-49.50,184.00,100%
102.12,3.67,41.40,150.00,100%
102.12,3.69,-45.00,168.00,100%
102.15,3.69,-54.60,88.00,100%
102.18,3.69,-56.30,190.00,100%
102.24,3.69,-49.90,212.00,100%
102.24,3.67,17.40,10.00,100%
102.24,3.69,-41.00,160.00,100%
102.27,3.69,-60.20,222.00,100%
102.30,3.69,-51.90,194.00,100%
102.33,3.69,-56.90,210.00,100%
102.36,3.67,40.10,148.00,100%
102.36,3.69,-44.10,164.00,100%
102.39,3.69,-57.30,196.00,100%
102.42,3.69,-50.90,196.00,100%
102.45,3.69,-57.10,220.00,100%
102.48,3.67,20.90,246.00,100%
102.48,3.69,-50.80,186.00,100%
102.51,3.69,-54.10,200.00,100%
102.54,3.69,-53.20,196.00,100%
102.57,3.69,-59.10,220.00,100%
102.60,3.67,41.00,150.00,100%
102.60,3.70,-51.20,190.00,100%
102.63,3.69,-50.10,176.00,100%
102.66,3.69,-54.90,222.00,100%
102.69,3.69,-57.30,184.00,100%
102.72,3.67,27.50,240.00,100%
102.72,3.70,-49.50,184.00,100%
102.75,3.69,-51.40,190.00,100%
102.78,3.69,-58.10,216.00,100%
102.81,3.69,-52.40,194.00,100%
102.84,3.67,26.00,96.00,100%
102.84,3.70,-47.40,158.00,100%
102.87,3.69,-50.10,210.00,100%
102.90,3.69,-59.90,200.00,100%
102.93,3.69,-49.30,196.00,100%
102.96,3.67,18.50,250.00,100%
102.96,3.69,-41.70,154.00,100%
102.99,3.69,-59.80,220.00,100%
103.02,3.69,-50.30,186.00,100%
103.05,3.69,-56.80,210.00,100%
103.08,3.67,21.30,78.00,100%
103.08,3.68,-43.00,180.00,100%
103.11,3.69,-57.80,196.00,100%
103.14,3.69,-51.90,196.00,100%
103.20,3.69,-55.90,216.00,100%
103.20,3.67,22.10,184.00,100%
103.20,3.68,-52.00,194.00,100%
103.23,3.69,-53.60,196.00,100%
103.26,3.69,-53.40,196.00,100%
103.29,3.69,-58.60,216.00,100%
103.32,3.67,24.70,144.00,100%
103.32,3.69,-50.30,176.00,100%
103.35,3.69,-50.80,184.00,100%
103.38,3.69,-55.00,220.00,100%
103.41,3.69,-57.30,190.00,100%
103.44,3.67,81.10,298.00,100%
103.44,3.69,-50.60,186.00,100%
103.50,3.69,-50.20,186.00,100%
103.50,3.69,-59.30,220.00,100%
103.53,3.69,-50.80,186.00,100%
103.59,3.67,12.30,134.00,100%
103.59,3.69,-46.50,154.00,100%
103.59,3.69,-51.20,216.00,100%
103.62,3.69,-58.40,196.00,100%
103.65,3.69,-50.30,194.00,100%
103.68,3.67,82.30,302.00,100%
103.68,3.69,-44.80,164.00,100%
103.71,3.69,-58.00,212.00,100%
103.74,3.69,-54.40,200.00,100%
103.77,3.69,-52.80,196.00,100%
103.80,3.67,5.40,150.00,100%
103.80,3.69,-41.30,170.00,100%
103.84,3.69,-59.00,220.00,100%
103.86,3.69,-52.60,184.00,100%
103.89,3.69,-51.00,216.00,100%
103.92,3.67,93.00,340.00,100%
103.92,3.69,-48.10,176.00,100%
103.95,3.69,-58.00,212.00,100%
103.98,3.69,-51.70,190.00,100%
104.01,3.69,-58.30,216.00,100%
104.04,3.67,13.40,14.00,100%
104.04,3.68,-44.00,186.00,100%
104.07,3.69,-60.00,194.00,100%
104.10,3.69,-49.30,200.00,100%
104.13,3.69,-56.10,212.00,100%
104.16,3.67,89.00,328.00,100%
104.16,3.69,-53.30,196.00,100%
104.19,3.69,-51.60,190.00,100%
104.22,3.69,-54.70,204.00,100%
104.25,3.69,-58.50,216.00,100%
104.28,3.67,19.00,22.00,100%
104.28,3.69,-50.20,180.00,100%
104.31,3.69,-52.60,186.00,100%
104.34,3.69,-53.40,216.00,100%
104.40,3.69,-56.20,184.00,100%
104.40,3.67,-42.40,158.00,100%
104.40,3.69,-51.30,190.00,100%
104.43,3.69,-49.40,184.00,100%
104.46,3.69,-59.00,220.00,100%
104.49,3.69,-51.70,190.00,100%
104.52,3.67,15.00,20.00,100%
104.52,3.69,-48.50,160.00,100%
104.55,3.69,-50.20,212.00,100%
104.58,3.69,-58.10,200.00,100%
104.61,3.69,-51.90,194.00,100%
104.64,3.67,74.40,272.00,100%
104.64,3.69,-44.00,164.00,100%
104.67,3.69,-58.40,216.00,100%
104.70,3.69,-52.40,194.00,100%
104.73,3.69,-53.60,196.00,100%
104.76,3.67,14.80,20.00,100%
104.76,3.69,-41.20,184.00,100%
104.79,3.69,-58.50,210.00,100%
104.82,3.69,-49.40,184.00,100%
104.85,3.69,-58.60,216.00,100%
104.88,3.67,76.00,278.00,100%
104.88,3.69,-49.60,184.00,100%
104.91,3.69,-55.30,204.00,100%
104.94,3.69,-52.60,194.00,100%
104.97,3.69,-58.30,216.00,100%
105.00,3.67,21.80,14.00,100%
105.00,3.69,-52.10,190.00,100%
105.03,3.69,-50.30,176.00,100%
105.06,3.69,-53.30,216.00,100%
105.09,3.69,-51.40,190.00,100%
105.12,3.67,81.60,298.00,100%
105.12,3.70,-47.40,174.00,100%
105.15,3.69,-52.70,194.00,100%
105.18,3.69,-59.00,220.00,100%
105.21,3.69,-50.10,186.00,100%
105.24,3.67,14.00,14.00,100%
105.24,3.69,-46.80,160.00,100%
105.27,3.69,-52.50,212.00,100%
105.30,3.69,-56.20,184.00,100%
105.33,3.69,-56.60,210.00,100%
105.36,3.67,70.90,258.00,100%
105.36,3.69,-42.30,158.00,100%
105.39,3.69,-59.70,220.00,100%
105.42,3.69,-51.20,190.00,100%
105.45,3.69,-55.40,216.00,100%
105.48,3.67,15.20,56.00,100%
105.48,3.69,-44.40,190.00,100%
105.51,3.69,-57.70,200.00,100%
105.54,3.69,-48.70,190.00,100%
105.57,3.69,-60.20,222.00,100%
105.60,3.67,77.30,286.00,100%
105.60,3.69,-49.50,184.00,100%
105.63,3.69,-54.40,200.00,100%
105.66,3.69,-51.20,190.00,100%
105.72,3.69,-57.00,190.00,100%
105.72,3.67,19.80,98.00,100%
105.72,3.69,-51.00,194.00,100%
105.75,3.69,-54.20,180.00,100%
105.78,3.69,-57.40,212.00,100%
105.81,3.69,-54.70,204.00,100%
105.84,3.67,75.20,276.00,100%
105.84,3.67,-51.80,190.00,100%
105.87,3.69,-50.40,186.00,100%
105.90,3.69,-57.50,212.00,100%
105.96,3.69,-52.10,176.00,100%
105.96,3.67,17.20,220.00,100%
105.96,3.69,-51.60,168.00,100%
105.99,3.69,-49.90,196.00,100%
106.02,3.69,-58.30,216.00,100%
106.05,3.69,-50.80,186.00,100%
106.08,3.67,66.60,246.00,100%
106.08,3.69,-46.20,170.00,100%
106.11,3.69,-53.10,196.00,100%
106.20,3.69,-58.40,216.00,100%
106.20,3.69,-45.90,200.00,100%
106.20,3.67,11.30,220.00,100%
106.20,3.69,-43.60,150.00,100%
106.24,3.69,-52.70,216.00,100%
106.26,3.69,-50.00,184.00,100%
106.29,3.69,-57.10,210.00,100%
106.32,3.67,63.00,230.00,100%
106.32,3.70,-44.70,164.00,100%
106.35,3.69,-59.20,220.00,100%
106.41,3.69,-50.30,186.00,100%
106.41,3.69,-56.20,212.00,100%
106.44,3.67,15.00,176.00,100%
106.44,3.68,-44.20,186.00,100%
106.47,3.69,-57.20,190.00,100%
106.50,3.69,-55.40,204.00,100%
106.53,3.69,-59.10,220.00,100%
106.56,3.67,64.60,236.00,100%
106.56,3.70,-53.10,196.00,100%
106.59,3.69,-50.10,184.00,100%
106.65,3.69,-54.50,216.00,100%
106.65,3.69,-56.50,186.00,100%
106.68,3.67,21.10,140.00,100%
106.68,3.69,-50.60,176.00,100%
106.71,3.69,-47.70,186.00,100%
106.77,3.69,-60.40,222.00,100%
106.77,3.69,-51.10,190.00,100%
106.80,3.67,52.90,194.00,100%
106.80,3.66,-48.10,176.00,100%
106.83,3.69,-51.40,190.00,100%
106.86,3.69,-57.40,194.00,100%
106.92,3.69,-50.50,196.00,100%
106.95,3.67,17.50,216.00,100%
106.95,3.69,-45.90,158.00,100%
106.95,3.69,-50.40,212.00,100%
106.98,3.69,-53.30,196.00,100%
107.01,3.69,-54.10,200.00,100%
107.04,3.67,43.50,158.00,100%
107.04,3.67,-41.50,154.00,100%
107.07,3.69,-58.60,216.00,100%
107.10,3.69,-49.10,180.00,100%
107.13,3.69,-55.30,222.00,100%
107.16,3.67,17.50,230.00,100%
107.16,3.69,-41.20,180.00,100%
107.19,3.69,-55.70,206.00,100%
107.22,3.69,-51.90,194.00,100%
107.25,3.69,-58.10,216.00,100%
107.28,3.67,39.60,144.00,100%
107.28,3.69,-49.60,184.00,100%
107.31,3.69,-55.70,206.00,100%
107.34,3.69,-48.60,210.00,100%
107.37,3.69,-59.90,206.00,100%
107.40,3.67,24.00,250.00,100%
107.40,3.69,-49.20,190.00,100%
107.43,3.69,-50.60,186.00,100%
107.46,3.69,-59.80,220.00,100%
107.49,3.69,-54.40,200.00,100%
107.52,3.67,33.20,122.00,100%
107.52,3.70,-52.40,194.00,100%
107.55,3.69,-50.90,186.00,100%
107.58,3.69,-57.50,216.00,100%
107.61,3.69,-55.20,190.00,100%
107.64,3.67,21.90,236.00,100%
107.64,3.70,-50.80,164.00,100%
107.67,3.69,-57.10,210.00,100%
107.70,3.69,-59.40,220.00,100%
107.73,3.69,-51.00,190.00,100%
107.76,3.67,22.30,82.00,100%
107.76,3.69,-45.60,168.00,100%
107.79,3.69,-57.30,222.00,100%
107.82,3.69,-55.90,190.00,100%
107.85,3.69,-54.00,226.00,100%
107.89,3.67,15.50,276.00,100%
107.89,3.69,-42.70,176.00,100%
107.91,3.69,-61.00,226.00,100%
107.94,3.69,-50.80,186.00,100%
107.97,3.69,-60.40,222.00,100%
108.00,3.67,27.70,88.00,100%
108.00,3.69,-50.30,186.00,100%
108.03,3.69,-57.20,194.00,100%
108.06,3.69,-51.10,220.00,100%
108.09,3.69,-60.90,210.00,100%
108.12,3.67,23.00,292.00,100%
108.12,3.69,-49.60,194.00,100%
108.15,3.69,-53.00,196.00,100%
108.18,3.69,-59.90,222.00,100%
108.21,3.69,-52.90,196.00,100%
108.24,3.67,17.80,102.00,100%
108.24,3.70,-52.00,194.00,100%
108.27,3.69,-48.40,210.00,100%
108.30,3.69,-60.10,212.00,100%
108.33,3.69,-51.10,194.00,100%
108.36,3.67,18.50,288.00,100%
108.36,3.68,-43.90,160.00,100%
108.39,3.69,-60.50,222.00,100%
108.42,3.69,-54.60,204.00,100%
108.45,3.69,-54.90,204.00,100%
108.48,3.67,9.50,40.00,100%
108.48,3.70,-42.00,154.00,100%
108.51,3.69,-58.20,210.00,100%
108.54,3.69,-52.30,194.00,100%
108.57,3.69,-55.80,220.00,100%
108.60,3.67,18.50,312.00,100%
108.60,3.69,-50.80,186.00,100%
108.63,3.69,-56.40,210.00,100%
108.66,3.69,-52.40,194.00,100%
108.69,3.69,-60.60,222.00,100%
108.72,3.67,16.30,40.00,100%
108.72,3.70,-51.20,190.00,100%
108.75,3.69,-50.10,176.00,100%
108.78,3.69,-55.60,222.00,100%
108.81,3.69,-56.60,186.00,100%
108.84,3.67,83.30,308.00,100%
108.84,3.70,-47.80,176.00,100%
108.87,3.69,-52.70,194.00,100%
108.90,3.69,-58.70,216.00,100%
108.93,3.69,-51.30,190.00,100%
108.96,3.67,5.60,30.00,100%
108.96,3.69,-45.20,158.00,100%
108.99,3.69,-52.60,212.00,100%
109.02,3.69,-59.90,190.00,100%
109.05,3.69,-47.50,206.00,100%
109.08,3.67,85.20,314.00,100%
109.08,3.69,-43.90,160.00,100%
109.11,3.69,-60.00,222.00,100%
109.14,3.69,-50.40,186.00,100%
109.17,3.69,-58.10,216.00,100%
109.20,3.67,12.00,360.00,100%
109.20,3.68,-45.40,190.00,100%
109.23,3.69,-57.60,186.00,100%
109.26,3.69,-55.40,222.00,100%
109.29,3.69,-56.80,190.00,100%
109.32,3.67,89.50,204.00,100%
109.32,3.69,-44.20,164.00,100%
109.35,3.69,-21.70,78.00,100%
109.38,3.69,-58.30,216.00,100%
109.41,3.69,-48.70,180.00,100%
109.44,3.67,1.20,4.00,100%
109.44,3.69,-42.60,158.00,100%
109.47,3.69,-54.90,26.00,100%
109.50,3.69,-56.50,190.00,100%
109.53,3.69,-51.20,216.00,100%
109.56,3.67,85.50,184.00,100%
109.56,3.69,-45.50,168.00,100%
109.59,3.69,-59.30,220.00,100%
109.62,3.69,-48.90,180.00,100%
109.65,3.69,-60.30,222.00,100%
109.68,3.67,14.80,56.00,100%
109.68,3.69,-49.70,118.00,100%
109.71,3.69,-52.40,180.00,100%
109.74,3.69,-53.50,222.00,100%
109.77,3.69,-57.50,184.00,100%
109.80,3.67,85.70,190.00,100%
109.80,3.69,-47.30,174.00,100%
109.86,3.69,-51.20,190.00,100%
109.86,3.69,-58.30,216.00,100%
109.89,3.69,-51.90,194.00,100%
109.92,3.67,13.20,50.00,100%
109.92,3.69,-46.40,104.00,100%
109.95,3.69,-50.90,268.00,100%
109.98,3.69,-59.60,196.00,100%
110.01,3.69,-48.90,200.00,100%
110.04,3.67,-52.70,194.00,100%
110.04,3.69,-40.50,150.00,100%
110.10,3.69,-59.80,220.00,100%
110.10,3.69,-51.60,190.00,100%
110.13,3.69,-57.30,212.00,100%
110.16,3.67,20.50,76.00,100%
110.16,3.69,-44.30,144.00,100%
110.19,3.69,-58.20,194.00,100%
110.25,3.69,-51.60,204.00,100%
110.25,3.69,-57.40,212.00,100%
110.28,3.67,58.90,216.00,100%
110.28,3.69,-51.20,190.00,100%
110.31,3.69,-50.50,186.00,100%
110.34,3.69,-55.70,206.00,100%
110.37,3.69,-56.10,206.00,100%
110.40,3.65,58.50,180.00,100%
110.40,3.69,-50.00,134.00,100%
110.43,3.69,-50.00,196.00,100%
110.46,3.69,-57.10,216.00,100%
110.49,3.69,-52.30,184.00,100%
110.52,3.67,-51.70,190.00,100%
110.52,3.69,-43.10,160.00,100%
110.55,3.69,-48.30,176.00,100%
110.58,3.69,-57.90,212.00,100%
110.61,3.69,-49.10,180.00,100%
110.64,3.65,27.60,204.00,100%
110.64,3.68,-42.70,144.00,100%
110.67,3.69,-56.80,124.00,100%
110.70,3.69,-54.70,180.00,100%
110.73,3.69,-49.60,210.00,100%
110.76,3.67,-45.70,170.00,100%
110.76,3.69,-46.70,174.00,100%
110.79,3.69,-57.60,212.00,100%
110.82,3.69,-51.10,190.00,100%
110.88,3.69,-58.30,216.00,100%
110.88,3.65,26.60,180.00,100%
110.88,3.69,-45.30,176.00,100%
110.91,3.69,-58.80,196.00,100%
110.94,3.69,-47.70,206.00,100%
110.97,3.69,-57.30,204.00,100%
111.00,3.67,-41.70,154.00,100%
111.00,3.69,-53.00,196.00,100%
111.03,3.69,-49.40,184.00,100%
111.06,3.69,-58.40,216.00,100%
111.09,3.69,-53.20,196.00,100%
111.12,3.65,44.80,212.00,100%
111.12,3.69,-49.10,144.00,100%
111.15,3.69,-49.10,212.00,100%
111.18,3.69,-57.30,206.00,100%
111.21,3.69,-48.00,184.00,100%
111.24,3.67,-46.00,170.00,100%
111.24,3.69,-44.80,164.00,100%
111.27,3.69,-57.30,210.00,100%
111.30,3.69,-54.00,200.00,100%
111.33,3.69,-52.80,196.00,100%
111.36,3.66,46.30,186.00,100%
111.36,3.69,-39.40,168.00,100%
111.39,3.69,-59.00,212.00,100%
111.42,3.69,-50.30,180.00,100%
111.45,3.69,-52.90,216.00,100%
111.48,3.67,-30.30,112.00,100%
111.48,3.69,-49.90,184.00,100%
111.51,3.69,-56.20,206.00,100%
111.54,3.69,-50.40,186.00,100%
111.57,3.69,-58.40,216.00,100%
111.60,3.66,59.80,190.00,100%
111.60,3.69,-49.10,184.00,100%
111.63,3.69,-54.80,176.00,100%
111.66,3.69,-50.30,212.00,100%
111.69,3.69,-52.60,194.00,100%
111.72,3.67,-27.10,102.00,100%
111.72,3.69,-51.00,186.00,100%
111.75,3.69,-51.20,190.00,100%
111.78,3.69,-58.00,212.00,100%
111.81,3.69,-52.10,194.00,100%
111.84,3.66,59.50,216.00,100%
111.84,3.69,-51.60,158.00,100%
111.87,3.69,-49.40,32.00,100%
111.90,3.69,-56.80,212.00,100%
111.93,3.69,-48.30,176.00,100%
111.96,3.67,-24.80,92.00,100%
111.96,3.69,-41.90,154.00,100%
111.99,3.69,-56.70,210.00,100%
112.02,3.69,-57.10,210.00,100%
112.05,3.69,-49.10,180.00,100%
112.08,3.67,59.70,206.00,100%
112.08,3.69,-45.10,164.00,100%
112.11,3.69,-55.50,216.00,100%
112.14,3.69,-54.20,186.00,100%
112.17,3.69,-58.50,216.00,100%
112.20,3.67,-11.90,42.00,100%
112.20,3.69,-45.30,168.00,100%
112.23,3.69,-60.10,222.00,100%
112.26,3.69,-50.40,186.00,100%
112.29,3.69,-57.40,216.00,100%
112.32,3.67,69.90,186.00,100%
112.32,3.69,-47.80,190.00,100%
112.35,3.69,-58.10,186.00,100%
112.38,3.69,-47.50,200.00,100%
112.41,3.69,-59.70,220.00,100%
112.44,3.67,-2.70,10.00,100%
112.44,3.69,-51.20,190.00,100%
112.50,3.69,-51.80,190.00,100%
112.53,3.69,-54.80,204.00,100%
112.53,3.69,-56.70,186.00,100%
112.56,3.67,64.20,30.00,100%
112.56,3.69,-52.40,180.00,100%
112.59,3.69,-50.50,180.00,100%
112.62,3.69,-53.40,216.00,100%
112.65,3.69,-53.40,196.00,100%
112.68,3.67,90.10,330.00,100%
112.68,3.70,-48.70,180.00,100%
112.71,3.69,-50.00,184.00,100%
112.74,3.69,-58.80,216.00,100%
112.77,3.69,-47.50,186.00,100%
112.83,3.67,63.10,40.00,100%
112.83,3.69,-48.70,154.00,100%
112.83,3.69,-49.10,206.00,100%
112.86,3.69,-54.50,200.00,100%
112.92,3.69,-53.20,196.00,100%
112.95,3.67,-7.10,26.00,100%
112.95,3.69,-43.90,160.00,100%
112.95,3.69,-58.00,212.00,100%
112.98,3.69,-53.40,196.00,100%
113.01,3.69,-50.50,212.00,100%
113.04,3.67,74.10,184.00,100%
113.04,3.69,-41.60,164.00,100%
113.07,3.69,-56.60,216.00,100%
113.10,3.69,-49.10,180.00,100%
113.13,3.69,-59.60,220.00,100%
113.16,3.67,93.40,344.00,100%
113.16,3.69,-48.20,176.00,100%
113.19,3.69,-58.30,216.00,100%
113.25,3.69,-47.70,176.00,100%
113.25,3.69,-56.90,210.00,100%
113.28,3.67,73.50,114.00,100%
113.28,3.69,-45.10,180.00,100%
113.31,3.69,-56.30,184.00,100%
113.34,3.69,-56.20,206.00,100%
113.38,3.69,-58.30,216.00,100%
113.40,3.67,95.60,350.00,100%
113.40,3.69,-52.70,194.00,100%
113.43,3.69,-50.30,186.00,100%
113.46,3.69,-54.50,220.00,100%
113.49,3.69,-57.20,186.00,100%
113.52,3.67,94.60,186.00,100%
113.52,3.69,-50.80,174.00,100%
113.55,3.69,-48.40,184.00,100%
113.58,3.69,-60.20,222.00,100%
113.61,3.69,-52.00,194.00,100%
113.64,3.67,93.40,340.00,100%
113.64,3.70,-48.30,176.00,100%
113.67,3.69,-50.60,186.00,100%
113.70,3.69,-57.20,194.00,100%
113.73,3.69,-50.30,196.00,100%
113.76,3.67,79.50,124.00,100%
113.76,3.69,-46.60,150.00,100%
113.79,3.69,-50.00,212.00,100%
113.82,3.69,-54.10,200.00,100%
113.85,3.69,-53.30,196.00,100%
113.88,3.67,89.50,328.00,100%
113.88,3.69,-40.80,150.00,100%
113.91,3.69,-58.30,216.00,100%
113.94,3.69,-49.20,180.00,100%
113.97,3.69,-55.40,222.00,100%
114.00,3.67,87.90,158.00,100%
114.00,3.69,-41.00,174.00,100%
114.03,3.69,-55.30,204.00,100%
114.06,3.69,-52.40,194.00,100%
114.09,3.69,-58.10,212.00,100%
114.12,3.67,36.80,134.00,100%
114.15,3.69,-50.30,186.00,100%
114.15,3.69,-52.90,196.00,100%
114.18,3.69,-50.80,212.00,100%
114.21,3.69,-59.40,194.00,100%
114.24,3.67,76.80,174.00,100%
114.27,3.69,-49.50,180.00,100%
114.27,3.69,-48.30,176.00,100%
114.30,3.69,-59.80,222.00,100%
114.33,3.69,-51.20,190.00,100%
114.36,3.67,34.80,128.00,100%
114.36,3.70,-48.80,180.00,100%
114.39,3.69,-49.60,184.00,100%
114.42,3.69,-57.30,196.00,100%
114.45,3.69,-52.10,200.00,100%
114.48,3.67,-47.00,174.00,100%
114.48,3.69,-44.80,158.00,100%
114.51,3.69,-59.10,216.00,100%
114.54,3.69,-52.90,196.00,100%
114.57,3.69,-54.00,200.00,100%
114.60,3.68,36.90,194.00,100%
114.60,3.70,-41.00,150.00,100%
114.63,3.69,-57.20,204.00,100%
114.66,3.69,-49.50,184.00,100%
114.69,3.69,-56.20,222.00,100%
114.72,3.67,-36.20,134.00,100%
114.72,3.69,-41.10,184.00,100%
114.76,3.69,-55.80,206.00,100%
114.78,3.69,-52.50,194.00,100%
114.81,3.69,-58.80,216.00,100%
114.84,3.67,44.50,204.00,100%
114.84,3.69,-51.10,190.00,100%
114.87,3.69,-50.60,176.00,100%
114.93,3.69,-53.70,220.00,100%
114.93,3.69,-58.00,190.00,100%
114.96,3.67,87.70,246.00,100%
114.96,3.69,-48.70,180.00,100%
114.99,3.69,-51.20,190.00,100%
115.02,3.69,-58.50,216.00,100%
115.08,3.69,-51.80,190.00,100%
115.08,3.67,23.40,86.00,100%
115.08,3.69,-47.50,154.00,100%
115.11,3.69,-49.60,50.00,100%
115.14,3.69,-59.70,200.00,100%
115.17,3.69,-49.40,196.00,100%
115.20,3.67,75.80,256.00,100%
115.20,3.69,-40.30,148.00,100%
115.23,3.69,-60.20,222.00,100%
115.26,3.69,-50.10,186.00,100%
115.29,3.69,-56.20,206.00,100%
115.32,3.67,45.40,20.00,100%
115.32,3.69,-41.70,176.00,100%
115.35,3.69,-57.10,200.00,100%
115.38,3.69,-50.50,196.00,100%
115.41,3.69,-55.30,216.00,100%
115.44,3.67,-14.80,56.00,100%
115.44,3.69,-50.70,186.00,100%
115.50,3.69,-54.50,200.00,100%
115.50,3.69,-53.00,196.00,100%
115.53,3.69,-59.60,220.00,100%
115.56,3.67,53.80,204.00,100%
115.56,3.69,-51.00,176.00,100%
115.59,3.69,-49.40,180.00,100%
115.62,3.69,-56.10,222.00,100%
115.65,3.69,-56.10,186.00,100%
115.68,3.67,-14.90,56.00,100%
115.68,3.69,-48.20,176.00,100%
115.71,3.69,-52.70,194.00,100%
115.74,3.69,-58.70,216.00,100%
115.77,3.69,-50.80,186.00,100%
115.80,3.67,47.00,210.00,100%
115.80,3.69,-43.20,148.00,100%
115.83,3.69,-53.80,216.00,100%
115.89,3.69,-57.60,194.00,100%
115.89,3.69,-48.10,206.00,100%
115.92,3.67,89.20,328.00,100%
115.92,3.69,-45.80,170.00,100%
115.95,3.69,-58.90,220.00,100%
115.98,3.69,-50.30,186.00,100%
116.01,3.69,-58.20,216.00,100%
116.04,3.66,58.40,174.00,100%
116.04,3.68,-44.80,176.00,100%
116.07,3.69,-57.10,190.00,100%
116.10,3.69,-48.60,206.00,100%
116.13,3.69,-57.70,204.00,100%
116.16,3.67,2.30,10.00,100%
116.16,3.69,-53.20,196.00,100%
116.19,3.69,-49.70,184.00,100%
116.22,3.69,-58.50,216.00,100%
116.25,3.69,-52.50,194.00,100%
116.28,3.66,41.80,42.00,100%
116.28,3.69,-49.00,148.00,100%
116.31,3.69,-49.20,16.00,100%
116.34,3.69,-57.30,206.00,100%
116.37,3.69,-49.80,180.00,100%
116.40,3.67,0.50,4.00,100%
116.40,3.69,-45.30,168.00,100%
116.43,3.69,-55.70,206.00,100%
116.46,3.69,-56.70,210.00,100%
116.49,3.69,-50.50,186.00,100%
116.52,3.66,41.10,176.00,100%
116.52,3.69,-40.60,158.00,100%
116.55,3.69,-58.40,222.00,100%
116.58,3.69,-53.00,184.00,100%
116.61,3.69,-50.20,212.00,100%
116.64,3.67,12.90,50.00,100%
116.64,3.69,-47.70,176.00,100%
116.67,3.69,-57.90,212.00,100%
116.70,3.69,-49.30,184.00,100%
116.73,3.69,-58.50,216.00,100%
116.76,3.67,74.80,168.00,100%
116.76,3.69,-45.80,180.00,100%
116.79,3.69,-59.30,196.00,100%
116.82,3.69,-47.60,206.00,100%
116.85,3.69,-56.70,206.00,100%
116.88,3.67,17.50,66.00,100%
116.88,3.69,-52.90,196.00,100%
116.91,3.69,-51.30,190.00,100%
116.94,3.69,-57.70,212.00,100%
117.03,3.69,-55.00,204.00,100%
117.03,3.67,71.60,212.00,100%
117.06,3.69,-50.80,154.00,100%
117.06,3.69,-51.40,200.00,100%
117.06,3.69,-56.80,212.00,100%
117.12,3.69,-51.70,176.00,100%
117.12,3.67,36.50,134.00,100%
117.12,3.69,-44.50,164.00,100%
117.15,3.69,-55.00,204.00,100%
117.18,3.69,-57.80,212.00,100%
117.21,3.69,-48.70,180.00,100%
117.24,3.67,77.30,186.00,100%
117.24,3.69,-41.50,154.00,100%
117.27,3.69,-56.00,220.00,100%
117.30,3.69,-55.80,186.00,100%
117.33,3.69,-56.80,210.00,100%
117.36,3.67,26.90,98.00,100%
117.36,3.69,-44.10,164.00,100%
117.39,3.69,-58.90,220.00,100%
117.42,3.69,-50.10,184.00,100%
117.45,3.69,-57.20,212.00,100%
117.48,3.67,72.00,138.00,100%
117.48,3.69,-45.10,184.00,100%
117.51,3.69,-58.00,186.00,100%
117.54,3.69,-46.50,204.00,100%
117.57,3.69,-57.30,212.00,100%
117.60,3.67,96.90,358.00,100%
117.60,3.69,-50.60,186.00,100%
117.63,3.69,-51.90,194.00,100%
117.66,3.69,-56.50,210.00,100%
117.69,3.69,-55.30,204.00,100%
117.72,3.67,79.60,164.00,100%
117.72,3.69,-52.00,168.00,100%
117.75,3.69,-48.90,194.00,100%
117.78,3.69,-56.70,216.00,100%
117.81,3.69,-48.10,176.00,100%
117.84,3.67,31.20,114.00,100%
117.84,3.69,-40.00,148.00,100%
117.87,3.69,-56.80,210.00,100%
117.90,3.69,-56.90,210.00,100%
117.93,3.69,-49.50,184.00,100%
117.96,3.67,87.10,168.00,100%
117.96,3.69,-44.50,140.00,100%
117.99,3.69,-56.00,212.00,100%
118.02,3.69,-51.80,174.00,100%
118.05,3.69,-59.40,220.00,100%
118.08,3.67,42.20,158.00,100%
118.08,3.69,-45.20,168.00,100%
118.11,3.69,-58.50,212.00,100%
118.14,3.69,-48.80,180.00,100%
118.20,3.69,-57.70,206.00,100%
118.20,3.67,34.10,190.00,100%
118.20,3.69,-50.20,174.00,100%
118.23,3.69,-55.40,180.00,100%
118.26,3.69,-48.40,212.00,100%
118.29,3.69,-54.70,204.00,100%
118.32,3.67,41.30,154.00,100%
118.32,3.69,-49.50,184.00,100%
118.35,3.69,-49.90,184.00,100%
118.38,3.69,-58.30,216.00,100%
118.41,3.69,-50.70,180.00,100%
118.44,3.67,93.50,168.00,100%
118.44,3.69,-51.80,144.00,100%
118.47,3.69,-47.40,40.00,100%
118.50,3.69,-56.80,210.00,100%
118.53,3.69,-51.30,190.00,100%
118.56,3.67,35.60,132.00,100%
118.56,3.69,-43.50,160.00,100%
118.59,3.69,-56.60,210.00,100%
118.62,3.69,-55.50,206.00,100%
118.65,3.69,-48.80,210.00,100%
118.68,3.67,67.90,92.00,100%
118.68,3.69,-44.00,154.00,100%
118.71,3.69,-56.20,216.00,100%
118.74,3.69,-49.40,184.00,100%
118.77,3.69,-59.10,220.00,100%
118.80,3.67,41.80,154.00,100%
118.83,3.69,-45.80,170.00,100%
118.83,3.69,-58.60,216.00,100%
118.86,3.69,-49.90,184.00,100%
118.89,3.69,-56.10,210.00,100%
118.92,3.67,81.00,82.00,100%
118.92,3.69,-46.00,180.00,100%
118.95,3.69,-56.90,184.00,100%
118.98,3.69,-55.10,204.00,100%
119.01,3.69,-58.40,216.00,100%
119.04,3.67,45.60,168.00,100%
119.04,3.69,-52.10,194.00,100%
119.07,3.69,-51.80,190.00,100%
119.10,3.69,-55.30,204.00,100%
119.13,3.69,-54.60,184.00,100%
119.16,3.67,81.50,82.00,100%
119.16,3.69,-49.80,160.00,100%
119.19,3.69,-49.20,186.00,100%
119.22,3.69,-58.40,216.00,100%
119.25,3.69,-51.30,190.00,100%
119.28,3.65,-57.60,212.00,100%
119.31,3.69,-2.50,10.00,100%
119.31,3.69,-58.00,212.00,100%
119.34,3.69,-51.60,190.00,100%
119.37,3.69,-53.00,216.00,100%
119.43,3.67,-20.40,190.00,100%
119.43,3.69,-40.10,32.00,100%
119.43,3.69,-16.50,272.00,100%
119.46,3.69,-49.30,180.00,100%
119.49,3.69,-60.20,222.00,100%
119.52,3.65,-49.40,184.00,100%
119.55,3.69,-5.70,20.00,100%
119.55,3.69,10.40,40.00,100%
119.58,3.69,-50.00,184.00,100%
119.61,3.69,-57.10,196.00,100%
119.64,3.67,-8.10,196.00,100%
119.67,3.69,-48.50,10.00,100%
119.67,3.69,-54.20,140.00,100%
119.70,3.69,-50.00,216.00,100%
119.73,3.69,-54.00,200.00,100%
119.76,3.64,-53.90,200.00,100%
119.79,3.69,-11.10,40.00,100%
119.79,3.69,77.50,282.00,100%
119.82,3.69,-58.60,216.00,100%
119.85,3.69,-49.20,180.00,100%
119.88,3.67,-3.90,216.00,100%
119.91,3.69,-48.00,40.00,100%
119.91,3.69,-48.60,272.00,100%
119.94,3.69,-55.40,204.00,100%
119.97,3.69,-52.90,196.00,100%
120.00,3.65,-59.70,220.00,100%
120.03,3.69,-11.80,42.00,100%
120.06,3.69,73.00,266.00,100%
120.06,3.69,-52.90,196.00,100%
120.09,3.69,-51.50,212.00,100%
120.12,3.67,-4.20,186.00,100%
120.16,3.69,-40.90,20.00,100%
120.16,3.69,-57.50,268.00,100%
120.18,3.69,-49.00,180.00,100%
120.21,3.69,-60.10,222.00,100%
120.24,3.65,-49.90,184.00,100%
120.27,3.69,-16.20,58.00,100%
120.27,3.69,-56.30,206.00,100%
120.30,3.69,-49.60,184.00,100%
120.33,3.69,-56.80,196.00,100%
120.36,3.67,10.40,194.00,100%
120.36,3.69,-46.10,0.00,100%
120.39,3.69,-53.10,294.00,100%
120.42,3.69,-58.80,216.00,100%
120.45,3.69,-53.40,196.00,100%
120.48,3.66,-51.00,190.00,100%
120.51,3.69,-21.70,78.00,100%
120.51,3.69,-25.40,92.00,100%
120.54,3.69,-57.70,206.00,100%
120.57,3.69,-48.80,180.00,100%
120.60,3.67,11.00,216.00,100%
120.63,3.69,-46.10,32.00,100%
120.63,3.69,10.90,272.00,100%
120.66,3.69,-55.40,204.00,100%
120.69,3.69,-52.60,194.00,100%
120.72,3.65,-54.40,200.00,100%
120.75,3.69,-19.50,72.00,100%
120.75,3.69,23.40,86.00,100%
120.81,3.69,-51.00,176.00,100%
120.84,3.69,-52.90,216.00,100%
120.84,3.67,13.00,184.00,100%
120.84,3.69,-37.70,10.00,100%
120.87,3.69,-56.60,196.00,100%
120.90,3.69,-51.00,190.00,100%
120.93,3.69,-59.10,220.00,100%
120.96,3.66,-46.50,170.00,100%
120.99,3.69,-25.60,96.00,100%
120.99,3.69,-55.80,206.00,100%
121.02,3.69,-49.30,210.00,100%
121.05,3.69,-58.70,196.00,100%
121.08,3.66,25.00,194.00,100%
121.08,3.69,-46.60,0.00,100%
121.11,3.69,80.80,294.00,100%
121.14,3.69,-59.20,220.00,100%
121.17,3.69,-52.10,194.00,100%
121.20,3.66,-47.40,174.00,100%
121.23,3.69,-30.90,114.00,100%
121.23,3.69,-47.90,176.00,100%
121.26,3.69,-56.20,210.00,100%
121.29,3.69,-52.40,184.00,100%
121.32,3.66,26.80,212.00,100%
121.35,3.69,-48.10,16.00,100%
121.35,3.69,77.00,282.00,100%
121.41,3.69,-59.70,220.00,100%
121.41,3.69,-50.10,186.00,100%
121.44,3.66,-52.90,196.00,100%
121.50,3.69,-30.10,112.00,100%
121.50,3.69,-51.40,186.00,100%
121.50,3.69,-57.00,194.00,100%
121.53,3.69,-52.00,196.00,100%
121.56,3.66,28.60,216.00,100%
121.56,3.69,-46.30,14.00,100%
121.59,3.69,74.70,272.00,100%
121.62,3.69,-57.50,212.00,100%
121.65,3.69,-48.60,180.00,100%
121.68,3.67,-52.80,194.00,100%
121.71,3.69,-30.90,114.00,100%
121.71,3.69,-18.30,66.00,100%
121.74,3.69,-56.80,184.00,100%
121.80,3.69,-48.60,206.00,100%
121.80,3.66,32.40,212.00,100%
121.80,3.69,-42.10,16.00,100%
121.83,3.69,-3.20,14.00,100%
121.89,3.69,-53.80,200.00,100%
121.89,3.69,-51.50,190.00,100%
121.92,3.64,76.80,282.00,100%
121.95,3.69,-33.90,124.00,100%
121.95,3.69,29.90,262.00,100%
121.98,3.69,-54.70,184.00,100%
122.01,3.69,-50.50,216.00,100%
122.04,3.66,-55.10,204.00,100%
122.07,3.69,2.30,10.00,100%
122.07,3.69,44.70,164.00,100%
122.10,3.69,-52.80,194.00,100%
122.13,3.69,-55.20,204.00,100%
122.16,3.67,-48.00,176.00,100%
122.19,3.69,-34.80,128.00,100%
122.19,3.69,73.20,276.00,100%
122.22,3.69,-50.20,180.00,100%
122.25,3.69,-54.40,220.00,100%
122.28,3.65,-34.50,184.00,100%
122.31,3.69,-0.20,0.00,100%
122.31,3.69,71.60,262.00,100%
122.34,3.69,-48.20,176.00,100%
122.37,3.69,-57.90,212.00,100%
122.40,3.67,-52.10,194.00,100%
122.43,3.69,-40.90,150.00,100%
122.43,3.69,-57.50,288.00,100%
122.49,3.69,-50.50,196.00,100%
122.49,3.69,-56.80,216.00,100%
122.52,3.66,46.60,170.00,100%
122.55,3.69,-0.90,4.00,100%
122.55,3.69,72.80,266.00,100%
122.58,3.69,-49.10,180.00,100%
122.64,3.69,-58.80,216.00,100%
122.64,3.67,-41.80,154.00,100%
122.64,3.68,-44.10,160.00,100%
122.67,3.69,-56.80,294.00,100%
122.70,3.69,-50.80,204.00,100%
122.73,3.69,-56.30,216.00,100%
122.76,3.65,-19.80,184.00,100%
122.79,3.69,-2.70,10.00,100%
122.80,3.69,-56.30,206.00,100%
122.82,3.69,-49.70,184.00,100%
122.85,3.69,-59.30,220.00,100%
122.88,3.68,-51.00,186.00,100%
122.91,3.69,-45.60,32.00,100%
122.91,3.69,-26.50,294.00,100%
122.94,3.69,-48.90,212.00,100%
122.97,3.69,-57.00,210.00,100%
123.00,3.64,-47.90,176.00,100%
123.06,3.69,-4.90,16.00,100%
123.06,3.69,-0.20,0.00,100%
123.06,3.69,-52.20,194.00,100%
123.09,3.69,-59.90,222.00,100%
123.12,3.68,-50.30,186.00,100%
123.12,3.69,-47.60,32.00,100%
123.15,3.69,-53.30,104.00,100%
123.18,3.69,-51.50,220.00,100%
123.21,3.69,-57.40,196.00,100%
123.24,3.64,-52.70,194.00,100%
123.27,3.69,-8.30,30.00,100%
123.27,3.69,64.80,236.00,100%
123.30,3.69,-56.70,210.00,100%
123.33,3.69,-56.80,210.00,100%
123.36,3.68,-49.90,184.00,100%
123.39,3.69,-49.20,42.00,100%
123.39,3.69,-50.90,294.00,100%
123.42,3.69,-56.80,222.00,100%
123.45,3.69,-56.20,186.00,100%
123.48,3.64,-56.50,210.00,100%
123.51,3.69,-10.90,40.00,100%
123.51,3.69,79.30,288.00,100%
123.54,3.69,-58.40,216.00,100%
123.57,3.69,-51.70,190.00,100%
123.60,3.68,-55.80,206.00,100%
123.60,3.69,-46.10,66.00,100%
123.63,3.69,-48.90,272.00,100%
123.66,3.69,-59.10,206.00,100%
123.69,3.69,-50.10,186.00,100%
123.72,3.64,-59.50,220.00,100%
123.72,3.69,-11.20,42.00,100%
123.75,3.69,73.60,268.00,100%
123.79,3.69,-56.00,206.00,100%
123.81,3.69,-49.90,184.00,100%
123.84,3.68,-57.70,200.00,100%
123.87,3.69,-39.60,62.00,100%
123.87,3.69,-56.30,262.00,100%
123.90,3.69,-56.60,190.00,100%
123.93,3.69,-48.90,210.00,100%
123.96,3.65,-55.80,206.00,100%
123.99,3.69,-14.50,52.00,100%
123.99,3.69,-58.90,216.00,100%
124.02,3.69,-51.70,190.00,100%
124.05,3.69,-56.60,210.00,100%
124.08,3.65,0.80,186.00,100%
124.14,3.69,-38.40,26.00,100%
124.14,3.69,-40.60,272.00,100%
124.14,3.69,-50.60,186.00,100%
124.17,3.69,-54.00,216.00,100%
124.20,3.65,-49.20,180.00,100%
124.20,3.69,-19.80,72.00,100%
124.23,3.69,-5.10,20.00,100%
124.26,3.69,-49.50,184.00,100%
124.29,3.69,-58.40,216.00,100%
124.32,3.67,-48.70,176.00,100%
124.35,3.69,-41.30,16.00,100%
124.35,3.69,-59.40,96.00,100%
124.38,3.69,-49.60,190.00,100%
124.41,3.69,-55.10,216.00,100%
124.44,3.66,-49.80,184.00,100%
124.47,3.68,-23.80,88.00,100%
124.47,3.69,68.60,252.00,100%
124.50,3.69,-50.40,186.00,100%
124.53,3.69,-58.60,216.00,100%
124.56,3.68,-45.70,180.00,100%
124.59,3.69,-43.50,4.00,100%
124.59,3.69,-59.30,288.00,100%
124.62,3.69,-46.40,204.00,100%
124.65,3.69,-56.30,210.00,100%
124.68,3.65,-49.70,184.00,100%
124.71,3.69,-29.40,108.00,100%
124.71,3.69,-51.70,190.00,100%
124.77,3.69,-54.20,200.00,100%
124.77,3.69,-58.50,216.00,100%
124.80,3.66,40.80,206.00,100%
124.80,3.69,-46.70,0.00,100%
124.83,3.69,-55.80,292.00,100%
124.86,3.69,-49.30,210.00,100%
124.89,3.69,-57.00,204.00,100%
124.92,3.65,-51.20,190.00,100%
124.95,3.69,-32.50,118.00,100%
124.95,3.69,-50.70,186.00,100%
124.98,3.69,-53.90,200.00,100%
125.01,3.69,-58.20,216.00,100%
125.04,3.68,-44.70,196.00,100%
125.04,3.69,-46.80,0.00,100%
125.07,3.69,-55.00,180.00,100%
125.10,3.69,-49.40,210.00,100%
125.13,3.69,-54.70,204.00,100%
125.16,3.65,-50.40,186.00,100%
125.16,3.69,-35.20,128.00,100%
125.19,3.69,-8.50,30.00,100%
125.22,3.69,-55.30,204.00,100%
125.25,3.69,-57.60,212.00,100%
125.28,3.67,-44.10,206.00,100%
125.28,3.69,-48.40,0.00,100%
125.31,3.69,-53.20,76.00,100%
125.37,3.69,-50.20,212.00,100%
125.37,3.69,-53.70,200.00,100%
125.40,3.65,-47.00,174.00,100%
125.43,3.69,-38.30,140.00,100%
125.43,3.69,49.10,180.00,100%
125.49,3.69,-55.70,206.00,100%
125.49,3.69,-56.60,210.00,100%
125.52,3.66,73.30,206.00,100%
125.52,3.69,-49.20,0.00,100%
125.55,3.69,-50.90,246.00,100%
125.58,3.69,-51.80,216.00,100%
125.61,3.69,-51.30,190.00,100%
125.64,3.66,-52.60,194.00,100%
125.67,3.69,-40.80,150.00,100%
125.67,3.69,-51.20,190.00,100%
125.70,3.69,-57.30,212.00,100%
125.73,3.69,-52.80,196.00,100%
125.76,3.67,-46.50,220.00,100%
125.79,3.69,-50.50,4.00,100%
125.79,3.69,-49.80,288.00,100%
125.82,3.69,-54.80,216.00,100%
125.85,3.69,-50.90,186.00,100%
125.88,3.66,-55.90,206.00,100%
125.91,3.69,-41.30,150.00,100%
125.91,3.69,-50.80,186.00,100%
125.94,3.69,-58.40,216.00,100%
125.97,3.69,-49.00,186.00,100%
126.00,3.67,78.20,220.00,100%
126.03,3.69,-49.20,4.00,100%
126.03,3.69,-47.20,276.00,100%
126.06,3.69,-56.20,210.00,100%
126.09,3.69,-49.50,184.00,100%
126.12,3.66,-58.10,216.00,100%
126.15,3.69,-39.00,144.00,100%
126.15,3.69,-54.60,200.00,100%
126.18,3.69,-58.00,212.00,100%
126.21,3.69,-46.10,204.00,100%
126.24,3.67,81.10,212.00,100%
126.27,3.69,-44.60,0.00,100%
126.27,3.69,-50.40,266.00,100%
126.30,3.69,-56.70,184.00,100%
126.33,3.69,-55.80,206.00,100%
126.36,3.66,-40.40,150.00,100%
126.39,3.69,-37.00,138.00,100%
126.39,3.69,-41.00,150.00,100%
126.42,3.69,-51.50,190.00,100%
126.45,3.69,-51.70,212.00,100%
126.48,3.66,-47.60,186.00,100%
126.51,3.69,-42.70,0.00,100%
126.51,3.69,-56.90,92.00,100%
126.54,3.69,-47.40,174.00,100%
126.57,3.69,-59.60,220.00,100%
126.60,3.66,-27.10,102.00,100%
126.63,3.69,-44.30,164.00,100%
126.63,3.69,7.00,26.00,100%
126.66,3.69,-47.00,174.00,100%
126.69,3.69,-56.40,210.00,100%
126.72,3.66,100.00,180.00,100%
126.75,3.69,-45.80,6.00,100%
126.75,3.69,-57.50,140.00,100%
126.78,3.69,-54.90,204.00,100%
126.81,3.69,-59.30,220.00,100%
126.84,3.66,-48.70,180.00,100%
126.87,3.69,-49.50,184.00,100%
126.87,3.69,-51.60,190.00,100%
126.90,3.69,-53.20,196.00,100%
126.93,3.69,-56.60,184.00,100%
126.96,3.66,105.00,204.00,100%
126.96,3.69,-48.90,14.00,100%
126.99,3.69,-51.50,304.00,100%
127.02,3.69,-58.80,216.00,100%
127.05,3.69,-53.40,196.00,100%
127.08,3.66,-14.50,52.00,100%
127.08,3.69,-50.10,184.00,100%
127.11,3.69,-50.30,186.00,100%
127.14,3.69,-57.70,216.00,100%
127.17,3.69,-51.30,176.00,100%
127.20,3.65,-26.90,216.00,100%
127.20,3.69,-49.80,20.00,100%
127.23,3.69,-48.00,278.00,100%
127.26,3.69,-58.60,216.00,100%
127.29,3.69,-49.60,184.00,100%
127.32,3.67,-15.20,56.00,100%
127.32,3.69,-41.50,154.00,100%
127.35,3.69,-54.90,200.00,100%
127.38,3.69,-56.30,180.00,100%
127.41,3.69,-48.00,210.00,100%
127.44,3.65,-23.10,206.00,100%
127.44,3.69,-42.10,26.00,100%
127.47,3.69,-53.00,212.00,100%
127.53,3.69,-52.30,194.00,100%
127.53,3.69,-56.20,206.00,100%
127.56,3.67,69.50,256.00,100%
127.56,3.69,-40.60,150.00,100%
127.59,3.69,-28.70,104.00,100%
127.62,3.69,-49.70,186.00,100%
127.65,3.69,-56.20,220.00,100%
127.68,3.65,-17.00,184.00,100%
127.71,3.69,-41.90,52.00,100%
127.71,3.69,-1.70,6.00,100%
127.74,3.69,-52.60,194.00,100%
127.77,3.69,-58.50,216.00,100%
127.80,3.67,-51.20,190.00,100%
127.80,3.69,-47.40,174.00,100%
127.83,3.69,-55.20,204.00,100%
127.86,3.69,-48.20,210.00,100%
127.89,3.69,-59.30,206.00,100%
127.92,3.65,-4.40,186.00,100%
127.95,3.69,-47.50,76.00,100%
127.95,3.69,63.60,232.00,100%
127.98,3.69,-58.10,216.00,100%
128.01,3.69,-55.40,204.00,100%
128.04,3.67,-49.50,184.00,100%
128.07,3.69,-48.90,180.00,100%
128.07,3.69,-50.80,186.00,100%
128.10,3.69,-53.70,212.00,100%
128.13,3.69,-58.40,194.00,100%
128.16,3.65,105.40,204.00,100%
128.16,3.69,-49.60,78.00,100%
128.19,3.69,81.50,298.00,100%
128.22,3.69,-60.00,222.00,100%
128.25,3.69,-49.70,184.00,100%
128.28,3.67,-55.20,204.00,100%
128.31,3.69,-47.50,174.00,100%
128.34,3.69,-48.00,176.00,100%
128.34,3.69,-57.00,206.00,100%
128.37,3.69,-52.00,186.00,100%
128.40,3.64,-57.30,212.00,100%
128.43,3.69,-20.20,76.00,100%
128.43,3.69,-55.80,204.00,100%
128.46,3.69,-58.90,216.00,100%
128.49,3.69,-47.80,176.00,100%
128.52,3.67,-57.10,210.00,100%
128.55,3.69,-41.40,154.00,100%
128.55,3.69,-46.20,266.00,100%
128.58,3.69,-57.70,186.00,100%
128.61,3.69,-51.20,206.00,100%
128.64,3.64,4.10,212.00,100%
128.64,3.69,-21.10,78.00,100%
128.67,3.69,-23.90,88.00,100%
128.70,3.69,-52.00,194.00,100%
128.73,3.69,-53.70,200.00,100%
128.76,3.67,-56.10,206.00,100%
128.76,3.68,-38.60,140.00,100%
128.79,3.69,-56.30,36.00,100%
128.82,3.69,-52.90,180.00,100%
128.85,3.69,-52.30,216.00,100%
128.88,3.65,-48.30,176.00,100%
128.91,3.69,-28.40,104.00,100%
128.91,3.69,51.30,186.00,100%
128.94,3.69,-50.20,186.00,100%
128.97,3.69,-58.70,216.00,100%
129.00,3.67,-49.70,184.00,100%
129.03,3.69,-42.70,0.00,100%
129.03,3.69,-56.90,288.00,100%
129.06,3.69,-51.20,200.00,100%
129.09,3.69,-56.50,212.00,100%
129.12,3.65,-49.80,184.00,100%
129.15,3.69,-35.80,132.00,100%
129.15,3.69,-54.80,204.00,100%
129.18,3.69,-51.60,190.00,100%
129.21,3.69,-60.10,222.00,100%
129.24,3.67,-45.20,168.00,100%
129.27,3.69,-47.10,0.00,100%
129.27,3.67,81.40,282.00,100%
129.30,3.69,-56.20,212.00,100%
129.33,3.69,-55.10,190.00,100%
129.36,3.69,-49.50,212.00,100%
129.39,3.69,-37.10,72.00,100%
129.39,3.69,77.40,282.00,100%
129.42,3.69,-59.60,220.00,100%
129.45,3.69,-49.90,184.00,100%
129.48,3.68,-57.40,212.00,100%
129.48,3.68,0.20,0.00,100%
129.51,3.65,80.70,62.00,100%
129.54,3.69,-58.20,196.00,100%
129.57,3.69,-51.20,196.00,100%
129.60,3.69,-55.10,212.00,100%
129.60,3.69,24.00,88.00,100%
129.63,3.69,71.80,262.00,100%
129.66,3.69,-54.50,200.00,100%
129.69,3.69,-51.90,194.00,100%
129.72,3.70,-58.90,216.00,100%
129.75,3.69,0.30,0.00,100%
129.75,3.69,1.00,268.00,100%
129.78,3.69,-55.00,186.00,100%
129.84,3.69,-51.00,212.00,100%
129.84,3.69,-58.10,196.00,100%
129.84,3.69,22.90,86.00,100%
129.87,3.69,70.80,258.00,100%
129.90,3.69,-49.60,184.00,100%
129.93,3.69,-58.30,216.00,100%
129.96,3.70,-54.20,200.00,100%
129.99,3.69,0.30,62.00,100%
129.99,3.69,65.40,292.00,100%
130.02,3.69,-51.20,204.00,100%
130.05,3.69,-56.10,216.00,100%
130.08,3.70,-49.80,184.00,100%
130.11,3.68,12.40,46.00,100%
130.11,3.69,75.10,276.00,100%
130.14,3.69,-50.50,186.00,100%
130.17,3.69,-59.90,222.00,100%
130.20,3.70,-51.10,190.00,100%
130.23,3.69,-1.30,62.00,100%
130.23,3.67,75.90,298.00,100%
130.26,3.69,-49.80,216.00,100%
130.29,3.69,-57.20,206.00,100%
130.32,3.69,-48.70,180.00,100%
130.35,3.69,7.50,26.00,100%
130.35,3.69,78.90,288.00,100%
130.38,3.69,-54.20,200.00,100%
130.41,3.69,-59.00,220.00,100%
130.44,3.69,-48.80,200.00,100%
130.44,3.69,-4.70,66.00,100%
130.47,3.69,-52.00,304.00,100%
130.50,3.69,-53.20,220.00,100%
130.53,3.69,-58.20,194.00,100%
130.56,3.69,-52.60,194.00,100%
130.59,3.69,7.40,26.00,100%
130.59,3.69,79.90,292.00,100%
130.62,3.69,-57.70,212.00,100%
130.66,3.69,-53.90,200.00,100%
130.68,3.69,-50.30,210.00,100%
130.68,3.69,-8.40,88.00,100%
130.71,3.69,-49.40,286.00,100%
130.74,3.69,-57.40,220.00,100%
130.77,3.69,-54.20,184.00,100%
130.80,3.69,-58.10,216.00,100%
130.83,3.69,11.90,42.00,100%
130.83,3.69,78.70,288.00,100%
130.86,3.69,-59.00,220.00,100%
130.89,3.69,-50.60,186.00,100%
130.92,3.69,-56.30,216.00,100%
130.95,3.69,-10.10,96.00,100%
130.95,3.69,4.90,262.00,100%
130.98,3.69,-58.10,196.00,100%
131.01,3.69,-49.70,194.00,100%
131.04,3.69,-59.80,220.00,100%
131.07,3.69,17.50,66.00,100%
131.07,3.69,74.00,272.00,100%
131.10,3.69,-55.20,204.00,100%
131.13,3.69,-51.80,190.00,100%
131.16,3.69,-57.20,190.00,100%
131.19,3.69,-11.70,82.00,100%
131.19,3.69,59.50,258.00,100%
131.22,3.69,-53.70,184.00,100%
131.25,3.69,-49.70,212.00,100%
131.28,3.68,-54.50,200.00,100%
131.31,3.69,13.60,50.00,100%
131.31,3.69,72.50,266.00,100%
131.34,3.69,-51.40,190.00,100%
131.37,3.69,-57.50,212.00,100%
131.40,3.69,-52.50,174.00,100%
131.40,3.68,-16.50,56.00,100%
131.43,3.68,70.50,282.00,100%
131.46,3.69,-49.10,190.00,100%
131.52,3.69,-54.60,216.00,100%
131.52,3.65,-51.70,190.00,100%
131.52,3.69,4.90,16.00,100%
131.55,3.69,77.10,282.00,100%
131.58,3.69,-51.70,190.00,100%
131.64,3.69,-58.70,216.00,100%
131.64,3.69,-48.80,194.00,100%
131.64,3.69,-22.60,56.00,100%
131.67,3.69,-55.10,292.00,100%
131.70,3.69,-49.80,212.00,100%
131.73,3.69,-57.20,196.00,100%
131.76,3.68,-52.80,196.00,100%
131.76,3.69,1.50,6.00,100%
131.79,3.69,80.90,294.00,100%
131.82,3.69,-57.30,212.00,100%
131.85,3.69,-53.90,200.00,100%
131.88,3.69,-51.50,212.00,100%
131.91,3.69,-28.50,76.00,100%
131.91,3.69,-50.30,288.00,100%
131.94,3.69,-55.80,216.00,100%
132.00,3.69,-50.00,184.00,100%
132.00,3.68,-58.90,216.00,100%
132.00,3.69,3.20,14.00,100%
132.03,3.69,-31.20,114.00,100%
132.06,3.69,-58.80,216.00,100%
132.09,3.69,-50.00,184.00,100%
132.12,3.68,-55.30,222.00,100%
132.12,3.69,-31.20,92.00,100%
132.15,3.69,4.70,272.00,100%
132.18,3.69,-57.20,200.00,100%
132.21,3.69,-51.50,190.00,100%
132.24,3.67,-58.00,212.00,100%
132.27,3.69,4.50,16.00,100%
132.27,3.69,16.30,58.00,100%
132.30,3.69,-56.00,206.00,100%
132.33,3.69,-49.20,212.00,100%
132.36,3.69,-60.50,206.00,100%
132.39,3.69,-30.50,92.00,100%
132.39,3.69,53.30,266.00,100%
132.42,3.69,-55.30,186.00,100%
132.45,3.69,-57.90,212.00,100%
132.48,3.68,-55.80,206.00,100%
132.48,3.69,4.60,16.00,100%
132.51,3.69,69.40,252.00,100%
132.54,3.69,-51.70,190.00,100%
132.60,3.69,-54.10,212.00,100%
132.60,3.69,-56.60,190.00,100%
132.60,3.69,-32.00,68.00,100%
132.63,3.69,-57.70,276.00,100%
132.66,3.69,-50.00,184.00,100%
132.69,3.69,-60.20,222.00,100%
132.72,3.68,-51.10,190.00,100%
132.75,3.69,-0.10,0.00,100%
132.76,3.69,74.80,272.00,100%
132.78,3.69,-49.20,180.00,100%
132.81,3.69,-56.90,200.00,100%
132.84,3.69,-51.00,186.00,100%
132.87,3.69,-41.60,40.00,100%
132.87,3.69,-56.10,292.00,100%
132.90,3.69,-56.40,210.00,100%
132.93,3.69,-57.10,210.00,100%
132.96,3.65,-50.50,186.00,100%
132.99,3.69,0.00,0.00,100%
132.99,3.69,81.40,298.00,100%
133.02,3.69,-55.00,204.00,100%
133.05,3.69,-55.70,186.00,100%
133.08,3.69,-47.90,206.00,100%
133.08,3.69,-45.70,42.00,100%
133.11,3.69,-48.20,298.00,100%
133.14,3.69,-59.10,220.00,100%
133.17,3.69,-51.90,190.00,100%
133.20,3.67,-55.80,206.00,100%
133.23,3.69,-0.30,0.00,100%
133.23,3.69,-22.80,82.00,100%
133.26,3.69,-57.40,206.00,100%
133.29,3.69,-49.70,184.00,100%
133.32,3.70,-53.70,212.00,100%
133.35,3.69,-46.40,78.00,100%
133.35,3.69,22.20,276.00,100%
133.38,3.69,-58.70,216.00,100%
133.41,3.69,-48.60,180.00,100%
133.44,3.67,-59.50,220.00,100%
133.47,3.69,-1.70,6.00,100%
133.47,3.69,42.00,154.00,100%
133.50,3.69,-56.40,184.00,100%
133.53,3.69,-50.40,206.00,100%
133.56,3.69,-56.70,212.00,100%
133.59,3.69,-42.10,78.00,100%
133.59,3.69,69.60,256.00,100%
133.62,3.69,-54.00,200.00,100%
133.65,3.69,-51.70,190.00,100%
133.68,3.67,-59.70,220.00,100%
133.71,3.69,-5.30,20.00,100%
133.71,3.68,74.70,272.00,100%
133.77,3.69,-54.60,184.00,100%
133.77,3.69,-50.40,216.00,100%
133.80,3.67,69.20,204.00,100%
133.83,3.69,-1.60,92.00,100%
133.86,3.67,71.20,262.00,100%
133.86,3.69,-51.80,190.00,100%
133.89,3.69,-54.20,200.00,100%
133.95,3.67,-57.70,212.00,100%
133.95,3.67,22.60,82.00,100%
133.95,3.66,73.30,212.00,100%
133.98,3.69,-52.10,176.00,100%
134.01,3.69,-53.30,220.00,100%
134.04,3.68,-57.40,190.00,100%
134.07,3.68,22.60,82.00,100%
134.07,3.69,71.00,258.00,100%
134.10,3.69,-51.00,186.00,100%
134.13,3.69,-57.20,212.00,100%
134.16,3.67,-55.80,206.00,100%
134.19,3.67,21.70,78.00,100%
134.19,3.65,73.70,4.00,100%
134.22,3.69,-50.30,186.00,100%
134.25,3.69,-54.50,216.00,100%
134.28,3.68,-56.60,184.00,100%
134.31,3.68,19.70,72.00,100%
134.34,3.69,71.00,258.00,100%
134.34,3.69,-49.90,184.00,100%
134.37,3.69,-57.80,212.00,100%
134.40,3.67,-55.20,204.00,100%
134.43,3.67,20.20,68.00,100%
134.43,3.66,73.80,170.00,100%
134.46,3.69,-51.10,190.00,100%
134.49,3.69,-52.90,212.00,100%
134.52,3.68,-55.80,184.00,100%
134.55,3.69,20.00,72.00,100%
134.55,3.69,71.30,262.00,100%
134.58,3.69,-48.30,176.00,100%
134.62,3.69,-58.50,216.00,100%
134.64,3.70,-54.10,200.00,100%
134.67,3.68,17.00,68.00,100%
134.67,3.69,65.40,286.00,100%
134.70,3.69,-50.00,194.00,100%
134.73,3.69,-54.20,212.00,100%
134.76,3.66,-50.50,186.00,100%
134.79,3.69,18.30,66.00,100%
134.79,3.69,72.90,268.00,100%
134.82,3.69,-48.50,180.00,100%
134.91,3.69,-58.80,216.00,100%
134.91,3.68,-51.00,190.00,100%
134.91,3.68,10.10,66.00,100%
134.91,3.67,72.90,298.00,100%
134.97,3.69,-50.10,204.00,100%
134.97,3.69,-56.60,212.00,100%
135.00,3.65,-42.30,158.00,100%
135.03,3.69,15.90,58.00,100%
135.03,3.69,77.40,282.00,100%
135.06,3.69,-52.30,194.00,100%
135.18,3.69,-58.60,216.00,100%
135.18,3.70,-50.90,186.00,100%
135.18,3.68,4.40,62.00,100%
135.18,3.65,74.50,158.00,100%
135.18,3.69,-48.80,210.00,100%
135.21,3.69,-57.30,204.00,100%
135.24,3.65,-51.10,190.00,100%
135.30,3.69,16.30,58.00,100%
135.30,3.69,81.10,294.00,100%
135.30,3.69,-56.10,206.00,100%
135.33,3.69,-57.60,212.00,100%
135.36,3.70,-46.40,204.00,100%
135.39,3.68,0.10,62.00,100%
135.39,3.69,-19.70,292.00,100%
135.45,3.69,-51.80,212.00,100%
135.45,3.69,-56.80,186.00,100%
135.48,3.64,-54.60,204.00,100%
135.54,3.69,14.70,52.00,100%
135.54,3.69,80.70,294.00,100%
135.54,3.69,-58.20,216.00,100%
135.57,3.69,-53.60,196.00,100%
135.63,3.70,-49.80,210.00,100%
135.63,3.69,0.30,78.00,100%
135.63,3.69,45.50,286.00,100%
135.66,3.69,-55.90,216.00,100%
135.69,3.69,-54.00,184.00,100%
135.72,3.67,-58.40,216.00,100%
135.75,3.69,16.30,58.00,100%
135.75,3.69,66.30,242.00,100%
135.78,3.69,-58.70,216.00,100%
135.81,3.69,-50.40,186.00,100%
135.87,3.70,-55.30,212.00,100%
135.87,3.68,0.10,82.00,100%
135.87,3.69,81.90,276.00,100%
135.93,3.69,-57.10,204.00,100%
135.93,3.69,-49.70,184.00,100%
135.99,3.65,-22.30,82.00,100%
135.99,3.69,23.30,86.00,100%
135.99,3.69,74.10,272.00,100%
136.02,3.69,-57.20,212.00,100%
136.05,3.69,-47.80,176.00,100%
136.08,3.70,-58.70,210.00,100%
136.08,3.69,-0.10,92.00,100%
136.11,3.67,77.90,250.00,100%
136.14,3.69,-56.80,186.00,100%
136.17,3.69,-55.20,204.00,100%
136.20,3.67,-57.00,210.00,100%
136.20,3.69,23.70,88.00,100%
136.23,3.69,71.90,262.00,100%
136.26,3.69,-52.30,194.00,100%
136.29,3.69,-51.30,212.00,100%
136.32,3.69,-60.10,196.00,100%
136.32,3.69,-0.10,86.00,100%
136.35,3.69,-56.00,266.00,100%
136.38,3.69,-53.20,184.00,100%
136.41,3.69,-58.60,216.00,100%
136.44,3.67,-53.50,196.00,100%
136.47,3.69,21.80,78.00,100%
136.47,3.69,71.90,262.00,100%
136.50,3.69,-51.40,190.00,100%
136.53,3.69,-53.60,212.00,100%
136.56,3.69,-58.20,196.00,100%
136.56,3.68,-0.50,72.00,100%
136.59,3.69,-17.40,272.00,100%
136.62,3.69,-48.40,180.00,100%
136.65,3.69,-60.10,222.00,100%
136.68,3.67,-51.20,190.00,100%
136.71,3.69,14.10,52.00,100%
136.71,3.69,72.60,266.00,100%
136.74,3.69,-49.90,184.00,100%
136.77,3.69,-55.90,210.00,100%
136.80,3.68,-53.80,186.00,100%
136.83,3.69,-4.00,66.00,100%
136.83,3.69,31.10,286.00,100%
136.86,3.69,-52.80,196.00,100%
136.89,3.69,-59.90,222.00,100%
136.92,3.67,-51.20,190.00,100%
136.92,3.69,5.40,20.00,100%
136.95,3.69,46.10,168.00,100%
136.98,3.69,-49.20,210.00,100%
137.01,3.69,-57.70,200.00,100%
137.07,3.68,-51.00,186.00,100%
137.07,3.69,-10.00,62.00,100%
137.07,3.69,74.20,294.00,100%
137.10,3.69,-57.60,212.00,100%
137.13,3.69,-56.60,210.00,100%
137.16,3.67,-50.40,186.00,100%
137.19,3.69,2.30,10.00,100%
137.19,3.69,80.90,294.00,100%
137.22,3.69,-53.00,212.00,100%
137.28,3.69,-57.30,194.00,100%
137.31,3.68,-47.40,204.00,100%
137.32,3.69,-18.00,66.00,100%
137.32,3.69,82.60,302.00,100%
137.34,3.69,-60.00,222.00,100%
137.37,3.69,-50.30,186.00,100%
137.40,3.67,-54.80,204.00,100%
137.43,3.69,1.30,4.00,100%
137.43,3.67,83.20,304.00,100%
137.46,3.69,-55.80,210.00,100%
137.49,3.69,-55.30,194.00,100%
137.52,3.66,-50.00,210.00,100%
137.55,3.69,-21.70,78.00,100%
137.55,3.69,79.60,292.00,100%
137.58,3.69,-60.00,222.00,100%
137.61,3.69,-50.30,186.00,100%
137.64,3.67,-55.30,204.00,100%
137.64,3.68,0.70,4.00,100%
137.67,3.65,83.60,148.00,100%
137.70,3.69,-57.30,210.00,100%
137.73,3.69,-54.00,180.00,100%
137.76,3.66,-48.60,212.00,100%
137.79,3.69,21.80,78.00,100%
137.79,3.69,78.00,286.00,100%
137.82,3.69,-59.20,220.00,100%
137.85,3.69,-51.10,190.00,100%
137.88,3.67,-55.90,206.00,100%
137.91,3.68,1.40,6.00,100%
137.91,3.65,84.00,30.00,100%
137.94,3.69,-58.30,212.00,100%
137.97,3.69,-51.90,180.00,100%
138.00,3.70,-51.30,216.00,100%
138.03,3.69,22.50,82.00,100%
138.03,3.69,76.00,278.00,100%
138.06,3.69,-58.20,216.00,100%
138.09,3.69,-51.10,190.00,100%
138.12,3.70,-57.40,212.00,100%
138.12,3.68,2.20,96.00,100%
138.15,3.69,24.60,272.00,100%
138.18,3.69,-59.90,210.00,100%
138.21,3.69,-50.40,186.00,100%
138.24,3.65,-58.70,216.00,100%
138.27,3.69,21.80,78.00,100%
138.30,3.69,73.80,268.00,100%
138.30,3.69,-57.20,212.00,100%
138.33,3.69,-48.80,180.00,100%
138.36,3.70,-57.70,212.00,100%
138.39,3.69,1.90,96.00,100%
138.39,3.69,73.80,268.00,100%
138.42,3.69,-59.70,200.00,100%
138.45,3.69,-50.00,194.00,100%
138.48,3.69,-58.80,216.00,100%
138.51,3.69,22.90,86.00,100%
138.54,3.69,73.50,268.00,100%
138.54,3.69,-55.60,206.00,100%
138.57,3.69,-49.70,184.00,100%
138.60,3.69,-57.50,204.00,100%
138.60,3.69,2.30,96.00,100%
138.63,3.67,75.30,266.00,100%
138.66,3.69,-57.10,190.00,100%
138.69,3.69,-47.90,210.00,100%
138.72,3.69,-57.00,210.00,100%
138.75,3.69,24.40,88.00,100%
138.75,3.69,72.30,266.00,100%
138.78,3.69,-50.60,186.00,100%
138.81,3.69,-56.20,206.00,100%
138.84,3.70,-54.70,184.00,100%
138.87,3.69,0.10,68.00,100%
138.87,3.66,71.30,190.00,100%
138.90,3.69,-48.50,184.00,100%
138.93,3.69,-54.10,216.00,100%
138.96,3.69,-52.20,194.00,100%
138.99,3.69,15.90,58.00,100%
138.99,3.69,75.70,276.00,100%
139.02,3.69,-51.40,190.00,100%
139.05,3.69,-58.70,216.00,100%
139.08,3.69,-49.50,186.00,100%
139.11,3.69,-2.30,58.00,100%
139.11,3.69,-44.50,288.00,100%
139.14,3.69,-49.20,210.00,100%
139.17,3.69,-56.60,200.00,100%
139.20,3.69,-52.40,194.00,100%
139.24,3.69,8.60,32.00,100%
139.25,3.69,80.50,294.00,100%
139.26,3.69,-57.70,212.00,100%
139.29,3.69,-49.80,184.00,100%
139.32,3.69,-57.30,212.00,100%
139.35,3.67,22.90,114.00,100%
139.35,3.65,78.10,168.00,100%
139.38,3.69,-58.10,190.00,100%
139.41,3.69,-48.60,196.00,100%
139.44,3.69,-58.20,216.00,100%
139.47,3.67,23.80,88.00,100%
139.47,3.69,73.50,268.00,100%
139.50,3.69,-53.30,196.00,100%
139.53,3.69,-53.50,196.00,100%
139.56,3.69,-57.80,212.00,100%
139.59,3.67,24.60,86.00,100%
139.59,3.66,71.90,194.00,100%
139.62,3.69,-51.80,176.00,100%
139.65,3.69,-51.10,212.00,100%
139.68,3.69,-51.80,190.00,100%
139.71,3.67,21.00,78.00,100%
139.71,3.69,73.50,268.00,100%
139.74,3.69,-49.10,180.00,100%
139.77,3.69,-58.90,220.00,100%
139.80,3.69,-49.40,184.00,100%
139.83,3.67,18.50,62.00,100%
139.83,3.66,72.60,168.00,100%
139.86,3.69,-48.20,206.00,100%
139.92,3.69,-56.80,206.00,100%
139.92,3.69,-51.40,190.00,100%
139.98,3.68,16.80,62.00,100%
139.98,3.67,78.70,292.00,100%
139.98,3.69,-56.10,206.00,100%
140.04,3.69,-56.60,210.00,100%
140.04,3.69,-47.40,206.00,100%
140.07,3.67,15.70,68.00,100%
140.07,3.67,81.40,278.00,100%
140.10,3.69,-53.60,216.00,100%
140.16,3.69,-49.90,184.00,100%
140.16,3.69,-56.60,210.00,100%
140.19,3.68,17.30,62.00,100%
140.19,3.66,52.50,194.00,100%
140.22,3.69,-58.40,216.00,100%
140.25,3.69,-51.20,190.00,100%
140.28,3.69,-51.80,212.00,100%
140.31,3.67,14.60,92.00,100%
140.31,3.65,81.80,122.00,100%
140.34,3.69,-56.00,212.00,100%
140.37,3.69,-48.90,180.00,100%
140.43,3.70,-59.00,220.00,100%
140.43,3.68,20.70,76.00,100%
140.43,3.69,77.60,286.00,100%
140.46,3.69,-58.60,216.00,100%
140.50,3.69,-48.80,196.00,100%
140.53,3.69,-56.60,216.00,100%
140.55,3.67,15.20,96.00,100%
140.55,3.65,80.70,68.00,100%
140.58,3.69,-56.80,196.00,100%
140.61,3.69,-53.50,196.00,100%
140.64,3.69,-58.50,216.00,100%
140.67,3.68,23.40,86.00,100%
140.67,3.69,73.10,268.00,100%
140.70,3.69,-54.00,200.00,100%
140.73,3.69,-49.60,210.00,100%
140.76,3.69,-59.10,200.00,100%
140.79,3.67,25.60,86.00,100%
140.79,3.66,74.90,194.00,100%
140.82,3.69,-49.60,184.00,100%
140.85,3.69,-59.00,220.00,100%
140.88,3.70,-52.80,196.00,100%
140.91,3.69,23.50,86.00,100%
140.91,3.69,72.30,266.00,100%
140.94,3.69,-50.10,186.00,100%
140.97,3.69,-55.80,212.00,100%
141.00,3.69,-55.50,194.00,100%
141.03,3.67,24.10,66.00,100%
141.03,3.66,73.70,164.00,100%
141.06,3.69,-54.00,200.00,100%
141.09,3.69,-59.90,222.00,100%
141.12,3.69,-49.80,184.00,100%
141.15,3.68,17.50,66.00,100%
141.15,3.69,77.80,286.00,100%
141.18,3.69,-50.90,212.00,100%
141.21,3.69,-58.00,190.00,100%
141.24,3.69,-50.60,200.00,100%
141.27,3.67,15.00,62.00,100%
141.27,3.68,78.40,298.00,100%
141.30,3.69,-59.40,220.00,100%
141.33,3.69,-52.80,196.00,100%
141.39,3.69,-53.30,196.00,100%
141.39,3.69,16.50,58.00,100%
141.39,3.65,78.80,292.00,100%
141.42,3.69,-56.10,212.00,100%
141.48,3.69,-54.20,180.00,100%
141.48,3.69,-51.60,216.00,100%
141.51,3.67,8.40,86.00,100%
141.51,3.66,64.90,240.00,100%
141.54,3.69,-59.90,220.00,100%
141.57,3.69,-48.70,180.00,100%
141.60,3.69,-58.50,216.00,100%
141.63,3.67,21.40,78.00,100%
141.63,3.65,79.10,288.00,100%
141.66,3.69,-57.00,190.00,100%
141.69,3.69,-52.00,200.00,100%
141.72,3.69,-55.80,212.00,100%
141.75,3.67,25.30,92.00,100%
141.75,3.65,17.70,66.00,100%
141.78,3.69,-54.90,204.00,100%
141.81,3.69,-51.60,190.00,100%
141.84,3.69,-59.10,220.00,100%
141.87,3.66,24.60,92.00,100%
141.87,3.65,74.80,6.00,100%
141.90,3.69,-54.50,184.00,100%
141.93,3.69,-51.00,216.00,100%
141.96,3.69,-57.60,196.00,100%
141.99,3.67,22.50,82.00,100%
141.99,3.65,-25.40,96.00,100%
142.02,3.69,-50.50,186.00,100%
142.05,3.69,-57.50,212.00,100%
142.08,3.69,-55.20,204.00,100%
142.11,3.67,25.00,72.00,100%
142.11,3.65,73.70,118.00,100%
142.14,3.69,-51.60,196.00,100%
142.17,3.69,-55.10,216.00,100%
142.20,3.70,-55.70,186.00,100%
142.23,3.68,17.80,66.00,100%
142.23,3.65,-48.60,180.00,100%
142.26,3.69,-49.10,180.00,100%
142.29,3.69,-59.70,220.00,100%
142.32,3.69,-51.10,190.00,100%
142.35,3.67,20.90,68.00,100%
142.35,3.66,75.00,164.00,100%
142.38,3.69,-49.70,212.00,100%
142.41,3.69,-57.20,206.00,100%
142.44,3.69,-48.90,180.00,100%
142.47,3.68,14.90,56.00,100%
142.47,3.69,79.40,292.00,100%
142.53,3.69,-54.80,204.00,100%
142.53,3.69,-58.10,216.00,100%
142.56,3.68,-48.00,176.00,100%
142.59,3.67,18.40,68.00,100%
142.59,3.66,79.40,148.00,100%
142.62,3.69,-53.20,216.00,100%
142.65,3.69,-57.40,186.00,100%
142.68,3.69,-48.40,196.00,100%
142.71,3.68,15.40,56.00,100%
142.71,3.68,83.60,308.00,100%
142.74,3.69,-58.50,216.00,100%
142.77,3.69,-52.70,194.00,100%
142.80,3.69,-51.70,190.00,100%
142.83,3.67,17.30,88.00,100%
142.83,3.68,79.30,282.00,100%
142.86,3.69,-56.10,212.00,100%
142.89,3.69,-54.20,186.00,100%
142.92,3.69,-58.00,212.00,100%
142.95,3.68,20.60,76.00,100%
142.95,3.67,75.80,278.00,100%
142.98,3.69,-59.70,220.00,100%
143.01,3.69,-50.40,186.00,100%
143.04,3.69,-56.40,210.00,100%
143.07,3.67,19.70,92.00,100%
143.07,3.66,78.80,204.00,100%
143.10,3.69,-58.10,196.00,100%
143.13,3.69,-49.20,190.00,100%
143.16,3.69,-60.00,222.00,100%
143.19,3.69,24.90,92.00,100%
143.19,3.65,18.30,68.00,100%
143.22,3.69,-55.40,204.00,100%
143.25,3.69,-50.60,186.00,100%
143.28,3.69,-57.10,196.00,100%
143.31,3.67,22.10,82.00,100%
143.31,3.65,74.20,30.00,100%
143.34,3.69,-55.70,186.00,100%
143.37,3.69,-56.40,210.00,100%
143.40,3.69,-57.40,212.00,100%
143.43,3.69,26.50,98.00,100%
143.43,3.69,71.80,262.00,100%
143.46,3.70,-50.40,186.00,100%
143.49,3.69,-54.50,200.00,100%
143.58,3.69,-56.30,180.00,100%
143.58,3.67,25.50,66.00,100%
143.58,3.65,73.60,184.00,100%
143.58,3.69,-52.00,176.00,100%
143.61,3.69,-58.60,216.00,100%
143.67,3.69,-54.40,200.00,100%
143.67,3.69,22.90,86.00,100%
143.67,3.69,70.90,258.00,100%
143.70,3.69,-50.90,186.00,100%
143.73,3.69,-55.90,206.00,100%
143.76,3.69,-54.90,184.00,100%
143.79,3.67,25.40,68.00,100%
143.79,3.66,73.50,174.00,100%
143.82,3.69,-48.40,184.00,100%
143.85,3.69,-60.10,222.00,100%
143.88,3.70,-51.20,190.00,100%
143.94,3.69,19.70,72.00,100%
143.94,3.68,72.40,266.00,100%
143.94,3.69,-47.70,176.00,100%
143.97,3.69,-56.30,212.00,100%
144.00,3.69,-53.50,190.00,100%
144.03,3.67,21.90,66.00,100%
144.03,3.68,72.80,288.00,100%
144.06,3.69,-51.70,190.00,100%
144.09,3.69,-60.40,222.00,100%
144.12,3.69,-51.00,190.00,100%
144.15,3.69,17.50,66.00,100%
144.15,3.67,69.70,256.00,100%
144.18,3.69,-49.10,180.00,100%
144.21,3.69,-56.70,204.00,100%
144.24,3.69,-51.70,190.00,100%
144.27,3.67,16.20,58.00,100%
144.27,3.66,73.80,242.00,100%
144.30,3.69,-55.00,204.00,100%
144.33,3.69,-59.90,222.00,100%
144.36,3.69,-47.20,174.00,100%
144.39,3.69,16.80,62.00,100%
144.39,3.69,77.20,282.00,100%
144.42,3.69,-51.50,216.00,100%
144.45,3.69,-58.00,194.00,100%
144.48,3.69,-52.40,200.00,100%
144.51,3.68,9.00,62.00,100%
144.51,3.65,77.00,82.00,100%
144.54,3.69,-58.60,216.00,100%
144.57,3.69,-55.90,206.00,100%
144.60,3.69,-50.50,186.00,100%
144.63,3.69,16.20,58.00,100%
144.63,3.65,79.60,292.00,100%
144.66,3.69,-54.10,216.00,100%
144.69,3.69,-57.20,190.00,100%
144.72,3.69,-48.00,206.00,100%
144.75,3.68,5.10,66.00,100%
144.75,3.66,-28.10,104.00,100%
144.78,3.69,-60.00,222.00,100%
144.81,3.69,-51.90,194.00,100%
144.84,3.69,-53.40,196.00,100%
144.87,3.69,16.20,58.00,100%
144.87,3.65,80.60,294.00,100%
144.90,3.69,-55.40,212.00,100%
144.93,3.69,-56.90,194.00,100%
144.96,3.69,-48.70,210.00,100%
144.99,3.68,2.60,68.00,100%
144.99,3.69,80.90,294.00,100%
145.05,3.69,-59.80,222.00,100%
145.05,3.69,-49.90,184.00,100%
145.08,3.68,-55.70,206.00,100%
145.11,3.67,16.70,62.00,100%
145.11,3.66,83.70,308.00,100%
145.14,3.69,-57.00,212.00,100%
145.17,3.69,-54.50,180.00,100%
145.20,3.69,-50.80,212.00,100%
145.23,3.68,22.40,82.00,100%
145.23,3.68,77.80,286.00,100%
145.26,3.69,-59.80,222.00,100%
145.29,3.69,-51.10,190.00,100%
145.32,3.70,-56.90,210.00,100%
145.35,3.67,17.60,66.00,100%
145.35,3.67,82.90,276.00,100%
145.38,3.69,-58.90,210.00,100%
145.41,3.69,-50.20,186.00,100%
145.44,3.69,-54.20,216.00,100%
145.47,3.68,24.20,88.00,100%
145.47,3.66,64.90,240.00,100%
145.50,3.69,-57.20,212.00,100%
145.53,3.69,-48.90,180.00,100%
145.56,3.70,-58.20,216.00,100%
145.59,3.67,22.20,98.00,100%
145.59,3.65,80.30,158.00,100%
145.62,3.69,-59.90,200.00,100%
145.65,3.69,-49.60,194.00,100%
145.68,3.69,-54.80,216.00,100%
145.71,3.68,22.70,82.00,100%
145.71,3.65,6.90,26.00,100%
145.74,3.69,-55.60,206.00,100%
145.77,3.69,-50.20,186.00,100%
145.80,3.70,-58.70,216.00,100%
145.83,3.67,24.70,96.00,100%
145.83,3.65,78.00,62.00,100%
145.86,3.69,-59.80,194.00,100%
145.89,3.69,-49.60,200.00,100%
145.92,3.70,-58.40,216.00,100%
145.95,3.69,23.30,86.00,100%
145.95,3.69,72.50,266.00,100%
145.98,3.69,-54.10,200.00,100%
146.01,3.69,-51.20,190.00,100%
146.04,3.70,-58.50,216.00,100%
146.07,3.67,25.30,88.00,100%
146.07,3.66,74.50,184.00,100%
146.10,3.69,-56.00,186.00,100%
146.13,3.69,-48.20,210.00,100%
146.16,3.69,-55.40,204.00,100%
146.19,3.69,23.20,86.00,100%
146.19,3.69,72.50,266.00,100%
146.22,3.69,-50.60,186.00,100%
146.25,3.69,-55.50,206.00,100%
146.28,3.70,-56.90,210.00,100%
146.31,3.68,27.60,72.00,100%
146.31,3.66,71.50,184.00,100%
146.34,3.69,-49.80,180.00,100%
146.37,3.69,-53.00,216.00,100%
146.40,3.69,-51.20,190.00,100%
146.43,3.69,19.70,72.00,100%
146.43,3.69,73.60,272.00,100%
146.46,3.69,-49.50,184.00,100%
146.49,3.69,-58.70,216.00,100%
146.52,3.69,-50.80,180.00,100%
146.55,3.67,20.10,58.00,100%
146.55,3.68,71.40,292.00,100%
146.58,3.69,-49.70,204.00,100%
146.61,3.69,-55.90,212.00,100%
146.64,3.69,-49.50,184.00,100%
146.67,3.69,17.40,62.00,100%
146.67,3.67,74.20,276.00,100%
146.70,3.69,-52.90,196.00,100%
146.73,3.69,-58.40,216.00,100%
146.76,3.69,-48.20,194.00,100%
146.79,3.67,8.30,52.00,100%
146.79,3.66,76.10,240.00,100%
146.82,3.69,-49.70,212.00,100%
146.85,3.69,-53.90,200.00,100%
146.88,3.69,-52.60,194.00,100%
146.91,3.69,15.80,58.00,100%
146.91,3.70,78.90,288.00,100%
146.94,3.69,-56.70,210.00,100%
146.97,3.69,-56.20,206.00,100%
147.00,3.69,-47.60,206.00,100%
147.03,3.68,4.00,66.00,100%
147.03,3.65,81.50,68.00,100%
147.06,3.69,-53.00,216.00,100%
147.09,3.69,-50.20,186.00,100%
147.12,3.69,-56.40,210.00,100%
147.15,3.69,17.60,66.00,100%
147.15,3.69,82.10,302.00,100%
147.18,3.69,-58.50,216.00,100%
147.21,3.69,-52.20,180.00,100%
147.24,3.69,-51.90,212.00,100%
147.27,3.68,2.80,88.00,100%
147.27,3.69,1.50,286.00,100%
147.30,3.69,-54.60,216.00,100%
147.33,3.69,-51.60,190.00,100%
147.36,3.69,-57.90,212.00,100%
147.39,3.69,18.70,68.00,100%
147.39,3.69,80.50,294.00,100%
147.45,3.69,-58.50,216.00,100%
147.45,3.69,-48.80,186.00,100%
147.48,3.70,-56.30,222.00,100%
147.51,3.68,2.00,86.00,100%
147.51,3.69,55.50,276.00,100%
147.54,3.69,-57.30,212.00,100%
147.57,3.69,-49.80,184.00,100%
147.60,3.69,-58.00,212.00,100%
147.63,3.69,21.50,78.00,100%
147.63,3.69,78.50,288.00,100%
147.66,3.69,-58.70,216.00,100%
147.69,3.69,-49.20,186.00,100%
147.75,3.69,-57.00,222.00,100%
147.75,3.68,2.30,92.00,100%
147.75,3.68,84.00,278.00,100%
147.78,3.69,-57.60,212.00,100%
147.81,3.69,-50.50,186.00,100%
147.84,3.69,-57.60,212.00,100%
147.87,3.69,20.70,76.00,100%
147.87,3.69,80.00,292.00,100%
147.90,3.69,-58.60,204.00,100%
147.93,3.69,-49.60,184.00,100%
147.96,3.69,-55.60,222.00,100%
147.99,3.68,-0.30,88.00,100%
147.99,3.66,82.20,246.00,100%
148.02,3.69,-60.20,222.00,100%
148.05,3.69,-51.00,190.00,100%
148.08,3.69,-56.90,210.00,100%
148.11,3.69,17.70,66.00,100%
148.14,3.65,82.10,302.00,100%
148.14,3.69,-56.80,210.00,100%
148.17,3.69,-52.60,180.00,100%
148.20,3.69,-51.80,216.00,100%
148.23,3.68,-0.10,82.00,100%
148.23,3.65,22.10,82.00,100%
148.26,3.69,-60.20,222.00,100%
148.29,3.69,-49.50,184.00,100%
148.32,3.69,-55.40,204.00,100%
148.38,3.69,15.10,56.00,100%
148.38,3.65,80.70,294.00,100%
148.38,3.69,-55.10,210.00,100%
148.41,3.69,-56.60,194.00,100%
148.44,3.70,-48.30,206.00,100%
148.47,3.69,0.10,68.00,100%
148.47,3.69,82.10,302.00,100%
148.50,3.69,-59.50,220.00,100%
148.56,3.69,-51.80,190.00,100%
148.56,3.69,-52.90,196.00,100%
148.59,3.67,12.40,46.00,100%
148.59,3.66,80.10,170.00,100%
148.62,3.69,-54.70,216.00,100%
148.65,3.69,-57.90,194.00,100%
148.68,3.69,-46.70,200.00,100%
148.71,3.69,17.50,66.00,100%
148.71,3.69,82.20,302.00,100%
148.74,3.69,-58.10,216.00,100%
148.77,3.69,-53.90,200.00,100%
148.80,3.70,-51.20,190.00,100%
148.83,3.67,11.30,76.00,100%
148.83,3.69,82.60,298.00,100%
148.86,3.69,-54.80,220.00,100%
148.89,3.69,-57.70,184.00,100%
148.92,3.69,-49.40,204.00,100%
148.95,3.69,16.50,58.00,100%
148.95,3.68,80.70,298.00,100%
148.98,3.69,-57.10,210.00,100%
149.01,3.69,-55.20,204.00,100%
149.04,3.69,-50.50,186.00,100%
149.07,3.67,11.20,78.00,100%
149.07,3.67,82.20,302.00,100%
149.10,3.69,-54.70,222.00,100%
149.16,3.69,-57.40,186.00,100%
149.16,3.69,-49.10,194.00,100%
149.19,3.69,14.70,52.00,100%
149.19,3.67,66.00,242.00,100%
149.26,3.69,-54.60,204.00,100%
149.26,3.69,-59.00,220.00,100%
149.28,3.68,-49.50,184.00,100%
149.31,3.67,16.20,58.00,100%
149.31,3.66,54.60,164.00,100%
149.34,3.69,-55.30,220.00,100%
149.37,3.69,-57.70,184.00,100%
149.40,3.69,-49.70,200.00,100%
149.43,3.67,20.10,76.00,100%
149.43,3.65,35.40,132.00,100%
149.46,3.69,-56.10,206.00,100%
149.49,3.69,-56.80,210.00,100%
149.52,3.69,-47.90,176.00,100%
149.55,3.66,17.40,62.00,100%
149.55,3.66,5.80,140.00,100%
149.58,3.69,-51.40,216.00,100%
149.61,3.69,-57.40,196.00,100%
149.64,3.69,-49.10,186.00,100%
149.67,3.67,19.00,68.00,100%
149.70,3.65,-13.40,50.00,100%
149.70,3.69,-54.10,200.00,100%
149.73,3.69,-59.30,220.00,100%
149.76,3.69,-47.60,176.00,100%
149.79,3.67,18.50,62.00,100%
149.79,3.66,-40.00,150.00,100%
149.82,3.69,-51.80,220.00,100%
149.85,3.69,-57.30,196.00,100%
149.91,3.69,-47.60,186.00,100%
149.91,3.67,16.90,62.00,100%
149.91,3.66,-41.80,154.00,100%
149.97,3.69,-54.60,204.00,100%
149.97,3.69,-58.00,212.00,100%
150.00,3.69,-49.70,184.00,100%
150.03,3.67,18.80,72.00,100%
150.03,3.66,77.10,154.00,100%
150.06,3.69,-50.80,216.00,100%
150.09,3.69,-57.70,200.00,100%
150.12,3.69,-50.40,186.00,100%
150.15,3.67,15.20,56.00,100%
150.15,3.66,-43.90,160.00,100%
150.18,3.69,-55.10,204.00,100%
150.21,3.69,-58.00,212.00,100%
150.24,3.69,-46.80,174.00,100%
150.27,3.67,18.90,76.00,100%
150.27,3.66,76.40,160.00,100%
150.30,3.69,-49.90,210.00,100%
150.33,3.69,-57.50,200.00,100%
150.36,3.69,-50.50,186.00,100%
150.39,3.67,14.90,56.00,100%
150.39,3.67,80.60,298.00,100%
150.42,3.69,-55.20,204.00,100%
150.45,3.69,-58.70,216.00,100%
150.48,3.69,-49.50,184.00,100%
150.51,3.67,19.60,76.00,100%
150.54,3.66,54.80,164.00,100%
150.54,3.69,-47.90,206.00,100%
150.57,3.69,-56.60,210.00,100%
150.60,3.69,-49.40,184.00,100%
150.63,3.67,15.90,58.00,100%
150.63,3.65,35.70,132.00,100%
150.66,3.69,-51.90,194.00,100%
150.69,3.69,-58.90,220.00,100%
150.72,3.69,-50.10,186.00,100%
150.81,3.67,20.20,68.00,100%
150.84,3.66,-3.40,158.00,100%
150.84,3.69,-48.50,200.00,100%
150.84,3.69,-58.00,212.00,100%
150.84,3.69,-51.90,190.00,100%
150.87,3.67,18.60,68.00,100%
150.87,3.65,-23.50,86.00,100%
150.90,3.69,-48.60,180.00,100%
150.93,3.69,-58.30,216.00,100%
150.96,3.69,-50.10,176.00,100%
150.99,3.67,21.70,66.00,100%
150.99,3.66,72.90,134.00,100%
151.02,3.69,-49.90,190.00,100%
151.05,3.69,-58.60,216.00,100%
151.08,3.69,-53.00,196.00,100%
151.11,3.67,22.80,86.00,100%
151.11,3.66,-51.10,190.00,100%
151.14,3.69,-47.80,176.00,100%
151.17,3.69,-57.00,210.00,100%
151.20,3.69,-52.90,176.00,100%
151.23,3.67,23.70,58.00,100%
151.23,3.66,73.40,170.00,100%
151.29,3.69,-47.90,184.00,100%
151.32,3.69,-59.30,220.00,100%
151.32,3.69,-51.50,190.00,100%
151.35,3.67,24.10,88.00,100%
151.35,3.66,-51.10,190.00,100%
151.38,3.69,-50.60,186.00,100%
151.41,3.69,-55.20,212.00,100%
151.45,3.69,-55.90,186.00,100%
151.47,3.67,26.40,68.00,100%
151.47,3.66,73.50,180.00,100%
151.53,3.69,-47.90,176.00,100%
151.53,3.69,-59.60,220.00,100%
151.56,3.69,-52.80,196.00,100%
151.59,3.67,26.20,96.00,100%
151.59,3.67,70.70,262.00,100%
151.62,3.69,-50.60,186.00,100%
151.65,3.69,-53.10,212.00,100%
151.68,3.69,-58.70,190.00,100%
151.71,3.67,27.30,78.00,100%
151.71,3.66,48.40,184.00,100%
151.74,3.69,-48.20,176.00,100%
151.77,3.69,-58.80,216.00,100%
151.80,3.69,-54.20,200.00,100%
151.83,3.68,26.30,96.00,100%
151.83,3.65,21.80,82.00,100%
151.86,3.69,-49.90,184.00,100%
151.89,3.69,-53.20,212.00,100%
151.92,3.69,-59.30,194.00,100%
151.95,3.67,26.20,78.00,100%
151.95,3.66,-10.10,184.00,100%
151.98,3.69,-51.00,190.00,100%
152.01,3.69,-58.30,216.00,100%
152.07,3.69,-53.90,200.00,100%
152.07,3.68,27.10,98.00,100%
152.07,3.66,-35.70,132.00,100%
152.13,3.69,-48.20,184.00,100%
152.13,3.69,-54.10,216.00,100%
152.16,3.69,-58.40,194.00,100%
152.19,3.67,27.50,76.00,100%
152.19,3.66,74.80,180.00,100%
152.22,3.69,-49.00,180.00,100%
152.25,3.69,-57.90,212.00,100%
152.28,3.69,-54.00,200.00,100%
152.31,3.67,27.10,98.00,100%
152.31,3.67,-50.30,186.00,100%
152.34,3.69,-47.50,184.00,100%
152.37,3.69,-55.80,222.00,100%
152.40,3.69,-56.90,180.00,100%
152.43,3.67,26.70,72.00,100%
152.43,3.66,-49.40,184.00,100%
152.46,3.69,-50.50,186.00,100%
152.49,3.69,-57.00,210.00,100%
152.52,3.69,-54.70,204.00,100%
152.55,3.67,25.80,96.00,100%
152.55,3.65,72.60,266.00,100%
152.58,3.69,-49.70,186.00,100%
152.64,3.69,-57.30,222.00,100%
152.64,3.69,-55.80,184.00,100%
152.67,3.67,28.20,68.00,100%
152.67,3.66,-49.50,184.00,100%
152.70,3.69,-49.80,184.00,100%
152.73,3.69,-58.30,216.00,100%
152.76,3.69,-52.10,194.00,100%
152.79,3.68,24.10,88.00,100%
152.79,3.66,71.70,160.00,100%
152.82,3.69,-50.10,196.00,100%
152.85,3.69,-57.00,220.00,100%
152.88,3.69,-55.50,186.00,100%
152.91,3.67,27.70,72.00,100%
152.91,3.66,-50.20,186.00,100%
152.94,3.69,-48.00,176.00,100%
152.97,3.69,-58.20,216.00,100%
153.00,3.69,-54.60,204.00,100%
153.03,3.66,25.90,96.00,100%
153.03,3.66,37.50,174.00,100%
153.06,3.69,-52.30,184.00,100%
153.09,3.69,-51.30,212.00,100%
153.12,3.69,-57.70,200.00,100%
153.15,3.67,27.40,102.00,100%
153.15,3.65,15.10,56.00,100%
153.18,3.69,-51.20,190.00,100%
153.21,3.69,-52.50,194.00,100%
153.24,3.69,-58.50,216.00,100%
153.27,3.67,25.30,92.00,100%
153.30,3.66,-8.70,180.00,100%
153.30,3.69,-60.00,204.00,100%
153.33,3.69,-49.30,184.00,100%
153.36,3.69,-52.00,216.00,100%
153.39,3.67,24.70,92.00,100%
153.39,3.66,-32.60,122.00,100%
153.42,3.69,-58.40,216.00,100%
153.45,3.69,-51.50,190.00,100%
153.48,3.69,-51.80,190.00,100%
153.51,3.67,17.70,82.00,100%
153.51,3.66,-40.50,150.00,100%
153.54,3.69,-54.30,220.00,100%
153.57,3.69,-57.60,190.00,100%
153.60,3.69,-48.90,190.00,100%
153.63,3.67,18.20,66.00,100%
153.63,3.66,-43.00,158.00,100%
153.66,3.69,-53.80,200.00,100%
153.69,3.69,-58.80,216.00,100%
153.72,3.69,-51.10,190.00,100%
153.75,3.67,22.20,66.00,100%
153.75,3.68,-49.70,158.00,100%
153.78,3.69,-50.10,194.00,100%
153.81,3.69,-54.80,216.00,100%
153.84,3.69,-50.50,186.00,100%
153.87,3.67,22.30,82.00,100%
153.87,3.66,-49.50,184.00,100%
153.90,3.69,-51.40,190.00,100%
153.93,3.69,-56.00,206.00,100%
153.96,3.69,-57.20,212.00,100%
153.99,3.67,26.90,78.00,100%
153.99,3.66,71.90,194.00,100%
154.02,3.69,-54.90,180.00,100%
154.05,3.69,-46.90,206.00,100%
154.08,3.69,-57.60,212.00,100%
154.11,3.67,29.40,108.00,100%
154.11,3.66,63.10,232.00,100%
154.14,3.69,-56.30,210.00,100%
154.17,3.69,-48.80,180.00,100%
154.20,3.69,-57.20,210.00,100%
154.23,3.66,22.50,92.00,100%
154.23,3.66,37.00,190.00,100%
154.26,3.69,-57.90,206.00,100%
154.29,3.69,-50.50,176.00,100%
154.32,3.69,-59.20,220.00,100%
154.35,3.67,22.00,82.00,100%
154.35,3.65,22.10,82.00,100%
154.38,3.69,-58.00,212.00,100%
154.42,3.69,-52.80,196.00,100%
154.44,3.69,-48.80,210.00,100%
154.47,3.67,15.70,72.00,100%
154.47,3.66,-9.60,154.00,100%
154.50,3.69,-52.00,212.00,100%
154.53,3.69,-51.90,194.00,100%
154.56,3.69,-52.90,196.00,100%
154.59,3.67,19.70,72.00,100%
154.59,3.66,-25.30,96.00,100%
154.62,3.69,-53.70,200.00,100%
154.65,3.69,-58.20,216.00,100%
154.68,3.69,-48.90,190.00,100%
154.71,3.67,18.50,56.00,100%
154.71,3.66,-48.00,158.00,100%
154.74,3.69,-47.90,200.00,100%
154.77,3.69,-58.40,216.00,100%
154.80,3.69,-51.20,190.00,100%
154.83,3.67,21.30,78.00,100%
154.86,3.66,-49.90,184.00,100%
154.86,3.69,-48.10,176.00,100%
154.89,3.69,-57.40,216.00,100%
154.92,3.69,-53.20,184.00,100%
154.95,3.67,24.60,58.00,100%
154.95,3.66,73.30,170.00,100%
154.98,3.69,-48.20,184.00,100%
155.04,3.69,-59.60,220.00,100%
155.04,3.69,-51.50,190.00,100%
155.07,3.67,25.20,92.00,100%
155.07,3.66,-50.80,186.00,100%
155.10,3.69,-50.60,186.00,100%
155.13,3.69,-54.40,212.00,100%
155.16,3.69,-56.70,190.00,100%
155.19,3.67,27.20,72.00,100%
155.19,3.66,73.80,180.00,100%
155.24,3.69,-47.40,176.00,100%
155.25,3.69,-58.90,216.00,100%
155.28,3.69,-53.90,200.00,100%
155.34,3.67,27.10,98.00,100%
155.34,3.67,72.20,266.00,100%
155.34,3.69,-50.30,186.00,100%
155.37,3.69,-51.80,212.00,100%
155.40,3.69,-59.90,196.00,100%
155.43,3.67,26.00,88.00,100%
155.43,3.66,62.10,186.00,100%
155.46,3.69,-51.10,190.00,100%
155.49,3.69,-56.90,210.00,100%
155.52,3.69,-56.90,210.00,100%
155.55,3.67,25.20,92.00,100%
155.55,3.65,34.90,128.00,100%
155.58,3.69,-53.80,200.00,100%
155.61,3.69,-48.60,210.00,100%
155.64,3.69,-59.90,210.00,100%
155.67,3.67,25.40,102.00,100%
155.67,3.65,79.30,52.00,100%
155.70,3.69,-52.80,196.00,100%
155.73,3.69,-53.60,196.00,100%
155.76,3.69,-58.50,216.00,100%
155.79,3.67,22.90,86.00,100%
155.79,3.65,-14.70,56.00,100%
155.82,3.69,-56.40,190.00,100%
155.85,3.69,-47.30,204.00,100%
155.91,3.69,-57.70,216.00,100%
155.91,3.67,21.80,112.00,100%
155.91,3.65,81.80,114.00,100%
155.94,3.69,-56.40,210.00,100%
155.97,3.69,-50.20,186.00,100%
156.00,3.69,-58.60,216.00,100%
156.03,3.68,24.50,88.00,100%
156.03,3.65,-43.10,160.00,100%
156.06,3.69,-56.90,186.00,100%
156.09,3.69,-50.60,200.00,100%
156.12,3.69,-55.70,216.00,100%
156.15,3.67,19.10,102.00,100%
156.15,3.66,-47.50,176.00,100%
156.18,3.69,-58.60,216.00,100%
156.21,3.69,-47.20,174.00,100%
156.24,3.69,-59.00,220.00,100%
156.27,3.67,20.50,76.00,100%
156.27,3.65,80.10,294.00,100%
156.30,3.69,-57.00,196.00,100%
156.33,3.69,-51.20,194.00,100%
156.36,3.69,-52.80,212.00,100%
156.39,3.67,18.50,102.00,100%
156.39,3.66,-44.90,168.00,100%
156.42,3.69,-59.80,222.00,100%
156.45,3.69,-50.30,186.00,100%
156.48,3.69,-56.70,210.00,100%
156.51,3.67,17.30,62.00,100%
156.51,3.66,84.00,176.00,100%
156.54,3.69,-57.10,212.00,100%
156.57,3.69,-54.80,190.00,100%
156.60,3.69,-49.60,212.00,100%
156.64,3.68,17.60,88.00,100%
156.64,3.66,-43.10,160.00,100%
156.66,3.69,-59.10,220.00,100%
156.69,3.69,-51.50,190.00,100%
156.72,3.69,-52.90,196.00,100%
156.75,3.66,16.70,62.00,100%
156.75,3.66,67.30,160.00,100%
156.78,3.69,-56.10,220.00,100%
156.81,3.69,-57.10,190.00,100%
156.84,3.69,-47.10,204.00,100%
156.87,3.67,20.30,76.00,100%
156.87,3.65,42.70,158.00,100%
156.90,3.69,-57.40,212.00,100%
156.93,3.69,-55.30,204.00,100%
156.96,3.69,-50.40,186.00,100%
156.99,3.66,16.90,62.00,100%
156.99,3.66,4.10,150.00,100%
157.02,3.69,-55.20,222.00,100%
157.05,3.69,-57.00,184.00,100%
157.08,3.69,-48.00,196.00,100%
157.11,3.67,19.20,68.00,100%
157.11,3.65,-23.00,86.00,100%
157.14,3.69,-56.90,210.00,100%
157.17,3.69,-56.20,206.00,100%
157.20,3.69,-49.90,184.00,100%
157.23,3.67,17.00,72.00,100%
157.23,3.66,-38.80,150.00,100%
157.26,3.69,-55.00,222.00,100%
157.29,3.69,-57.30,186.00,100%
157.32,3.69,-47.90,196.00,100%
157.35,3.67,18.50,68.00,100%
157.35,3.66,-43.80,160.00,100%
157.38,3.69,-57.00,210.00,100%
157.41,3.69,-56.30,210.00,100%
157.44,3.69,-49.20,184.00,100%
157.47,3.67,18.60,72.00,100%
157.47,3.66,79.70,148.00,100%
157.50,3.69,-52.90,216.00,100%
157.53,3.69,-57.70,194.00,100%
157.56,3.69,-49.40,190.00,100%
157.59,3.67,18.20,66.00,100%
157.59,3.66,-41.20,150.00,100%
157.62,3.69,-55.20,204.00,100%
157.65,3.69,-57.70,212.00,100%
157.68,3.69,-49.80,184.00,100%
157.71,3.67,19.60,66.00,100%
157.71,3.66,75.40,158.00,100%
157.74,3.69,-48.70,210.00,100%
157.77,3.69,-57.50,206.00,100%
157.80,3.69,-48.70,180.00,100%
157.83,3.67,18.30,68.00,100%
157.83,3.66,-42.90,158.00,100%
157.86,3.69,-52.40,194.00,100%
157.89,3.69,-58.50,216.00,100%
157.95,3.69,-50.30,186.00,100%
157.98,3.67,22.10,66.00,100%
157.98,3.66,52.80,160.00,100%
157.98,3.69,-48.20,194.00,100%
158.01,3.69,-55.00,212.00,100%
158.07,3.69,-50.30,186.00,100%
158.07,3.67,20.60,76.00,100%
158.07,3.65,30.90,114.00,100%
158.10,3.69,-48.20,176.00,100%
158.16,3.69,-57.30,212.00,100%
158.16,3.69,-52.80,184.00,100%
158.19,3.67,27.00,66.00,100%
158.19,3.66,-6.70,180.00,100%
158.25,3.69,-49.60,180.00,100%
158.25,3.69,-50.80,212.00,100%
158.28,3.69,-52.80,196.00,100%
158.31,3.67,24.80,92.00,100%
158.31,3.65,-27.70,102.00,100%
158.34,3.70,-50.40,186.00,100%
158.37,3.69,-54.50,204.00,100%
158.40,3.69,-55.90,180.00,100%
158.43,3.67,24.70,76.00,100%
158.43,3.65,73.60,168.00,100%
158.46,3.69,-54.60,184.00,100%
158.49,3.69,-55.60,206.00,100%
158.52,3.69,-57.50,212.00,100%
158.55,3.67,28.70,104.00,100%
158.55,3.66,-49.60,184.00,100%
158.58,3.69,-53.20,196.00,100%
158.61,3.69,-49.90,184.00,100%
158.64,3.69,-56.20,196.00,100%
158.67,3.67,24.70,98.00,100%
158.67,3.66,77.50,184.00,100%
158.70,3.69,-56.70,186.00,100%
158.73,3.69,-52.30,194.00,100%
158.76,3.69,-59.40,220.00,100%
158.79,3.67,25.00,92.00,100%
158.79,3.69,73.90,272.00,100%
158.82,3.69,-56.70,210.00,100%
158.85,3.69,-47.50,176.00,100%
158.88,3.69,-55.40,206.00,100%
158.91,3.67,20.70,98.00,100%
158.94,3.66,81.40,176.00,100%
158.94,3.69,-56.40,200.00,100%
158.97,3.69,-50.10,186.00,100%
159.00,3.69,-59.60,220.00,100%
159.03,3.67,25.30,92.00,100%
159.03,3.67,76.60,282.00,100%
159.06,3.69,-57.40,212.00,100%
159.09,3.69,-48.30,194.00,100%
159.12,3.69,-55.30,212.00,100%
159.15,3.67,19.80,102.00,100%
159.15,3.66,72.90,176.00,100%
159.18,3.69,-56.20,206.00,100%
159.21,3.69,-49.50,184.00,100%
159.24,3.69,-58.10,216.00,100%
159.27,3.67,23.50,86.00,100%
159.27,3.66,52.10,194.00,100%
159.30,3.69,-52.20,194.00,100%
159.33,3.69,-50.80,186.00,100%
159.36,3.69,-56.50,194.00,100%
159.39,3.67,27.20,66.00,100%
159.39,3.66,31.10,180.00,100%
159.42,3.69,-56.10,180.00,100%
159.45,3.69,-53.80,200.00,100%
159.48,3.69,-58.80,216.00,100%
159.51,3.67,26.30,96.00,100%
159.51,3.66,-49.80,184.00,100%
159.54,3.69,-55.30,204.00,100%
159.57,3.69,-48.20,176.00,100%
159.60,3.69,-56.60,204.00,100%
159.63,3.67,25.90,72.00,100%
159.63,3.66,-11.10,184.00,100%
159.66,3.69,-56.30,190.00,100%
159.69,3.69,-52.20,194.00,100%
159.72,3.69,-58.90,216.00,100%
159.75,3.67,26.00,96.00,100%
159.75,3.66,-35.50,132.00,100%
159.78,3.69,-57.10,210.00,100%
159.81,3.69,-48.30,196.00,100%
159.84,3.69,-56.80,212.00,100%
159.87,3.67,21.90,76.00,100%
159.87,3.66,-40.00,180.00,100%
159.90,3.69,-56.00,204.00,100%
159.93,3.69,-50.10,186.00,100%
159.96,3.69,-58.10,216.00,100%
159.99,3.67,23.70,88.00,100%
159.99,3.66,-44.40,164.00,100%
160.02,3.69,-58.00,212.00,100%
160.05,3.69,-48.10,190.00,100%
160.08,3.69,-56.70,220.00,100%
160.11,3.67,22.70,86.00,100%
160.11,3.68,-39.40,174.00,100%
160.14,3.69,-55.50,206.00,100%
160.17,3.69,-48.90,180.00,100%
160.20,3.69,-56.80,210.00,100%
160.23,3.67,22.70,82.00,100%
160.23,3.66,-44.20,164.00,100%
160.26,3.69,-57.60,212.00,100%
160.29,3.69,-48.60,186.00,100%
160.32,3.69,-56.40,222.00,100%
160.35,3.67,22.20,88.00,100%
160.35,3.70,-38.10,174.00,100%
160.38,3.69,-56.90,210.00,100%
160.41,3.69,-48.70,180.00,100%
160.44,3.69,-57.00,210.00,100%
160.47,3.67,21.80,78.00,100%
160.47,3.66,-42.70,158.00,100%
160.50,3.69,-57.30,196.00,100%
160.53,3.69,-49.60,184.00,100%
160.59,3.69,-55.70,220.00,100%
160.59,3.67,21.40,88.00,100%
160.59,3.66,39.60,170.00,100%
160.62,3.69,-58.30,216.00,100%
160.65,3.69,-47.80,176.00,100%
160.68,3.69,-56.70,210.00,100%
160.71,3.67,20.60,76.00,100%
160.71,3.70,-41.70,154.00,100%
160.74,3.69,-56.40,196.00,100%
160.77,3.69,-49.40,184.00,100%
160.80,3.69,-53.60,216.00,100%
160.83,3.67,21.10,96.00,100%
160.83,3.66,-45.00,168.00,100%
160.86,3.69,-59.00,220.00,100%
160.89,3.69,-49.20,180.00,100%
160.92,3.69,-57.00,210.00,100%
160.95,3.67,20.40,76.00,100%
160.95,3.65,-38.00,140.00,100%
160.98,3.69,-56.30,196.00,100%
161.03,3.69,-49.90,186.00,100%
161.04,3.69,-52.90,212.00,100%
161.07,3.67,21.50,96.00,100%
161.07,3.67,-45.10,168.00,100%
161.13,3.69,-58.70,216.00,100%
161.13,3.69,-47.80,176.00,100%
161.16,3.69,-57.90,212.00,100%
161.19,3.67,21.40,78.00,100%
161.19,3.68,-41.70,154.00,100%
161.22,3.69,-56.70,196.00,100%
161.25,3.69,-50.40,190.00,100%
161.28,3.69,-53.10,212.00,100%
161.31,3.67,20.90,96.00,100%
161.31,3.66,-46.10,170.00,100%
161.34,3.69,-58.80,216.00,100%
161.37,3.69,-49.10,180.00,100%
161.40,3.69,-57.60,212.00,100%
161.43,3.67,22.10,82.00,100%
161.43,3.70,-41.50,180.00,100%
161.52,3.69,-57.10,200.00,100%
161.52,3.69,-50.20,190.00,100%
161.52,3.69,-53.00,212.00,100%
161.55,3.67,19.10,96.00,100%
161.55,3.66,-46.90,174.00,100%
161.58,3.69,-58.30,216.00,100%
161.61,3.69,-48.50,180.00,100%
161.64,3.69,-57.40,212.00,100%
161.67,3.67,23.10,86.00,100%
161.67,3.66,7.00,180.00,100%
161.70,3.69,-58.30,206.00,100%
161.73,3.69,-50.20,184.00,100%
161.76,3.69,-53.20,216.00,100%
161.79,3.67,24.60,92.00,100%
161.79,3.66,-47.30,174.00,100%
161.82,3.69,-58.10,216.00,100%
161.85,3.69,-51.00,190.00,100%
161.91,3.69,-57.40,212.00,100%
161.91,3.67,23.00,86.00,100%
161.91,3.66,-39.60,176.00,100%
161.94,3.69,-59.20,210.00,100%
161.97,3.69,-49.70,184.00,100%
162.00,3.69,-53.10,216.00,100%
162.03,3.67,24.20,88.00,100%
162.03,3.66,-46.90,174.00,100%
162.06,3.69,-57.60,212.00,100%
162.09,3.69,-51.00,190.00,100%
162.12,3.69,-56.60,210.00,100%
162.15,3.67,22.40,50.00,100%
162.15,3.68,-38.50,174.00,100%
162.18,3.69,-59.70,216.00,100%
162.24,3.69,-50.90,174.00,100%
162.24,3.69,-50.30,212.00,100%
162.27,3.67,21.90,82.00,100%
162.27,3.66,-45.20,168.00,100%
162.30,3.69,-58.00,212.00,100%
162.33,3.69,-51.60,190.00,100%
162.36,3.69,-55.10,204.00,100%
162.39,3.67,21.20,56.00,100%
162.39,3.70,-38.00,168.00,100%
162.42,3.69,-58.90,220.00,100%
162.45,3.69,-52.30,174.00,100%
162.48,3.69,-49.20,212.00,100%
162.51,3.67,19.90,72.00,100%
162.51,3.66,-43.60,160.00,100%
162.54,3.69,-58.50,216.00,100%
162.57,3.69,-51.70,190.00,100%
162.60,3.69,-54.70,204.00,100%
162.63,3.67,21.20,68.00,100%
162.63,3.66,-3.20,170.00,100%
162.66,3.69,-57.70,216.00,100%
162.69,3.69,-52.80,184.00,100%
162.72,3.69,-49.10,210.00,100%
162.75,3.67,19.50,72.00,100%
162.75,3.66,-42.90,158.00,100%
162.78,3.69,-58.80,216.00,100%
162.81,3.69,-49.70,184.00,100%
162.84,3.69,-53.80,200.00,100%
162.87,3.67,21.80,78.00,100%
162.88,3.67,-41.90,170.00,100%
162.91,3.69,-56.70,212.00,100%
162.93,3.69,-53.70,184.00,100%
162.96,3.69,-56.90,210.00,100%
162.99,3.67,18.40,68.00,100%
162.99,3.66,-39.90,148.00,100%
163.02,3.69,-59.60,220.00,100%
163.05,3.69,-52.00,194.00,100%
163.08,3.69,-51.50,190.00,100%
163.11,3.67,21.60,66.00,100%
163.11,3.68,-43.40,164.00,100%
163.14,3.69,-54.00,212.00,100%
163.17,3.69,-55.90,180.00,100%
163.20,3.69,-54.50,200.00,100%
163.23,3.67,15.70,58.00,100%
163.29,3.66,-41.10,150.00,100%
163.29,3.69,-57.90,212.00,100%
163.29,3.69,-56.30,210.00,100%
163.32,3.69,-47.60,176.00,100%
163.35,3.67,21.10,50.00,100%
163.35,3.70,-47.00,164.00,100%
163.38,3.69,-49.10,210.00,100%
163.44,3.69,-56.90,204.00,100%
163.44,3.69,-49.90,184.00,100%
163.47,3.67,16.30,58.00,100%
163.47,3.66,-44.50,164.00,100%
163.50,3.69,-51.60,190.00,100%
163.53,3.69,-58.40,216.00,100%
163.56,3.69,-49.60,180.00,100%
163.59,3.67,25.50,42.00,100%
163.59,3.66,8.30,168.00,100%
163.62,3.69,-50.50,190.00,100%
163.68,3.69,-53.20,216.00,100%
163.68,3.69,-51.60,190.00,100%
163.71,3.67,21.90,82.00,100%
163.71,3.65,-20.40,76.00,100%
163.74,3.69,-51.40,190.00,100%
163.77,3.69,-54.50,204.00,100%
163.80,3.69,-56.30,184.00,100%
163.83,3.67,24.50,62.00,100%
163.83,3.66,-43.60,190.00,100%
163.86,3.69,-56.80,184.00,100%
163.95,3.69,-54.00,200.00,100%
163.95,3.69,-59.90,222.00,100%
163.95,3.67,25.10,92.00,100%
163.95,3.67,-47.70,176.00,100%
163.98,3.69,-57.60,212.00,100%
164.04,3.69,-49.50,184.00,100%
164.04,3.69,-55.20,212.00,100%
164.07,3.67,18.10,66.00,100%
164.07,3.68,-39.60,176.00,100%
164.10,3.69,-56.40,210.00,100%
164.13,3.69,-49.60,184.00,100%
164.19,3.69,-58.50,216.00,100%
164.19,3.67,20.40,76.00,100%
164.19,3.69,-41.10,150.00,100%
164.22,3.69,-58.00,212.00,100%
164.25,3.69,-53.10,196.00,100%
164.28,3.69,-49.00,210.00,100%
164.31,3.67,15.00,56.00,100%
164.31,3.70,-40.60,148.00,100%
164.34,3.69,-51.40,212.00,100%
164.37,3.69,-52.40,194.00,100%
164.40,3.69,-53.20,196.00,100%
164.43,3.67,16.90,62.00,100%
164.43,3.66,-44.80,164.00,100%
164.46,3.69,-54.50,204.00,100%
164.49,3.69,-57.10,186.00,100%
164.52,3.69,-48.40,194.00,100%
164.55,3.67,17.70,52.00,100%
164.55,3.70,-46.50,154.00,100%
164.58,3.69,-46.40,206.00,100%
164.61,3.69,-58.30,216.00,100%
164.64,3.69,-49.10,180.00,100%
164.67,3.67,17.70,66.00,100%
164.67,3.66,-46.40,170.00,100%
164.70,3.69,-50.00,184.00,100%
164.73,3.69,-57.00,200.00,100%
164.76,3.69,-49.90,180.00,100%
164.82,3.67,21.60,62.00,100%
164.82,3.66,-46.20,158.00,100%
164.82,3.69,-48.10,190.00,100%
164.85,3.69,-59.60,220.00,100%
164.88,3.69,-50.90,186.00,100%
164.91,3.67,19.60,72.00,100%
164.91,3.67,-48.80,180.00,100%
164.94,3.69,-47.30,174.00,100%
164.97,3.69,-55.60,210.00,100%
165.00,3.69,-54.60,184.00,100%
165.06,3.67,25.90,68.00,100%
165.06,3.68,-49.30,174.00,100%
165.06,3.69,-48.60,180.00,100%
165.09,3.69,-59.50,220.00,100%
165.12,3.69,-52.30,194.00,100%
165.15,3.67,22.80,86.00,100%
165.15,3.66,-50.00,184.00,100%
165.18,3.69,-49.20,180.00,100%
165.21,3.69,-51.90,210.00,100%
165.24,3.69,-59.00,194.00,100%
165.27,3.67,27.30,88.00,100%
165.27,3.70,-46.90,184.00,100%
165.30,3.69,-51.00,190.00,100%
165.33,3.69,-56.30,210.00,100%
165.36,3.69,-57.10,210.00,100%
165.39,3.67,23.90,88.00,100%
165.39,3.66,-48.80,180.00,100%
165.45,3.69,-55.30,204.00,100%
165.45,3.69,-47.00,204.00,100%
165.48,3.69,-59.30,216.00,100%
165.51,3.67,26.20,102.00,100%
165.51,3.66,13.30,180.00,100%
165.54,3.69,-54.50,200.00,100%
165.57,3.69,-51.30,190.00,100%
165.60,3.69,-58.20,216.00,100%
165.63,3.67,23.70,88.00,100%
165.63,3.66,-45.00,168.00,100%
165.66,3.69,-57.90,194.00,100%
165.69,3.69,-49.80,190.00,100%
165.72,3.69,-56.40,222.00,100%
165.75,3.67,21.10,96.00,100%
165.75,3.66,-34.50,170.00,100%
165.78,3.69,-59.60,220.00,100%
165.81,3.69,-50.90,186.00,100%
165.84,3.69,-56.10,206.00,100%
165.87,3.67,19.00,68.00,100%
165.87,3.70,-40.10,148.00,100%
165.90,3.69,-56.60,210.00,100%
165.96,3.69,-53.50,180.00,100%
165.96,3.69,-50.90,212.00,100%
165.99,3.67,20.60,78.00,100%
165.99,3.68,-40.80,150.00,100%
166.02,3.69,-59.60,220.00,100%
166.05,3.69,-51.30,190.00,100%
166.08,3.69,-52.40,194.00,100%
166.11,3.67,17.00,62.00,100%
166.11,3.69,-42.60,158.00,100%
166.14,3.69,-52.50,212.00,100%
166.17,3.69,-58.60,190.00,100%
166.23,3.69,-49.50,196.00,100%
166.23,3.67,22.50,62.00,100%
166.24,3.70,-41.80,154.00,100%
166.26,3.69,-57.20,212.00,100%
166.29,3.69,-56.70,210.00,100%
166.32,3.69,-48.10,176.00,100%
166.35,3.67,18.10,66.00,100%
166.35,3.70,-46.30,170.00,100%
166.38,3.69,-47.30,204.00,100%
166.41,3.69,-59.40,216.00,100%
166.45,3.69,-51.50,176.00,100%
166.47,3.67,27.60,66.00,100%
166.47,3.66,-45.70,168.00,100%
166.50,3.69,-51.10,190.00,100%
166.53,3.69,-58.00,212.00,100%
166.56,3.69,-52.70,194.00,100%
166.59,3.67,23.10,86.00,100%
166.59,3.69,-50.20,168.00,100%
166.62,3.69,-49.10,184.00,100%
166.65,3.69,-55.80,222.00,100%
166.68,3.69,-56.60,184.00,100%
166.71,3.67,29.80,78.00,100%
166.71,3.66,-50.50,186.00,100%
166.74,3.69,-50.80,186.00,100%
166.77,3.69,-56.30,210.00,100%
166.80,3.69,-56.70,210.00,100%
166.86,3.67,27.20,98.00,100%
166.89,3.66,-45.70,180.00,100%
166.89,3.69,-52.50,174.00,100%
166.89,3.69,-51.20,212.00,100%
166.92,3.69,-57.30,200.00,100%
166.95,3.67,29.60,92.00,100%
166.95,3.67,-51.40,190.00,100%
166.98,3.69,-51.20,190.00,100%
167.01,3.69,-52.50,194.00,100%
167.07,3.69,-58.20,216.00,100%
167.07,3.67,24.80,92.00,100%
167.07,3.68,-44.80,180.00,100%
167.10,3.69,-57.50,186.00,100%
167.13,3.69,-49.50,196.00,100%
167.16,3.69,-55.90,212.00,100%
167.19,3.67,24.70,92.00,100%
167.19,3.70,-49.00,180.00,100%
167.22,3.69,-56.30,210.00,100%
167.25,3.69,-48.70,180.00,100%
167.28,3.69,-57.30,212.00,100%
167.31,3.67,21.50,78.00,100%
167.31,3.70,-39.20,174.00,100%
167.34,3.69,-59.10,212.00,100%
167.37,3.69,-50.30,174.00,100%
167.40,3.69,-50.40,212.00,100%
167.43,3.67,22.00,82.00,100%
167.43,3.66,-43.40,160.00,100%
167.46,3.69,-57.50,212.00,100%
167.49,3.69,-51.60,190.00,100%
167.53,3.69,-52.80,196.00,100%
167.55,3.67,17.00,62.00,100%
167.55,3.69,-40.40,158.00,100%
167.58,3.69,-56.30,222.00,100%
167.61,3.69,-56.50,180.00,100%
167.64,3.69,-47.00,196.00,100%
167.67,3.67,15.60,56.00,100%
167.70,3.66,-43.50,160.00,100%
167.70,3.69,-55.40,204.00,100%
167.79,3.69,-58.00,212.00,100%
167.82,3.69,-49.70,184.00,100%
167.82,3.67,19.50,50.00,100%
167.82,3.69,-45.30,150.00,100%
167.85,3.69,-49.00,210.00,100%
167.85,3.69,-56.90,210.00,100%
167.88,3.69,-51.20,176.00,100%
167.91,3.67,17.20,62.00,100%
167.94,3.66,-47.90,176.00,100%
167.94,3.69,-47.90,176.00,100%
167.97,3.69,-57.50,212.00,100%
168.00,3.69,-53.40,196.00,100%
168.03,3.67,26.70,52.00,100%
168.03,3.67,-48.80,174.00,100%
168.06,3.69,-51.40,180.00,100%
168.09,3.69,-50.90,212.00,100%
168.12,3.69,-53.00,196.00,100%
168.15,3.67,23.50,86.00,100%
168.15,3.66,-50.10,184.00,100%
168.18,3.69,-50.90,186.00,100%
168.21,3.69,-52.50,194.00,100%
168.24,3.69,-57.70,212.00,100%
168.27,3.67,26.20,76.00,100%
168.27,3.69,-46.40,190.00,100%
168.30,3.69,-57.30,184.00,100%
168.33,3.69,-48.90,196.00,100%
168.36,3.69,-58.50,216.00,100%
168.39,3.67,22.70,82.00,100%
168.39,3.66,-46.20,170.00,100%
168.42,3.69,-58.70,216.00,100%
168.45,3.69,-50.20,186.00,100%
168.48,3.69,-56.50,210.00,100%
168.51,3.67,21.40,82.00,100%
168.51,3.70,-41.10,184.00,100%
168.54,3.69,-56.60,210.00,100%
168.57,3.69,-51.40,176.00,100%
168.60,3.69,-57.40,212.00,100%
168.63,3.67,19.20,68.00,100%
168.63,3.66,-40.00,148.00,100%
168.66,3.69,-58.80,216.00,100%
168.69,3.69,-51.70,190.00,100%
168.72,3.69,-50.40,212.00,100%
168.75,3.67,20.40,78.00,100%
168.75,3.66,-15.70,160.00,100%
168.78,3.69,-52.70,212.00,100%
168.81,3.69,-56.00,186.00,100%
168.84,3.69,-52.90,196.00,100%
168.90,3.67,16.50,58.00,100%
168.90,3.67,-42.90,158.00,100%
168.90,3.69,-53.90,200.00,100%
168.93,3.69,-57.90,212.00,100%
168.96,3.69,-48.30,186.00,100%
168.99,3.67,23.20,62.00,100%
168.99,3.68,-50.10,158.00,100%
169.02,3.69,-48.80,194.00,100%
169.05,3.69,-53.70,212.00,100%
169.08,3.69,-50.50,186.00,100%
169.11,3.67,21.80,78.00,100%
169.11,3.66,-49.50,184.00,100%
169.14,3.69,-48.80,180.00,100%
169.17,3.69,-53.40,196.00,100%
169.20,3.69,-56.60,186.00,100%
169.23,3.67,27.60,86.00,100%
169.23,3.69,-46.20,184.00,100%
169.26,3.69,-57.20,186.00,100%
169.29,3.69,-52.00,194.00,100%
169.32,3.69,-54.20,200.00,100%
169.35,3.67,41.60,150.00,100%
169.35,3.69,-48.80,180.00,100%
169.38,3.69,-53.70,200.00,100%
169.41,3.69,-50.20,186.00,100%
169.47,3.69,-57.30,212.00,100%
169.47,3.67,24.90,236.00,100%
169.47,3.69,-44.20,190.00,100%
169.50,3.69,-57.20,200.00,100%
169.53,3.69,-49.10,176.00,100%
169.56,3.69,-58.90,220.00,100%
169.59,3.67,30.30,112.00,100%
169.59,3.69,-40.80,150.00,100%
169.62,3.69,-58.20,216.00,100%
169.65,3.69,-53.40,196.00,100%
169.68,3.69,-48.40,210.00,100%
169.71,3.67,17.30,268.00,100%
169.71,3.70,-46.20,150.00,100%
169.74,3.69,-49.20,210.00,100%
169.77,3.69,-56.30,206.00,100%
169.80,3.69,-48.70,180.00,100%
169.83,3.67,21.20,78.00,100%
169.83,3.66,-46.70,174.00,100%
169.86,3.69,-48.30,180.00,100%
169.89,3.69,-57.20,212.00,100%
169.92,3.69,-53.10,184.00,100%
169.98,3.67,26.10,230.00,100%
169.98,3.69,-49.60,180.00,100%
169.98,3.69,-52.30,184.00,100%
170.01,3.69,-56.80,210.00,100%
170.04,3.69,-57.40,212.00,100%
170.07,3.67,24.50,88.00,100%
170.07,3.67,-49.50,184.00,100%
170.10,3.69,-55.00,204.00,100%
170.13,3.69,-48.00,176.00,100%
170.16,3.69,-55.70,210.00,100%
170.19,3.67,17.00,324.00,100%
170.19,3.69,-39.60,176.00,100%
170.22,3.69,-56.40,212.00,100%
170.25,3.69,-50.20,186.00,100%
170.28,3.69,-56.80,210.00,100%
170.31,3.67,8.80,32.00,100%
170.31,3.69,-43.40,160.00,100%
170.34,3.69,-54.40,200.00,100%
170.37,3.69,-58.00,212.00,100%
170.43,3.69,-49.50,184.00,100%
170.43,3.67,20.30,42.00,100%
170.43,3.70,-48.30,154.00,100%
170.46,3.69,-48.90,186.00,100%
170.49,3.69,-58.90,216.00,100%
170.52,3.69,-52.40,194.00,100%
170.55,3.67,13.30,50.00,100%
170.55,3.70,-51.50,190.00,100%
170.58,3.69,-51.20,190.00,100%
170.61,3.69,-50.40,212.00,100%
170.64,3.69,-57.40,200.00,100%
170.67,3.67,23.50,368.00,100%
170.67,3.69,-42.30,180.00,100%
170.76,3.69,-56.60,200.00,100%
170.76,3.69,-49.50,184.00,100%
170.76,3.69,-58.30,216.00,100%
170.79,3.67,11.80,42.00,100%
170.79,3.69,-40.40,150.00,100%
170.82,3.69,-57.20,212.00,100%
170.85,3.69,-53.30,180.00,100%
170.88,3.69,-47.70,206.00,100%
170.91,3.67,17.40,324.00,100%
170.91,3.69,-46.20,150.00,100%
170.94,3.69,-46.10,204.00,100%
171.00,3.69,-59.10,220.00,100%
171.00,3.69,-49.70,184.00,100%
171.03,3.67,12.80,46.00,100%
171.03,3.67,-49.50,184.00,100%
171.06,3.69,-49.40,184.00,100%
171.12,3.69,-53.80,210.00,100%
171.12,3.69,-58.10,186.00,100%
171.15,3.67,26.50,292.00,100%
171.15,3.69,-46.90,184.00,100%
171.18,3.69,-49.00,180.00,100%
171.21,3.69,-55.40,204.00,100%
171.25,3.69,-57.60,212.00,100%
171.27,3.67,17.80,66.00,100%
171.27,3.69,-46.70,174.00,100%
171.33,3.69,-57.90,212.00,100%
171.33,3.69,-48.40,190.00,100%
171.36,3.69,-57.00,222.00,100%
171.39,3.67,19.40,312.00,100%
171.39,3.69,-40.80,168.00,100%
171.48,3.69,-58.40,216.00,100%
171.48,3.69,-51.80,190.00,100%
171.48,3.69,-54.30,200.00,100%
171.51,3.67,12.00,42.00,100%
171.51,3.70,-41.50,154.00,100%
171.54,3.69,-55.80,206.00,100%
171.57,3.69,-55.30,184.00,100%
171.60,3.69,-48.40,210.00,100%
171.63,3.67,18.50,298.00,100%
171.63,3.69,-44.80,150.00,100%
171.66,3.69,-57.20,212.00,100%
171.69,3.69,-58.10,216.00,100%
171.72,3.69,-47.40,174.00,100%
171.75,3.67,13.20,50.00,100%
171.75,3.67,-47.40,174.00,100%
171.78,3.69,-46.70,204.00,100%
171.81,3.69,-56.80,212.00,100%
171.84,3.69,-55.40,186.00,100%
171.87,3.67,27.60,298.00,100%
171.87,3.69,-47.40,176.00,100%
171.90,3.69,-48.50,180.00,100%
171.93,3.69,-57.40,212.00,100%
171.99,3.69,-56.00,206.00,100%
171.99,3.67,20.80,76.00,100%
172.02,3.70,-48.90,180.00,100%
172.02,3.69,-52.30,180.00,100%
172.05,3.69,-49.10,212.00,100%
172.08,3.69,-58.00,210.00,100%
172.11,3.67,23.80,322.00,100%
172.11,3.68,-48.90,180.00,100%
172.14,3.69,-56.50,210.00,100%
172.17,3.69,-48.80,180.00,100%
172.20,3.69,-58.40,216.00,100%
172.23,3.67,17.10,62.00,100%
172.23,3.70,-41.90,154.00,100%
172.26,3.69,-56.50,200.00,100%
172.29,3.69,-51.80,186.00,100%
172.32,3.69,-51.30,212.00,100%
172.35,3.67,17.50,286.00,100%
172.35,3.69,-41.60,154.00,100%
172.38,3.69,-59.20,220.00,100%
172.41,3.69,-50.50,186.00,100%
172.44,3.69,-52.80,196.00,100%
172.47,3.67,11.20,40.00,100%
172.47,3.70,-41.50,154.00,100%
172.50,3.69,-52.00,212.00,100%
172.53,3.69,-59.40,196.00,100%
172.56,3.69,-49.40,190.00,100%
172.59,3.67,21.60,196.00,100%
172.59,3.70,-41.40,154.00,100%
172.62,3.69,-54.60,204.00,100%
172.65,3.69,-58.20,216.00,100%
172.68,3.69,-52.20,194.00,100%
172.71,3.67,17.80,66.00,100%
172.71,3.70,-49.60,160.00,100%
172.74,3.69,-50.10,186.00,100%
172.77,3.69,-55.30,220.00,100%
172.80,3.69,-57.10,186.00,100%
172.83,3.67,27.40,242.00,100%
172.86,3.70,-50.90,186.00,100%
172.86,3.69,-50.50,186.00,100%
172.89,3.69,-53.00,196.00,100%
172.92,3.69,-58.60,216.00,100%
172.95,3.67,24.30,196.00,100%
172.98,3.70,-44.60,184.00,100%
172.98,3.69,-58.00,190.00,100%
173.01,3.69,-50.90,190.00,100%
173.04,3.69,-53.60,212.00,100%
173.07,3.67,58.20,212.00,100%
173.07,3.69,-45.50,168.00,100%
173.10,3.69,-58.30,216.00,100%
173.13,3.69,-50.30,186.00,100%
173.19,3.69,-52.30,194.00,100%
173.19,3.67,16.70,62.00,100%
173.19,3.69,-39.50,148.00,100%
173.22,3.69,-53.00,220.00,100%
173.25,3.69,-57.90,194.00,100%
173.28,3.69,-48.40,184.00,100%
173.31,3.67,43.10,158.00,100%
173.31,3.66,-45.00,168.00,100%
173.34,3.69,-49.50,184.00,100%
173.37,3.69,-59.20,220.00,100%
173.40,3.69,-51.20,190.00,100%
173.43,3.67,24.60,220.00,100%
173.43,3.69,-48.20,164.00,100%
173.46,3.69,-51.40,186.00,100%
173.49,3.69,-51.80,212.00,100%
173.52,3.69,-57.50,196.00,100%
173.55,3.67,44.20,160.00,100%
173.55,3.68,-51.80,190.00,100%
173.58,3.69,-50.60,186.00,100%
173.61,3.69,-53.30,196.00,100%
173.64,3.69,-58.70,216.00,100%
173.67,3.67,25.20,186.00,100%
173.67,3.69,-43.30,180.00,100%
173.70,3.69,-59.40,196.00,100%
173.73,3.69,-49.30,190.00,100%
173.76,3.69,-53.40,212.00,100%
173.79,3.67,39.60,144.00,100%
173.79,3.69,-46.90,174.00,100%
173.82,3.69,-57.90,212.00,100%
173.85,3.69,-51.20,190.00,100%
173.88,3.69,-55.90,206.00,100%
173.91,3.67,18.70,212.00,100%
173.91,3.69,-40.50,168.00,100%
173.97,3.69,-58.30,220.00,100%
173.97,3.69,-54.20,180.00,100%
174.00,3.69,-47.00,206.00,100%
174.03,3.67,25.80,96.00,100%
174.03,3.70,-40.80,150.00,100%
174.06,3.69,-57.30,212.00,100%
174.09,3.69,-53.50,196.00,100%
174.12,3.69,-49.90,184.00,100%
174.15,3.67,18.60,226.00,100%
174.15,3.69,-40.80,148.00,100%
174.18,3.69,-53.30,216.00,100%
174.21,3.69,-57.30,190.00,100%
174.24,3.69,-48.80,190.00,100%
174.30,3.67,18.20,66.00,100%
174.30,3.69,-43.10,160.00,100%
174.30,3.69,-55.10,204.00,100%
174.33,3.69,-57.80,212.00,100%
174.36,3.69,-48.90,180.00,100%
174.39,3.67,20.10,286.00,100%
174.39,3.69,-47.10,158.00,100%
174.45,3.69,-48.50,206.00,100%
174.45,3.69,-57.10,210.00,100%
174.48,3.69,-47.90,176.00,100%
174.51,3.67,13.50,50.00,100%
174.51,3.67,-44.40,164.00,100%
174.54,3.69,-51.00,190.00,100%
174.57,3.69,-58.30,216.00,100%
174.60,3.69,-50.90,186.00,100%
174.63,3.67,25.40,304.00,100%
174.63,3.69,-50.80,168.00,100%
174.66,3.69,-49.60,186.00,100%
174.69,3.69,-53.40,216.00,100%
174.72,3.69,-50.10,186.00,100%
174.75,3.67,11.80,42.00,100%
174.75,3.69,-48.90,180.00,100%
174.78,3.69,-51.60,190.00,100%
174.81,3.69,-55.30,204.00,100%
174.84,3.69,-56.70,210.00,100%
174.87,3.67,28.10,330.00,100%
174.87,3.70,-49.90,190.00,100%
174.90,3.69,-53.70,180.00,100%
174.93,3.69,-46.60,206.00,100%
174.96,3.69,-56.80,210.00,100%
174.99,3.67,15.70,56.00,100%
174.99,3.69,-48.60,180.00,100%
175.02,3.69,-54.60,204.00,100%
175.08,3.69,-49.60,184.00,100%
175.08,3.69,-57.30,204.00,100%
175.11,3.67,26.00,328.00,100%
175.11,3.69,-45.80,190.00,100%
175.14,3.69,-57.00,190.00,100%
175.17,3.69,-48.50,190.00,100%
175.20,3.69,-59.40,220.00,100%
175.23,3.67,15.20,56.00,100%
175.23,3.69,-45.40,168.00,100%
175.26,3.69,-58.00,212.00,100%
175.29,3.69,-50.00,184.00,100%
175.32,3.69,-54.70,212.00,100%
175.35,3.67,19.60,350.00,100%
175.38,3.69,-40.20,176.00,100%
175.38,3.69,-56.60,210.00,100%
175.41,3.69,-51.70,174.00,100%
175.44,3.69,-58.40,216.00,100%
175.47,3.67,13.70,50.00,100%
175.47,3.66,-40.30,148.00,100%
175.50,3.69,-58.00,212.00,100%
175.53,3.69,-51.10,190.00,100%
175.56,3.69,-49.60,210.00,100%
175.59,3.67,17.00,324.00,100%
175.59,3.69,-42.40,158.00,100%
175.62,3.69,-53.60,212.00,100%
175.65,3.69,-49.30,184.00,100%
175.68,3.69,-55.40,206.00,100%
175.71,3.67,11.80,42.00,100%
175.71,3.68,-42.20,154.00,100%
175.74,3.69,-56.30,210.00,100%
175.77,3.69,-56.30,210.00,100%
175.80,3.69,-46.20,204.00,100%
175.83,3.67,16.20,298.00,100%
175.83,3.68,-43.80,140.00,100%
175.86,3.69,-49.10,210.00,100%
175.89,3.69,-54.40,200.00,100%
175.92,3.69,-50.60,186.00,100%
175.95,3.67,12.80,46.00,100%
175.95,3.69,-43.50,160.00,100%
175.98,3.69,-51.80,190.00,100%
176.04,3.69,-57.50,212.00,100%
176.04,3.69,-49.50,184.00,100%
176.07,3.67,19.20,276.00,100%
176.07,3.70,-47.80,148.00,100%
176.10,3.69,-47.90,196.00,100%
176.13,3.69,-58.70,216.00,100%
176.16,3.69,-51.00,186.00,100%
176.22,3.67,14.80,52.00,100%
176.22,3.66,-49.80,184.00,100%
176.22,3.69,-52.10,194.00,100%
176.25,3.69,-49.10,210.00,100%
176.28,3.69,-59.20,206.00,100%
176.31,3.67,26.90,96.00,100%
176.31,3.66,48.00,184.00,100%
176.34,3.69,-51.10,190.00,100%
176.37,3.69,-53.30,196.00,100%
176.40,3.69,-57.50,212.00,100%
176.43,3.67,27.70,102.00,100%
176.43,3.65,30.50,112.00,100%
176.46,3.69,-56.60,184.00,100%
176.52,3.69,-48.40,194.00,100%
176.52,3.69,-57.30,220.00,100%
176.55,3.67,20.70,96.00,100%
176.55,3.66,11.70,174.00,100%
176.58,3.69,-58.30,216.00,100%
176.61,3.69,-50.40,186.00,100%
176.64,3.69,-56.70,210.00,100%
176.67,3.68,21.80,78.00,100%
176.67,3.65,-10.30,40.00,100%
176.70,3.69,-56.10,210.00,100%
176.76,3.69,-53.90,184.00,100%
176.76,3.69,-49.60,210.00,100%
176.79,3.67,18.90,72.00,100%
176.79,3.66,-36.00,140.00,100%
176.82,3.69,-58.20,216.00,100%
176.85,3.69,-54.80,204.00,100%
176.88,3.69,-48.70,180.00,100%
176.91,3.67,21.60,78.00,100%
176.91,3.66,-43.10,160.00,100%
176.94,3.69,-48.20,206.00,100%
176.97,3.69,-58.30,210.00,100%
177.00,3.69,-51.40,176.00,100%
177.03,3.67,25.50,66.00,100%
177.03,3.67,-46.00,170.00,100%
177.06,3.69,-49.70,184.00,100%
177.09,3.69,-57.20,212.00,100%
177.15,3.69,-54.70,204.00,100%
177.15,3.68,29.00,104.00,100%
177.15,3.67,-49.20,180.00,100%
177.18,3.69,-51.50,180.00,100%
177.21,3.69,-50.80,216.00,100%
177.30,3.69,-57.10,204.00,100%
177.30,3.67,24.50,102.00,100%
177.31,3.66,-48.40,180.00,100%
177.33,3.69,-56.10,206.00,100%
177.33,3.69,-47.70,176.00,100%
177.36,3.69,-58.70,216.00,100%
177.39,3.68,23.40,86.00,100%
177.39,3.68,-39.80,148.00,100%
177.42,3.69,-56.00,210.00,100%
177.45,3.69,-55.20,190.00,100%
177.48,3.69,-47.50,206.00,100%
177.51,3.67,19.10,68.00,100%
177.51,3.66,-41.50,154.00,100%
177.54,3.69,-57.50,212.00,100%
177.57,3.69,-56.90,210.00,100%
177.60,3.69,-50.60,186.00,100%
177.63,3.67,21.50,78.00,100%
177.63,3.70,-48.40,160.00,100%
177.66,3.69,-48.90,196.00,100%
177.69,3.69,-56.80,220.00,100%
177.72,3.69,-56.10,186.00,100%
177.75,3.67,27.00,78.00,100%
177.75,3.66,-51.20,190.00,100%
177.78,3.69,-51.70,190.00,100%
177.81,3.69,-53.70,200.00,100%
177.84,3.69,-58.80,216.00,100%
177.87,3.67,27.00,98.00,100%
177.87,3.66,59.30,184.00,100%
177.92,3.69,-58.10,190.00,100%
177.93,3.69,-51.20,194.00,100%
177.96,3.69,-53.60,216.00,100%
178.02,3.67,18.10,88.00,100%
178.02,3.66,-44.20,164.00,100%
178.02,3.69,-58.30,216.00,100%
178.08,3.69,-52.00,194.00,100%
178.08,3.69,-50.60,186.00,100%
178.11,3.67,20.00,72.00,100%
178.11,3.66,19.90,140.00,100%
178.14,3.69,-51.30,216.00,100%
178.17,3.69,-57.60,204.00,100%
178.20,3.69,-50.20,176.00,100%
178.23,3.67,16.50,58.00,100%
178.23,3.66,-47.30,174.00,100%
178.26,3.69,-48.20,176.00,100%
178.29,3.69,-58.60,216.00,100%
178.32,3.69,-53.90,200.00,100%
178.35,3.67,28.90,104.00,100%
178.35,3.66,-31.60,174.00,100%
178.38,3.69,-54.10,190.00,100%
178.41,3.69,-48.30,206.00,100%
178.44,3.69,-56.60,206.00,100%
178.50,3.67,27.40,102.00,100%
178.50,3.65,-45.60,168.00,100%
178.50,3.69,-55.00,204.00,100%
178.53,3.69,-49.30,184.00,100%
178.56,3.69,-57.30,212.00,100%
178.59,3.67,23.80,88.00,100%
178.59,3.67,-40.90,174.00,100%
178.64,3.69,-59.30,216.00,100%
178.65,3.69,-51.40,174.00,100%
178.68,3.69,-48.50,210.00,100%
178.77,3.67,20.10,72.00,100%
178.77,3.66,-41.40,154.00,100%
178.77,3.69,-57.30,212.00,100%
178.77,3.69,-53.90,200.00,100%
178.81,3.68,-50.40,186.00,100%
178.83,3.67,19.90,72.00,100%
178.83,3.68,-40.90,144.00,100%
178.86,3.69,-53.20,220.00,100%
178.92,3.69,-57.50,194.00,100%
178.98,3.69,-48.80,184.00,100%
178.98,3.67,16.10,58.00,100%
178.98,3.66,-43.50,160.00,100%
178.98,3.69,-52.30,194.00,100%
179.01,3.69,-58.90,216.00,100%
179.04,3.69,-51.10,190.00,100%
179.07,3.67,22.40,62.00,100%
179.07,3.66,73.30,150.00,100%
179.10,3.69,-50.10,200.00,100%
179.13,3.69,-55.40,212.00,100%
179.16,3.69,-54.60,186.00,100%
179.19,3.67,19.40,72.00,100%
179.19,3.66,-49.10,180.00,100%
179.22,3.69,-49.60,184.00,100%
179.25,3.69,-56.90,210.00,100%
179.28,3.69,-53.90,200.00,100%
179.31,3.67,26.90,68.00,100%
179.31,3.70,-45.10,150.00,100%
179.34,3.69,-48.70,210.00,100%
179.37,3.69,-56.70,206.00,100%
179.40,3.69,-51.30,170.00,100%
179.43,3.67,11.30,42.00,100%
179.43,3.66,-46.70,174.00,100%
179.46,3.69,-48.90,180.00,100%
179.52,3.69,-59.00,220.00,100%
179.52,3.69,-50.60,186.00,100%
179.55,3.66,22.50,272.00,100%
179.55,3.70,-47.90,154.00,100%
179.58,3.69,-51.20,196.00,100%
179.61,3.69,-54.40,212.00,100%
179.64,3.69,-55.60,180.00,100%
179.67,3.67,9.60,36.00,100%
179.67,3.66,-50.50,186.00,100%
179.70,3.69,-49.40,184.00,100%
179.73,3.69,-58.20,216.00,100%
179.76,3.69,-54.90,204.00,100%
179.79,3.67,26.00,340.00,100%
179.79,3.69,-47.80,168.00,100%
179.82,3.69,-51.70,186.00,100%
179.85,3.69,-51.50,212.00,100%
179.88,3.69,-56.10,190.00,100%
179.91,3.67,11.70,42.00,100%
179.91,3.66,-51.30,190.00,100%
179.94,3.69,-50.60,186.00,100%
179.97,3.69,-55.30,204.00,100%
180.00,3.69,-57.30,212.00,100%
180.03,3.67,27.00,348.00,100%
180.03,3.67,-48.50,176.00,100%
180.06,3.69,-55.50,186.00,100%
180.09,3.69,-48.10,206.00,100%
180.12,3.69,-56.20,206.00,100%
180.15,3.67,18.00,66.00,100%
180.15,3.68,-50.60,186.00,100%
180.18,3.69,-53.50,196.00,100%
180.21,3.69,-50.00,184.00,100%
180.24,3.69,-57.80,212.00,100%
180.27,3.67,26.60,358.00,100%
180.27,3.68,-43.10,180.00,100%
180.30,3.69,-58.60,194.00,100%
180.33,3.69,-48.20,186.00,100%
180.36,3.69,-57.90,212.00,100%
180.39,3.67,17.40,62.00,100%
180.39,3.69,-45.30,168.00,100%
180.42,3.69,-58.60,216.00,100%
180.45,3.70,-50.50,186.00,100%
180.48,3.69,-55.60,206.00,100%
180.51,3.67,20.50,338.00,100%
180.51,3.70,-39.30,174.00,100%
180.54,3.69,-56.80,212.00,100%
180.60,3.69,-53.00,184.00,100%
180.60,3.69,-56.80,210.00,100%
180.63,3.67,13.40,50.00,100%
180.63,3.70,-39.70,148.00,100%
180.66,3.69,-58.80,216.00,100%
180.69,3.69,-52.00,194.00,100%
180.72,3.69,-51.20,190.00,100%
180.75,3.67,18.50,324.00,100%
180.75,3.69,-43.30,164.00,100%
180.78,3.69,-53.90,212.00,100%
180.81,3.69,-56.00,180.00,100%
180.84,3.69,-53.80,200.00,100%
180.87,3.67,11.50,42.00,100%
180.87,3.66,-40.50,150.00,100%
180.90,3.69,-57.60,212.00,100%
180.94,3.69,-56.00,206.00,100%
180.99,3.69,-47.70,176.00,100%
180.99,3.67,17.70,292.00,100%
180.99,3.69,-44.60,154.00,100%
181.02,3.69,-51.00,210.00,100%
181.05,3.69,-56.40,194.00,100%
181.08,3.69,-51.80,190.00,100%
181.11,3.67,10.20,36.00,100%
181.11,3.67,-42.60,158.00,100%
181.14,3.69,-55.40,206.00,100%
181.17,3.69,-57.60,212.00,100%
181.20,3.69,-48.70,200.00,100%
181.24,3.67,18.90,292.00,100%
181.24,3.67,-47.90,158.00,100%
181.26,3.69,-48.20,206.00,100%
181.29,3.69,-56.10,204.00,100%
181.32,3.69,-49.40,184.00,100%
181.35,3.67,12.20,46.00,100%
181.35,3.68,-43.20,160.00,100%
181.38,3.69,-52.00,194.00,100%
181.41,3.69,-58.30,216.00,100%
181.44,3.69,-47.40,184.00,100%
181.49,3.67,21.20,286.00,100%
181.50,3.69,-50.10,154.00,100%
181.50,3.69,-48.60,196.00,100%
181.53,3.69,-55.10,212.00,100%
181.56,3.69,-51.20,190.00,100%
181.59,3.67,13.70,50.00,100%
181.59,3.66,-47.70,176.00,100%
181.62,3.69,-47.50,176.00,100%
181.65,3.69,-56.80,210.00,100%
181.68,3.69,-52.70,180.00,100%
181.71,3.67,25.00,282.00,100%
181.71,3.70,-49.50,174.00,100%
181.74,3.69,-50.50,176.00,100%
181.77,3.69,-57.30,212.00,100%
181.80,3.69,-54.20,200.00,100%
181.83,3.67,20.10,72.00,100%
181.83,3.66,-50.10,186.00,100%
181.86,3.69,-50.80,186.00,100%
181.89,3.69,-51.70,190.00,100%
181.92,3.69,-56.80,194.00,100%
181.95,3.67,23.80,278.00,100%
181.95,3.70,-44.30,184.00,100%
181.98,3.69,-56.80,194.00,100%
182.01,3.69,-50.30,186.00,100%
182.04,3.69,-59.60,220.00,100%
182.07,3.67,19.20,68.00,100%
182.07,3.66,-43.30,160.00,100%
182.10,3.69,-58.10,216.00,100%
182.13,3.69,-50.60,186.00,100%
182.16,3.69,-49.40,210.00,100%
182.19,3.67,15.30,240.00,100%
182.19,3.69,-40.50,144.00,100%
182.22,3.69,-49.60,210.00,100%
182.28,3.69,-54.20,200.00,100%
182.28,3.69,-49.80,184.00,100%
182.31,3.67,14.70,52.00,100%
182.31,3.67,-47.00,174.00,100%
182.34,3.69,-48.70,180.00,100%
182.37,3.69,-57.10,210.00,100%
182.40,3.69,-52.30,180.00,100%
182.43,3.67,24.70,210.00,100%
182.43,3.69,-47.90,174.00,100%
182.46,3.69,-50.80,174.00,100%
182.49,3.69,-57.80,212.00,100%
182.52,3.69,-56.10,206.00,100%
182.55,3.67,26.50,98.00,100%
182.55,3.68,-50.20,186.00,100%
182.58,3.69,-54.00,200.00,100%
182.64,3.69,-47.50,206.00,100%
182.64,3.69,-57.00,206.00,100%
182.67,3.67,21.30,222.00,100%
182.67,3.69,-40.60,176.00,100%
182.70,3.69,-56.10,204.00,100%
182.73,3.69,-49.00,180.00,100%
182.76,3.69,-57.50,212.00,100%
182.79,3.67,20.50,76.00,100%
182.79,3.70,-40.10,148.00,100%
182.82,3.69,-57.10,210.00,100%
182.85,3.69,-51.20,170.00,100%
182.88,3.69,-49.90,212.00,100%
182.91,3.67,16.80,164.00,100%
182.91,3.70,-41.90,148.00,100%
182.97,3.69,-49.40,210.00,100%
182.97,3.69,-55.30,204.00,100%
183.03,3.69,-48.90,180.00,100%
183.03,3.67,17.20,62.00,100%
183.03,3.70,-43.60,160.00,100%
183.09,3.69,-50.30,186.00,100%
183.09,3.69,-56.30,196.00,100%
183.12,3.69,-50.80,184.00,100%
183.15,3.67,22.80,138.00,100%
183.15,3.69,-48.90,160.00,100%
183.18,3.69,-50.10,186.00,100%
183.21,3.69,-59.20,220.00,100%
183.24,3.69,-50.60,186.00,100%
183.27,3.67,22.40,82.00,100%
183.27,3.66,-49.90,184.00,100%
183.30,3.69,-49.00,180.00,100%
183.33,3.69,-51.80,212.00,100%
183.36,3.69,-59.20,196.00,100%
183.39,3.67,25.20,148.00,100%
183.39,3.69,-45.30,184.00,100%
183.42,3.69,-49.60,184.00,100%
183.45,3.69,-54.80,204.00,100%
183.48,3.69,-57.50,212.00,100%
183.51,3.67,23.20,86.00,100%
183.51,3.68,-46.60,174.00,100%
183.54,3.69,-57.20,212.00,100%
183.57,3.69,-48.20,194.00,100%
183.60,3.69,-57.60,222.00,100%
183.66,3.67,19.40,128.00,100%
183.66,3.69,-37.40,170.00,100%
183.69,3.69,-58.40,216.00,100%
183.69,3.69,-51.00,190.00,100%
183.72,3.69,-56.00,206.00,100%
183.75,3.68,18.20,66.00,100%
183.75,3.69,-38.90,144.00,100%
183.82,3.69,-56.30,212.00,100%
183.82,3.69,-53.90,184.00,100%
183.84,3.69,-49.70,212.00,100%
183.87,3.67,18.30,88.00,100%
183.87,3.70,-42.40,150.00,100%
183.90,3.69,-58.00,212.00,100%
183.93,3.69,-56.60,210.00,100%
183.96,3.69,-47.80,176.00,100%
183.99,3.67,17.20,62.00,100%
183.99,3.70,-45.60,168.00,100%
184.02,3.69,-47.50,206.00,100%
184.05,3.69,-57.30,206.00,100%
184.08,3.69,-53.40,180.00,100%
184.11,3.67,24.90,68.00,100%
184.14,3.70,-47.90,170.00,100%
184.14,3.69,-49.60,184.00,100%
184.17,3.69,-58.10,216.00,100%
184.20,3.69,-53.60,196.00,100%
184.23,3.67,25.20,92.00,100%
184.23,3.70,-49.60,184.00,100%
184.29,3.69,-49.90,174.00,100%
184.29,3.69,-51.00,212.00,100%
184.32,3.69,-58.10,200.00,100%
184.35,3.67,26.20,82.00,100%
184.35,3.69,-49.00,180.00,100%
184.38,3.69,-52.90,196.00,100%
184.41,3.69,-51.20,190.00,100%
184.44,3.69,-58.60,216.00,100%
184.47,3.67,25.10,92.00,100%
184.47,3.69,-44.80,168.00,100%
184.50,3.69,-56.30,184.00,100%
184.53,3.69,-50.10,196.00,100%
184.56,3.69,-54.80,212.00,100%
184.59,3.67,18.90,68.00,100%
184.59,3.69,-45.40,168.00,100%
184.62,3.69,-59.40,220.00,100%
184.65,3.69,-49.50,184.00,100%
184.68,3.69,-56.80,210.00,100%
184.71,3.67,16.90,62.00,100%
184.71,3.70,-39.50,148.00,100%
184.74,3.69,-55.50,210.00,100%
184.77,3.69,-55.30,190.00,100%
184.80,3.69,-47.90,206.00,100%
184.83,3.67,18.70,30.00,100%
184.83,3.69,-38.30,140.00,100%
184.86,3.69,-58.60,216.00,100%
184.89,3.69,-53.30,196.00,100%
184.92,3.69,-50.80,186.00,100%
184.95,3.67,16.90,62.00,100%
184.95,3.70,-41.90,154.00,100%
184.98,3.69,-50.30,210.00,100%
185.01,3.69,-59.30,200.00,100%
185.07,3.69,-49.80,184.00,100%
185.07,3.67,22.30,30.00,100%
185.07,3.70,-40.60,150.00,100%
185.10,3.69,-54.80,204.00,100%
185.13,3.69,-57.70,212.00,100%
185.16,3.69,-50.60,186.00,100%
185.19,3.67,18.10,66.00,100%
185.19,3.70,-47.90,158.00,100%
185.25,3.69,-46.10,200.00,100%
185.28,3.69,-58.20,216.00,100%
185.28,3.69,-52.60,180.00,100%
185.31,3.67,27.70,40.00,100%
185.31,3.70,-47.20,174.00,100%
185.34,3.69,-49.20,180.00,100%
185.37,3.69,-57.20,212.00,100%
185.40,3.69,-51.90,194.00,100%
185.43,3.67,23.90,276.00,100%
185.49,3.69,-48.70,164.00,100%
185.49,3.69,-49.50,186.00,100%
185.52,3.69,-54.90,216.00,100%
185.52,3.69,-57.10,184.00,100%
185.55,3.67,26.80,62.00,100%
185.55,3.66,-50.80,186.00,100%
185.58,3.69,-51.10,190.00,100%
185.61,3.69,-54.70,204.00,100%
185.64,3.69,-57.60,212.00,100%
185.67,3.67,26.10,96.00,100%
185.67,3.69,-45.90,180.00,100%
185.73,3.69,-56.10,190.00,100%
185.73,3.69,-46.80,204.00,100%
185.76,3.69,-56.20,212.00,100%
185.79,3.67,21.40,78.00,100%
185.79,3.68,-48.90,180.00,100%
185.82,3.69,-56.50,210.00,100%
185.85,3.69,-47.50,176.00,100%
185.91,3.69,-56.80,210.00,100%
185.91,3.67,20.10,72.00,100%
185.91,3.69,-37.70,170.00,100%
185.94,3.69,-58.20,216.00,100%
185.97,3.69,-52.50,180.00,100%
186.00,3.69,-48.40,210.00,100%
186.03,3.67,15.30,56.00,100%
186.03,3.70,-40.70,150.00,100%
186.06,3.69,-56.50,210.00,100%
186.09,3.69,-54.60,204.00,100%
186.15,3.69,-49.50,184.00,100%
186.15,3.67,17.40,62.00,100%
186.15,3.70,-40.80,140.00,100%
186.18,3.69,-52.10,220.00,100%
186.21,3.69,-56.90,196.00,100%
186.24,3.69,-48.00,180.00,100%
186.27,3.67,12.70,46.00,100%
186.27,3.70,-44.20,164.00,100%
186.30,3.69,-50.00,184.00,100%
186.33,3.69,-59.00,220.00,100%
186.36,3.69,-50.10,186.00,100%
186.39,3.67,23.60,272.00,100%
186.39,3.69,-47.60,158.00,100%
186.42,3.69,-50.90,194.00,100%
186.45,3.69,-52.50,212.00,100%
186.48,3.69,-55.90,186.00,100%
186.51,3.67,18.30,66.00,100%
186.51,3.66,-51.30,190.00,100%
186.54,3.69,-49.10,180.00,100%
186.57,3.69,-53.00,196.00,100%
186.60,3.69,-57.90,212.00,100%
186.65,3.67,25.50,302.00,100%
186.65,3.68,-43.60,176.00,100%
186.67,3.69,-58.80,194.00,100%
186.69,3.69,-49.30,186.00,100%
186.72,3.69,-52.60,212.00,100%
186.75,3.67,18.90,68.00,100%
186.75,3.67,-44.90,168.00,100%
186.78,3.69,-58.10,216.00,100%
186.81,3.69,-48.60,180.00,100%
186.84,3.69,-53.70,200.00,100%
186.87,3.67,19.60,286.00,100%
186.90,3.68,-40.60,158.00,100%
186.90,3.69,-46.50,204.00,100%
186.93,3.69,-55.20,210.00,100%
186.96,3.69,-51.10,190.00,100%
186.99,3.67,18.20,66.00,100%
186.99,3.66,-46.90,174.00,100%
187.02,3.69,-48.00,176.00,100%
187.05,3.69,-57.10,210.00,100%
187.08,3.69,-52.90,180.00,100%
187.11,3.67,28.60,66.00,100%
187.11,3.66,58.90,180.00,100%
187.14,3.69,-51.90,176.00,100%
187.17,3.69,-48.70,210.00,100%
187.20,3.69,-56.40,210.00,100%
187.23,3.67,27.00,98.00,100%
187.23,3.65,33.80,124.00,100%
187.26,3.70,-52.90,196.00,100%
187.29,3.69,-50.00,184.00,100%
187.32,3.69,-56.20,196.00,100%
187.38,3.67,25.30,96.00,100%
187.38,3.66,7.70,184.00,100%
187.38,3.69,-56.70,194.00,100%
187.41,3.69,-49.80,184.00,100%
187.44,3.69,-59.40,220.00,100%
187.47,3.67,26.90,98.00,100%
187.47,3.65,-15.70,58.00,100%
187.50,3.69,-57.60,212.00,100%
187.53,3.69,-50.20,186.00,100%
187.56,3.69,-52.60,210.00,100%
187.59,3.67,11.60,68.00,100%
187.59,3.66,-34.00,160.00,100%
187.62,3.69,-54.80,212.00,100%
187.65,3.69,-50.80,186.00,100%
187.68,3.69,-56.50,210.00,100%
187.71,3.67,21.40,78.00,100%
187.71,3.66,-42.20,158.00,100%
187.74,3.69,-56.90,210.00,100%
187.77,3.69,-53.80,184.00,100%
187.80,3.69,-47.30,204.00,100%
187.83,3.67,16.60,66.00,100%
187.83,3.68,-41.50,144.00,100%
187.86,3.69,-49.50,210.00,100%
187.89,3.69,-53.60,196.00,100%
187.92,3.69,-50.90,186.00,100%
187.95,3.67,20.00,72.00,100%
187.95,3.66,-42.00,154.00,100%
187.98,3.69,-52.30,194.00,100%
188.01,3.69,-56.70,186.00,100%
188.04,3.69,-49.90,190.00,100%
188.07,3.67,17.40,58.00,100%
188.07,3.66,73.10,150.00,100%
188.13,3.69,-47.60,196.00,100%
188.13,3.69,-59.10,220.00,100%
188.16,3.69,-49.50,184.00,100%
188.19,3.67,22.80,86.00,100%
188.19,3.66,-48.40,180.00,100%
188.22,3.69,-46.60,174.00,100%
188.28,3.69,-55.00,210.00,100%
188.28,3.69,-55.90,190.00,100%
188.31,3.67,28.70,76.00,100%
188.31,3.66,32.00,176.00,100%
188.34,3.69,-49.50,184.00,100%
188.37,3.69,-57.90,212.00,100%
188.40,3.69,-54.70,204.00,100%
188.43,3.68,29.40,108.00,100%
188.43,3.65,6.80,26.00,100%
188.46,3.69,-53.10,196.00,100%
188.49,3.69,-48.00,206.00,100%
188.52,3.69,-58.90,210.00,100%
188.57,3.67,25.40,102.00,100%
188.57,3.66,-23.90,180.00,100%
188.58,3.69,-53.40,196.00,100%
188.61,3.69,-51.20,190.00,100%
188.64,3.69,-57.30,212.00,100%
188.67,3.67,26.40,98.00,100%
188.67,3.65,-39.20,144.00,100%
188.70,3.69,-57.00,194.00,100%
188.73,3.69,-49.90,184.00,100%
188.76,3.69,-55.10,220.00,100%
188.79,3.67,18.30,92.00,100%
188.79,3.66,82.90,160.00,100%
188.82,3.69,-58.90,216.00,100%
188.85,3.69,-51.10,190.00,100%
188.88,3.69,-54.20,200.00,100%
188.91,3.68,20.30,76.00,100%
188.91,3.67,-40.80,150.00,100%
188.94,3.69,-54.00,212.00,100%
189.00,3.69,-56.10,186.00,100%
189.00,3.69,-46.60,204.00,100%
189.03,3.67,18.40,62.00,100%
189.03,3.66,-40.70,150.00,100%
189.06,3.69,-57.60,212.00,100%
189.09,3.69,-55.40,204.00,100%
189.12,3.69,-48.60,180.00,100%
189.15,3.67,20.20,76.00,100%
189.15,3.69,-44.60,164.00,100%
189.18,3.69,-47.50,206.00,100%
189.21,3.69,-58.20,210.00,100%
189.24,3.69,-50.10,174.00,100%
189.27,3.67,24.50,66.00,100%
189.27,3.66,-44.30,164.00,100%
189.30,3.69,-50.90,186.00,100%
189.33,3.69,-55.90,206.00,100%
189.36,3.69,-47.80,176.00,100%
189.39,3.67,17.30,62.00,100%
189.39,3.67,-44.10,164.00,100%
189.42,3.69,-48.70,210.00,100%
189.45,3.69,-57.30,200.00,100%
189.48,3.69,-50.70,180.00,100%
189.57,3.67,23.80,40.00,100%
189.57,3.69,-47.60,158.00,100%
189.57,3.69,-51.90,194.00,100%
189.57,3.69,-58.40,216.00,100%
189.60,3.69,-50.50,186.00,100%
189.63,3.68,22.30,82.00,100%
189.63,3.70,-49.70,184.00,100%
189.66,3.69,-47.00,184.00,100%
189.69,3.69,-54.40,220.00,100%
189.73,3.69,-57.50,186.00,100%
189.75,3.67,25.60,68.00,100%
189.75,3.66,-48.90,180.00,100%
189.78,3.69,-49.90,184.00,100%
189.81,3.69,-52.70,194.00,100%
189.84,3.69,-58.70,216.00,100%
189.87,3.67,24.50,88.00,100%
189.87,3.70,-45.80,170.00,100%
189.90,3.69,-56.20,180.00,100%
189.93,3.69,-51.10,200.00,100%
189.96,3.69,-54.20,212.00,100%
189.99,3.67,19.20,76.00,100%
189.99,3.68,-44.50,164.00,100%
190.02,3.69,-59.00,220.00,100%
190.05,3.69,-50.20,186.00,100%
190.08,3.69,-55.60,206.00,100%
190.11,3.67,17.70,66.00,100%
190.11,3.69,-41.20,168.00,100%
190.14,3.69,-55.30,212.00,100%
190.17,3.69,-58.00,194.00,100%
190.20,3.69,-46.40,200.00,100%
190.23,3.67,21.10,46.00,100%
190.23,3.70,-42.30,158.00,100%
190.26,3.69,-56.20,206.00,100%
190.29,3.69,-56.50,210.00,100%
190.32,3.69,-47.30,174.00,100%
190.35,3.67,18.50,68.00,100%
190.35,3.70,-44.50,148.00,100%
190.38,3.69,-48.00,210.00,100%
190.41,3.69,-57.30,210.00,100%
190.44,3.69,-51.70,176.00,100%
190.47,3.67,13.20,50.00,100%
190.47,3.66,-47.40,174.00,100%
190.50,3.69,-48.30,176.00,100%
190.53,3.69,-58.50,216.00,100%
190.56,3.69,-52.00,194.00,100%
190.59,3.67,24.00,256.00,100%
190.59,3.70,-47.60,160.00,100%
190.62,3.69,-50.40,190.00,100%
190.65,3.69,-52.00,210.00,100%
190.68,3.69,-56.70,186.00,100%
190.71,3.67,18.40,68.00,100%
190.74,3.66,-50.80,186.00,100%
190.74,3.69,-49.30,184.00,100%
190.77,3.69,-54.60,204.00,100%
190.80,3.69,-58.00,212.00,100%
190.83,3.67,25.80,226.00,100%
190.83,3.66,-42.90,176.00,100%
190.86,3.69,-57.50,190.00,100%
190.89,3.69,-46.30,200.00,100%
190.92,3.69,-55.10,210.00,100%
190.95,3.67,24.00,88.00,100%
190.95,3.67,-49.30,184.00,100%
190.98,3.69,-55.50,206.00,100%
191.01,3.69,-48.10,176.00,100%
191.04,3.69,-57.20,212.00,100%
191.07,3.67,23.70,204.00,100%
191.07,3.68,-41.10,180.00,100%
191.10,3.69,-57.50,200.00,100%
191.13,3.69,-48.70,176.00,100%
191.16,3.69,-57.30,212.00,100%
191.19,3.67,22.60,82.00,100%
191.19,3.69,-42.40,158.00,100%
191.22,3.69,-59.00,220.00,100%
191.25,3.69,-48.80,180.00,100%
191.28,3.69,-53.10,196.00,100%
191.31,3.67,18.30,168.00,100%
191.31,3.70,-41.60,164.00,100%
191.34,3.69,-54.00,212.00,100%
191.41,3.69,-55.00,186.00,100%
191.41,3.69,-54.20,200.00,100%
191.43,3.67,16.40,58.00,100%
191.43,3.70,-40.20,148.00,100%
191.46,3.69,-56.80,210.00,100%
191.49,3.69,-56.00,206.00,100%
191.52,3.69,-45.50,200.00,100%
191.55,3.67,19.40,98.00,100%
191.55,3.70,-46.80,158.00,100%
191.58,3.69,-47.90,206.00,100%
191.61,3.69,-55.70,204.00,100%
191.64,3.69,-48.50,180.00,100%
191.67,3.67,18.30,66.00,100%
191.67,3.66,-44.10,164.00,100%
191.70,3.69,-48.80,180.00,100%
191.73,3.69,-57.10,210.00,100%
191.79,3.69,-48.90,170.00,100%
191.79,3.67,17.50,56.00,100%
191.79,3.66,-25.60,164.00,100%
191.82,3.69,-47.60,180.00,100%
191.85,3.69,-57.30,212.00,100%
191.88,3.69,-51.80,190.00,100%
191.91,3.67,24.70,92.00,100%
191.94,3.66,-50.10,186.00,100%
191.94,3.69,-48.60,180.00,100%
191.97,3.69,-52.30,194.00,100%
192.00,3.69,-55.90,184.00,100%
192.03,3.67,23.90,50.00,100%
192.03,3.67,-45.00,176.00,100%
192.06,3.69,-55.10,180.00,100%
192.09,3.69,-53.60,196.00,100%
192.12,3.69,-58.90,216.00,100%
192.15,3.67,25.20,92.00,100%
192.15,3.68,-46.70,174.00,100%
192.18,3.69,-56.80,210.00,100%
192.24,3.69,-48.00,190.00,100%
192.24,3.69,-54.70,212.00,100%
192.27,3.67,18.10,50.00,100%
192.27,3.69,-39.90,164.00,100%
192.30,3.69,-54.60,212.00,100%
192.33,3.69,-51.20,190.00,100%
192.36,3.69,-53.80,200.00,100%
192.39,3.67,11.50,42.00,100%
192.39,3.70,-40.20,148.00,100%
192.42,3.69,-54.70,204.00,100%
192.45,3.69,-54.90,176.00,100%
192.48,3.69,-48.60,204.00,100%
192.51,3.67,20.20,40.00,100%
192.51,3.70,-46.70,150.00,100%
192.54,3.69,-54.20,200.00,100%
192.57,3.69,-58.80,216.00,100%
192.60,3.69,-48.80,180.00,100%
192.63,3.67,19.20,72.00,100%
192.63,3.66,-48.40,180.00,100%
192.66,3.69,-48.60,180.00,100%
192.69,3.69,-54.60,210.00,100%
192.72,3.69,-56.70,190.00,100%
192.75,3.67,30.40,58.00,100%
192.75,3.66,32.80,176.00,100%
192.78,3.69,-50.50,186.00,100%
192.81,3.69,-56.10,206.00,100%
192.84,3.69,-56.30,210.00,100%
192.87,3.67,26.70,98.00,100%
192.87,3.70,-48.40,180.00,100%
192.90,3.69,-53.20,180.00,100%
192.93,3.69,-47.50,206.00,100%
192.96,3.69,-56.80,210.00,100%
192.99,3.67,25.30,78.00,100%
192.99,3.66,-47.30,174.00,100%
193.02,3.69,-56.90,210.00,100%
193.05,3.69,-46.40,170.00,100%
193.08,3.69,-57.50,212.00,100%
193.11,3.67,21.10,78.00,100%
193.11,3.70,-39.20,144.00,100%
193.14,3.69,-55.60,204.00,100%
193.17,3.69,-53.10,176.00,100%
193.20,3.69,-47.90,204.00,100%
193.26,3.67,22.80,58.00,100%
193.26,3.67,-39.10,144.00,100%
193.26,3.69,-58.40,216.00,100%
193.29,3.69,-52.40,194.00,100%
193.32,3.69,-49.50,184.00,100%
193.35,3.67,17.40,250.00,100%
193.35,3.69,-41.90,144.00,100%
193.38,3.69,-50.10,210.00,100%
193.44,3.69,-58.30,200.00,100%
193.44,3.69,-48.90,180.00,100%
193.47,3.67,6.70,22.00,100%
193.47,3.69,-44.50,164.00,100%
193.50,3.69,-50.20,186.00,100%
193.53,3.69,-57.90,212.00,100%
193.56,3.69,-50.00,184.00,100%
193.60,3.66,24.00,200.00,100%
193.60,3.70,-47.30,154.00,100%
193.62,3.69,-48.80,190.00,100%
193.65,3.69,-52.30,210.00,100%
193.68,3.69,-56.30,184.00,100%
193.74,3.67,23.10,86.00,100%
193.74,3.66,-50.30,186.00,100%
193.75,3.69,-48.30,176.00,100%
193.77,3.69,-53.60,196.00,100%
193.80,3.69,-57.50,212.00,100%
193.83,3.67,25.60,180.00,100%
193.83,3.69,-43.80,176.00,100%
193.86,3.69,-58.50,190.00,100%
193.89,3.69,-48.50,190.00,100%
193.92,3.69,-53.00,212.00,100%
193.96,3.67,23.10,86.00,100%
193.96,3.66,-45.70,170.00,100%
193.98,3.69,-57.30,212.00,100%
194.01,3.69,-49.70,184.00,100%
194.04,3.69,-54.10,200.00,100%
194.07,3.67,19.90,148.00,100%
194.07,3.69,-39.80,164.00,100%
194.10,3.69,-54.90,212.00,100%
194.13,3.69,-55.30,176.00,100%
194.16,3.69,-53.10,196.00,100%
194.22,3.67,16.10,58.00,100%
194.22,3.67,-40.10,148.00,100%
194.22,3.69,-55.40,204.00,100%
194.25,3.69,-57.00,210.00,100%
194.31,3.69,-48.80,180.00,100%
194.31,3.67,20.10,76.00,100%
194.31,3.68,-49.20,164.00,100%
194.34,3.69,-48.20,196.00,100%
194.37,3.69,-54.00,210.00,100%
194.40,3.69,-50.90,186.00,100%
194.43,3.67,19.90,72.00,100%
194.43,3.69,-48.10,176.00,100%
194.46,3.69,-49.60,184.00,100%
194.49,3.69,-55.70,206.00,100%
194.55,3.69,-54.80,184.00,100%
194.55,3.67,26.30,66.00,100%
194.55,3.70,-48.10,184.00,100%
194.58,3.69,-54.70,184.00,100%
194.61,3.69,-54.10,200.00,100%
194.64,3.69,-58.60,216.00,100%
194.67,3.67,25.50,96.00,100%
194.70,3.66,-47.30,174.00,100%
194.70,3.69,-56.50,210.00,100%
194.73,3.69,-47.30,174.00,100%
194.76,3.69,-54.40,210.00,100%
194.79,3.67,20.40,56.00,100%
194.80,3.70,-36.80,164.00,100%
194.82,3.69,-55.10,210.00,100%
194.85,3.69,-49.30,184.00,100%
194.88,3.69,-56.50,210.00,100%
194.91,3.67,19.00,68.00,100%
194.91,3.67,-39.10,144.00,100%
194.94,3.69,-56.00,206.00,100%
194.97,3.69,-54.80,184.00,100%
195.00,3.69,-46.50,204.00,100%
195.03,3.67,20.70,46.00,100%
195.03,3.69,-45.40,150.00,100%
195.06,3.69,-45.70,204.00,100%
195.09,3.69,-58.10,216.00,100%
195.12,3.69,-49.40,184.00,100%
195.15,3.67,19.00,68.00,100%
195.16,3.67,-47.60,176.00,100%
195.18,3.69,-49.40,184.00,100%
195.21,3.69,-54.90,210.00,100%
195.24,3.69,-55.80,190.00,100%
195.27,3.67,31.30,58.00,100%
195.27,3.66,-48.90,176.00,100%
195.33,3.69,-49.40,184.00,100%
195.34,3.69,-56.90,210.00,100%
195.37,3.69,-55.80,206.00,100%
195.40,3.67,26.60,98.00,100%
195.40,3.66,-47.50,176.00,100%
195.43,3.69,-54.10,180.00,100%
195.45,3.69,-46.30,200.00,100%
195.48,3.69,-57.40,212.00,100%
195.51,3.67,24.60,78.00,100%
195.51,3.68,-38.20,174.00,100%
195.54,3.69,-56.80,210.00,100%
195.57,3.69,-46.90,174.00,100%
195.60,3.69,-56.80,210.00,100%
195.65,3.67,21.20,78.00,100%
195.65,3.69,-39.50,148.00,100%
195.66,3.69,-55.50,204.00,100%
195.69,3.69,-52.60,176.00,100%
195.72,3.69,-48.90,206.00,100%
195.75,3.67,20.80,56.00,100%
195.76,3.70,-39.00,144.00,100%
195.78,3.69,-58.60,216.00,100%
195.81,3.69,-51.90,194.00,100%
195.84,3.69,-50.40,186.00,100%
195.87,3.67,17.40,62.00,100%
195.87,3.70,-42.20,148.00,100%
195.93,3.69,-49.60,206.00,100%
195.93,3.69,-58.70,204.00,100%
195.96,3.69,-48.70,176.00,100%
195.99,3.67,26.70,62.00,100%
195.99,3.66,-44.20,164.00,100%
196.02,3.69,-50.60,186.00,100%
196.05,3.69,-57.70,212.00,100%
196.08,3.69,-50.10,186.00,100%
196.11,3.66,24.10,88.00,100%
196.11,3.70,-47.30,158.00,100%
196.14,3.69,-49.30,186.00,100%
196.17,3.69,-52.00,210.00,100%
196.20,3.69,-56.80,186.00,100%
196.23,3.67,25.10,92.00,100%
196.23,3.66,-50.40,186.00,100%
196.26,3.69,-48.60,180.00,100%
196.29,3.69,-53.60,200.00,100%
196.32,3.69,-57.60,212.00,100%
196.35,3.66,24.70,138.00,100%
196.35,3.66,-30.80,176.00,100%
196.38,3.69,-58.40,190.00,100%
196.41,3.69,-48.00,190.00,100%
196.44,3.69,-53.20,212.00,100%
196.48,3.67,23.00,86.00,100%
196.50,3.67,-46.30,170.00,100%
196.50,3.69,-57.20,212.00,100%
196.53,3.69,-49.40,184.00,100%
196.56,3.69,-54.70,204.00,100%
196.59,3.67,19.90,102.00,100%
196.59,3.67,-38.90,164.00,100%
196.62,3.69,-55.50,212.00,100%
196.65,3.69,-54.90,184.00,100%
196.68,3.69,-54.10,200.00,100%
196.71,3.67,16.40,58.00,100%
196.71,3.68,-39.60,148.00,100%
196.75,3.69,-56.30,210.00,100%
196.77,3.69,-56.20,206.00,100%
196.81,3.69,-48.80,180.00,100%
196.84,3.67,21.50,36.00,100%
196.84,3.69,-47.30,160.00,100%
196.86,3.69,-46.30,200.00,100%
196.89,3.69,-55.00,206.00,100%
196.92,3.69,-49.60,184.00,100%
196.95,3.67,18.40,68.00,100%
196.95,3.66,-46.50,170.00,100%
196.98,3.69,-47.60,176.00,100%
197.01,3.69,-56.80,210.00,100%
197.04,3.69,-52.60,180.00,100%
197.07,3.67,30.00,32.00,100%
197.07,3.70,-49.30,176.00,100%
197.11,3.69,-51.20,170.00,100%
197.13,3.69,-56.40,210.00,100%
197.16,3.69,-56.20,206.00,100%
197.19,3.67,27.90,102.00,100%
197.19,3.66,-48.90,180.00,100%
197.22,3.69,-53.50,196.00,100%
197.25,3.69,-48.10,176.00,100%
197.28,3.69,-55.70,204.00,100%
197.31,3.67,24.40,76.00,100%
197.31,3.66,26.00,174.00,100%
197.34,3.69,-55.80,204.00,100%
197.37,3.69,-47.30,174.00,100%
197.40,3.69,-57.70,212.00,100%
197.43,3.67,20.60,76.00,100%
197.44,3.66,-40.20,148.00,100%
197.46,3.69,-56.60,210.00,100%
197.49,3.69,-53.60,184.00,100%
197.52,3.69,-46.50,200.00,100%
197.55,3.67,20.40,46.00,100%
197.56,3.66,-38.00,150.00,100%
197.58,3.69,-45.20,200.00,100%
197.61,3.69,-58.80,216.00,100%
197.64,3.69,-50.00,184.00,100%
197.67,3.67,21.40,78.00,100%
197.67,3.66,-51.60,190.00,100%
197.70,3.69,-48.00,176.00,100%
197.73,3.69,-51.40,206.00,100%
197.76,3.69,-58.30,196.00,100%
197.79,3.67,30.60,78.00,100%
197.79,3.67,-42.80,176.00,100%
197.82,3.69,-52.80,194.00,100%
197.85,3.69,-49.80,184.00,100%
197.88,3.69,-56.30,210.00,100%
197.91,3.67,19.90,72.00,100%
197.91,3.66,-38.70,144.00,100%
197.95,3.69,-55.80,210.00,100%
197.97,3.69,-54.10,180.00,100%
198.00,3.69,-49.50,206.00,100%
198.03,3.67,22.10,46.00,100%
198.03,3.69,-45.20,150.00,100%
198.06,3.69,-55.30,204.00,100%
198.09,3.69,-58.10,216.00,100%
198.12,3.69,-50.20,186.00,100%
198.15,3.67,21.00,78.00,100%
198.15,3.70,-48.80,180.00,100%
198.18,3.69,-48.20,184.00,100%
198.21,3.69,-53.80,216.00,100%
198.24,3.69,-56.80,184.00,100%
198.27,3.67,22.90,58.00,100%
198.27,3.66,-48.60,180.00,100%
198.30,3.69,-50.80,186.00,100%
198.33,3.69,-51.00,190.00,100%
198.36,3.69,-58.50,216.00,100%
198.39,3.67,26.30,96.00,100%
198.43,3.70,-44.10,164.00,100%
198.43,3.69,-56.10,186.00,100%
198.48,3.69,-51.40,194.00,100%
198.49,3.69,-52.40,210.00,100%
198.52,3.67,21.90,92.00,100%
198.52,3.65,-43.50,160.00,100%
198.54,3.69,-58.40,216.00,100%
198.57,3.69,-49.20,180.00,100%
198.60,3.69,-51.70,190.00,100%
198.63,3.67,17.80,66.00,100%
198.63,3.69,-40.90,150.00,100%
198.66,3.69,-52.80,212.00,100%
198.69,3.69,-57.20,186.00,100%
198.72,3.69,-49.20,186.00,100%
198.75,3.67,18.10,66.00,100%
198.76,3.66,-42.40,158.00,100%
198.79,3.69,-50.80,186.00,100%
198.81,3.69,-58.60,216.00,100%
198.84,3.69,-49.00,180.00,100%
198.87,3.67,24.20,88.00,100%
198.87,3.66,-41.30,154.00,100%
198.90,3.69,-49.60,194.00,100%
198.93,3.69,-52.20,210.00,100%
198.96,3.69,-56.10,184.00,100%
198.99,3.67,23.60,86.00,100%
199.00,3.67,-50.30,186.00,100%
199.03,3.69,-49.00,180.00,100%
199.05,3.69,-52.50,194.00,100%
199.08,3.69,-57.70,212.00,100%
199.11,3.67,30.70,78.00,100%
199.14,3.67,-43.30,176.00,100%
199.14,3.69,-58.20,190.00,100%
199.17,3.69,-49.10,186.00,100%
199.20,3.69,-52.30,212.00,100%
199.23,3.67,23.40,86.00,100%
199.23,3.67,-43.30,160.00,100%
199.26,3.69,-58.20,216.00,100%
199.29,3.69,-49.20,180.00,100%
199.33,3.69,-51.20,190.00,100%
199.35,3.67,12.80,374.00,100%
199.35,3.69,-38.10,170.00,100%
199.38,3.69,-58.40,212.00,100%
199.41,3.69,-50.50,170.00,100%
199.44,3.69,-46.60,206.00,100%
199.47,3.67,92.00,338.00,100%
199.48,3.69,-39.50,148.00,100%
199.50,3.69,-55.80,206.00,100%
199.53,3.69,-56.40,210.00,100%
199.56,3.69,-48.60,180.00,100%
199.59,3.67,15.20,140.00,100%
199.59,3.69,-47.50,148.00,100%
199.62,3.69,-49.10,194.00,100%
199.65,3.69,-53.00,210.00,100%
199.68,3.69,-50.60,186.00,100%
199.71,3.67,83.10,304.00,100%
199.71,3.70,-48.70,180.00,100%
199.75,3.69,-53.30,196.00,100%
199.77,3.69,-49.10,180.00,100%
199.80,3.69,-56.70,210.00,100%
199.83,3.67,17.10,168.00,100%
199.83,3.69,-39.90,180.00,100%
199.86,3.69,-55.90,210.00,100%
199.89,3.69,-53.30,184.00,100%
199.92,3.69,-55.30,204.00,100%
199.95,3.67,76.00,278.00,100%
199.95,3.70,-41.50,154.00,100%
199.98,3.69,-55.20,204.00,100%
200.01,3.69,-57.80,212.00,100%
200.04,3.69,-49.20,186.00,100%
200.07,3.67,17.00,132.00,100%
200.07,3.70,-49.90,160.00,100%
200.10,3.69,-49.00,186.00,100%
200.13,3.69,-52.10,212.00,100%
200.16,3.69,-52.40,194.00,100%
200.19,3.67,86.80,318.00,100%
200.19,3.69,-48.90,180.00,100%
200.23,3.69,-51.10,190.00,100%
200.25,3.69,-50.30,186.00,100%
200.28,3.69,-56.40,200.00,100%
200.31,3.67,18.00,168.00,100%
200.31,3.69,-41.50,180.00,100%
200.34,3.69,-56.70,200.00,100%
200.37,3.69,-47.50,176.00,100%
200.40,3.69,-58.20,216.00,100%
200.43,3.67,65.60,240.00,100%
200.43,3.69,-40.40,150.00,100%
200.46,3.69,-56.70,210.00,100%
200.49,3.69,-53.70,180.00,100%
200.52,3.69,-46.40,200.00,100%
200.55,3.67,13.30,160.00,100%
200.55,3.69,-45.00,148.00,100%
200.58,3.69,-45.40,204.00,100%
200.61,3.69,-58.50,216.00,100%
200.64,3.69,-50.00,184.00,100%
200.67,3.67,55.70,204.00,100%
200.67,3.70,-48.80,180.00,100%
200.72,3.69,-49.50,184.00,100%
200.73,3.69,-52.60,210.00,100%
200.76,3.69,-57.70,186.00,100%
200.79,3.67,25.70,168.00,100%
200.79,3.69,-45.00,180.00,100%
200.83,3.69,-50.20,186.00,100%
200.85,3.69,-52.70,194.00,100%
200.88,3.69,-57.20,212.00,100%
200.91,3.67,45.60,168.00,100%
200.91,3.69,-41.90,154.00,100%
200.94,3.69,-57.20,212.00,100%
200.97,3.69,-49.30,174.00,100%
201.00,3.69,-51.80,216.00,100%
201.03,3.67,18.80,230.00,100%
201.03,3.69,-40.50,140.00,100%
201.06,3.69,-57.60,212.00,100%
201.09,3.69,-55.60,206.00,100%
201.12,3.70,-47.00,174.00,100%
201.15,3.67,29.20,108.00,100%
201.15,3.70,-46.40,170.00,100%
201.18,3.69,-45.90,200.00,100%
201.21,3.69,-56.40,212.00,100%
201.24,3.69,-55.30,184.00,100%
201.27,3.67,29.20,262.00,100%
201.27,3.69,-48.30,176.00,100%
201.30,3.69,-50.80,186.00,100%
201.33,3.69,-55.30,204.00,100%
201.36,3.69,-57.60,212.00,100%
201.39,3.67,24.40,88.00,100%
201.39,3.69,-47.10,174.00,100%
201.42,3.69,-54.10,180.00,100%
201.48,3.69,-49.10,206.00,100%
201.48,3.69,-55.30,210.00,100%
201.52,3.67,21.60,278.00,100%
201.52,3.69,-46.30,170.00,100%
201.55,3.69,-58.30,216.00,100%
201.57,3.69,-49.00,180.00,100%
201.60,3.69,-56.80,210.00,100%
201.63,3.67,8.30,160.00,100%
201.63,3.69,-38.30,164.00,100%
201.66,3.69,-55.50,204.00,100%
201.69,3.69,-56.30,186.00,100%
201.72,3.69,-46.50,204.00,100%
201.75,3.67,84.30,308.00,100%
201.75,3.69,-42.10,154.00,100%
201.78,3.69,-55.10,204.00,100%
201.81,3.69,-57.30,212.00,100%
201.84,3.69,-49.50,184.00,100%
201.87,3.67,11.20,138.00,100%
201.87,3.69,-46.20,150.00,100%
201.90,3.69,-49.80,204.00,100%
201.93,3.69,-55.00,210.00,100%
201.96,3.69,-55.20,184.00,100%
202.02,3.67,82.20,302.00,100%
202.02,3.69,-50.90,186.00,100%
202.02,3.69,-49.20,180.00,100%
202.05,3.69,-56.40,210.00,100%
202.08,3.69,-57.60,212.00,100%
202.11,3.67,20.60,158.00,100%
202.11,3.69,-45.50,176.00,100%
202.14,3.69,-58.10,184.00,100%
202.17,3.69,-46.00,196.00,100%
202.20,3.69,-53.90,212.00,100%
202.23,3.67,84.80,312.00,100%
202.23,3.69,-46.80,174.00,100%
202.26,3.69,-57.50,212.00,100%
202.29,3.69,-49.90,184.00,100%
202.32,3.69,-55.10,204.00,100%
202.35,3.67,14.90,170.00,100%
202.35,3.69,-40.80,168.00,100%
202.38,3.69,-55.50,212.00,100%
202.41,3.69,-55.40,186.00,100%
202.44,3.69,-53.80,200.00,100%
202.47,3.67,74.20,272.00,100%
202.47,3.70,-40.30,148.00,100%
202.50,3.69,-56.10,206.00,100%
202.53,3.69,-57.60,212.00,100%
202.56,3.69,-49.10,180.00,100%
202.59,3.67,15.80,132.00,100%
202.59,3.69,-49.50,164.00,100%
202.62,3.69,-48.50,194.00,100%
202.65,3.69,-54.00,212.00,100%
202.68,3.69,-51.70,190.00,100%
202.71,3.67,75.90,278.00,100%
202.71,3.69,-48.90,180.00,100%
202.74,3.69,-50.90,186.00,100%
202.77,3.69,-53.40,196.00,100%
202.84,3.69,-56.50,186.00,100%
202.84,3.67,20.10,186.00,100%
202.84,3.69,-44.60,184.00,100%
202.87,3.69,-56.90,194.00,100%
202.89,3.69,-48.90,180.00,100%
202.92,3.69,-58.70,216.00,100%
202.95,3.67,67.50,246.00,100%
202.95,3.69,-40.00,148.00,100%
202.98,3.69,-57.00,210.00,100%
203.01,3.69,-54.80,204.00,100%
203.04,3.69,-45.30,200.00,100%
203.07,3.67,13.20,176.00,100%
203.07,3.69,-45.90,150.00,100%
203.10,3.69,-47.50,194.00,100%
203.13,3.69,-58.50,216.00,100%
203.16,3.69,-50.10,184.00,100%
203.19,3.67,54.40,200.00,100%
203.19,3.69,-50.90,186.00,100%
203.22,3.70,-51.00,190.00,100%
203.25,3.69,-49.70,210.00,100%
203.28,3.69,-57.10,204.00,100%
203.31,3.67,22.50,252.00,100%
203.31,3.69,-39.80,176.00,100%
203.34,3.69,-55.60,206.00,100%
203.37,3.69,-48.50,180.00,100%
203.43,3.69,-55.50,206.00,100%
203.43,3.67,1.50,6.00,100%
203.43,3.69,-40.10,148.00,100%
203.46,3.69,-55.00,204.00,100%
203.49,3.69,-55.30,176.00,100%
203.52,3.69,-49.80,200.00,100%
203.55,3.67,21.60,252.00,100%
203.55,3.69,-47.50,150.00,100%
203.58,3.69,-51.80,190.00,100%
203.61,3.69,-58.90,220.00,100%
203.64,3.69,-48.70,180.00,100%
203.67,3.67,30.10,112.00,100%
203.67,3.70,-49.00,180.00,100%
203.73,3.69,-48.80,180.00,100%
203.73,3.69,-50.80,210.00,100%
203.76,3.69,-58.60,200.00,100%
203.79,3.67,25.80,314.00,100%
203.79,3.68,-40.90,176.00,100%
203.82,3.69,-53.90,200.00,100%
203.85,3.69,-49.20,180.00,100%
203.88,3.69,-57.00,210.00,100%
203.91,3.67,18.30,170.00,100%
203.91,3.69,-39.80,148.00,100%
203.94,3.69,-55.60,204.00,100%
203.97,3.69,-53.70,184.00,100%
204.00,3.69,-47.50,204.00,100%
204.03,3.67,19.00,272.00,100%
204.03,3.69,-40.70,150.00,100%
204.06,3.69,-57.10,210.00,100%
204.09,3.69,-56.30,210.00,100%
204.15,3.69,-50.50,186.00,100%
204.15,3.67,7.70,30.00,100%
204.15,3.70,-47.40,174.00,100%
204.18,3.69,-47.50,194.00,100%
204.21,3.69,-57.10,220.00,100%
204.24,3.69,-55.20,184.00,100%
204.27,3.67,27.70,302.00,100%
204.27,3.69,-49.80,184.00,100%
204.30,3.69,-51.70,190.00,100%
204.33,3.69,-53.00,196.00,100%
204.36,3.69,-58.30,216.00,100%
204.39,3.67,17.10,4.00,100%
204.39,3.69,-43.40,176.00,100%
204.42,3.69,-57.30,190.00,100%
204.45,3.69,-50.30,186.00,100%
204.48,3.69,-52.10,212.00,100%
204.51,3.67,89.80,330.00,100%
204.51,3.69,-42.80,158.00,100%
204.54,3.69,-57.20,212.00,100%
204.57,3.69,-53.10,196.00,100%
204.60,3.69,-49.90,184.00,100%
204.63,3.67,13.00,10.00,100%
204.63,3.69,-41.90,138.00,100%
204.66,3.69,-50.00,216.00,100%
204.69,3.69,-56.20,204.00,100%
204.72,3.69,-51.20,170.00,100%
204.75,3.67,81.00,298.00,100%
204.75,3.70,-48.70,180.00,100%
204.84,3.69,-46.20,170.00,100%
204.84,3.69,-56.70,210.00,100%
204.84,3.69,-56.10,206.00,100%
204.87,3.67,24.40,236.00,100%
204.87,3.69,-46.20,180.00,100%
204.90,3.69,-57.00,184.00,100%
204.93,3.69,-47.10,196.00,100%
204.96,3.69,-54.10,212.00,100%
204.99,3.67,86.10,314.00,100%
204.99,3.70,-44.80,168.00,100%
205.05,3.69,-58.00,212.00,100%
205.05,3.69,-48.60,180.00,100%
205.08,3.69,-52.20,194.00,100%
205.11,3.67,12.60,186.00,100%
205.11,3.69,-40.50,154.00,100%
205.14,3.69,-51.40,210.00,100%
205.17,3.69,-56.60,194.00,100%
205.20,3.69,-49.20,184.00,100%
205.23,3.67,69.20,252.00,100%
205.23,3.69,-43.20,160.00,100%
205.26,3.69,-50.10,186.00,100%
205.29,3.69,-57.10,210.00,100%
205.35,3.69,-52.10,184.00,100%
205.35,3.67,20.80,206.00,100%
205.36,3.69,-50.30,184.00,100%
205.38,3.69,-52.50,180.00,100%
205.41,3.69,-46.70,206.00,100%
205.44,3.69,-58.00,212.00,100%
205.47,3.67,63.70,232.00,100%
205.47,3.69,-46.70,174.00,100%
205.50,3.69,-56.80,210.00,100%
205.53,3.69,-49.40,184.00,100%
205.56,3.70,-53.70,210.00,100%
205.59,3.67,17.50,176.00,100%
205.59,3.69,-40.90,164.00,100%
205.63,3.69,-53.80,212.00,100%
205.65,3.69,-49.50,184.00,100%
205.68,3.69,-52.60,194.00,100%
205.71,3.67,43.50,160.00,100%
205.71,3.68,-42.90,158.00,100%
205.74,3.69,-50.20,186.00,100%
205.77,3.69,-57.00,210.00,100%
205.80,3.69,-50.10,170.00,100%
205.83,3.67,24.60,226.00,100%
205.83,3.69,-47.20,168.00,100%
205.86,3.69,-50.10,170.00,100%
205.89,3.69,-57.20,212.00,100%
205.92,3.69,-56.90,210.00,100%
205.95,3.67,42.40,154.00,100%
205.95,3.70,-47.90,176.00,100%
205.98,3.69,-55.70,206.00,100%
206.04,3.69,-45.10,196.00,100%
206.07,3.69,-56.10,212.00,100%
206.12,3.67,19.10,240.00,100%
206.12,3.69,-37.20,168.00,100%
206.12,3.69,-57.10,210.00,100%
206.13,3.69,-50.70,186.00,100%
206.16,3.69,-53.70,200.00,100%
206.19,3.67,21.10,78.00,100%
206.19,3.70,-40.80,150.00,100%
206.26,3.69,-54.40,200.00,100%
206.26,3.69,-55.60,180.00,100%
206.28,3.69,-50.40,196.00,100%
206.31,3.67,21.50,298.00,100%
206.34,3.69,-47.50,150.00,100%
206.34,3.69,-52.20,194.00,100%
206.37,3.69,-59.10,220.00,100%
206.40,3.69,-49.40,184.00,100%
206.43,3.67,13.50,50.00,100%
206.43,3.69,-49.10,180.00,100%
206.46,3.69,-48.50,176.00,100%
206.49,3.69,-50.30,210.00,100%
206.52,3.69,-58.10,200.00,100%
206.55,3.67,26.40,360.00,100%
206.55,3.69,-40.50,176.00,100%
206.58,3.69,-55.60,206.00,100%
206.61,3.69,-47.90,176.00,100%
206.64,3.69,-57.10,210.00,100%
206.67,3.67,10.00,36.00,100%
206.67,3.69,-38.40,140.00,100%
206.70,3.69,-54.20,210.00,100%
206.73,3.69,-56.90,190.00,100%
206.76,3.69,-48.50,196.00,100%
206.80,3.67,21.50,330.00,100%
206.80,3.69,-39.90,148.00,100%
206.82,3.69,-53.70,200.00,100%
206.85,3.69,-57.20,212.00,100%
206.88,3.69,-51.50,190.00,100%
207.00,3.67,17.40,62.00,100%
207.00,3.69,-48.50,170.00,100%
207.00,3.69,-50.40,170.00,100%
207.00,3.69,-50.60,212.00,100%
207.01,3.69,-56.40,204.00,100%
207.03,3.67,24.30,288.00,100%
207.03,3.69,-47.70,176.00,100%
207.06,3.69,-57.10,210.00,100%
207.09,3.69,-49.00,180.00,100%
207.12,3.69,-55.50,206.00,100%
207.15,3.67,14.10,52.00,100%
207.15,3.69,-39.00,158.00,100%
207.18,3.69,-54.50,212.00,100%
207.21,3.69,-57.00,184.00,100%
207.24,3.69,-48.80,190.00,100%
207.27,3.67,79.40,292.00,100%
207.27,3.69,-42.30,158.00,100%
207.30,3.69,-51.00,190.00,100%
207.33,3.69,-58.50,216.00,100%
207.36,3.69,-50.20,186.00,100%
207.39,3.67,19.90,40.00,100%
207.39,3.69,-46.90,160.00,100%
207.42,3.69,-51.30,184.00,100%
207.45,3.69,-49.70,210.00,100%
207.48,3.69,-55.90,200.00,100%
207.51,3.67,87.30,322.00,100%
207.51,3.70,-49.70,184.00,100%
207.55,3.69,-54.40,200.00,100%
207.57,3.69,-48.10,176.00,100%
207.60,3.69,-56.80,210.00,100%
207.63,3.67,15.70,98.00,100%
207.63,3.69,-37.20,164.00,100%
207.66,3.69,-56.80,216.00,100%
207.69,3.69,-55.70,186.00,100%
207.72,3.69,-47.50,194.00,100%
207.75,3.67,67.50,246.00,100%
207.75,3.69,-41.30,154.00,100%
207.79,3.69,-51.60,190.00,100%
207.81,3.69,-58.00,212.00,100%
207.84,3.69,-51.30,190.00,100%
207.87,3.67,23.10,138.00,100%
207.87,3.69,-48.90,176.00,100%
207.90,3.69,-52.70,176.00,100%
207.93,3.69,-46.60,204.00,100%
207.96,3.69,-57.10,210.00,100%
207.99,3.67,64.30,236.00,100%
207.99,3.68,-44.10,164.00,100%
208.02,3.69,-59.10,220.00,100%
208.05,3.69,-50.60,186.00,100%
208.11,3.69,-51.50,190.00,100%
208.11,3.67,18.70,88.00,100%
208.11,3.69,-42.80,154.00,100%
208.14,3.69,-49.30,210.00,100%
208.17,3.69,-55.90,204.00,100%
208.23,3.69,-48.00,176.00,100%
208.23,3.67,43.10,158.00,100%
208.23,3.68,-47.00,174.00,100%
208.26,3.69,-49.20,180.00,100%
208.29,3.69,-55.00,204.00,100%
208.32,3.69,-55.40,176.00,100%
208.35,3.67,26.70,252.00,100%
208.35,3.69,-45.90,184.00,100%
208.38,3.69,-56.80,184.00,100%
208.41,3.69,-50.90,186.00,100%
208.44,3.69,-59.30,220.00,100%
208.47,3.67,38.90,140.00,100%
208.47,3.70,-42.40,158.00,100%
208.50,3.69,-57.50,212.00,100%
208.53,3.69,-51.40,190.00,100%
208.56,3.69,-47.80,206.00,100%
208.59,3.67,16.90,194.00,100%
208.59,3.69,-42.00,144.00,100%
208.62,3.69,-47.00,206.00,100%
208.65,3.69,-56.80,210.00,100%
208.68,3.69,-50.50,186.00,100%
208.71,3.67,23.10,86.00,100%
208.71,3.70,-49.10,180.00,100%
208.74,3.69,-49.40,184.00,100%
208.77,3.69,-54.30,212.00,100%
208.81,3.69,-56.40,180.00,100%
208.83,3.67,25.10,304.00,100%
208.83,3.69,-45.40,180.00,100%
208.86,3.69,-55.50,180.00,100%
208.89,3.69,-53.30,196.00,100%
208.92,3.69,-57.70,212.00,100%
208.95,3.67,17.20,62.00,100%
208.95,3.69,-42.60,158.00,100%
208.98,3.69,-57.20,212.00,100%
209.01,3.69,-49.40,170.00,100%
209.04,3.69,-50.60,216.00,100%
209.07,3.67,18.60,338.00,100%
209.07,3.69,-42.90,140.00,100%
209.10,3.69,-55.90,206.00,100%
209.13,3.69,-57.50,212.00,100%
209.16,3.69,-48.70,180.00,100%
209.19,3.67,8.80,32.00,100%
209.20,3.68,-48.10,176.00,100%
209.23,3.69,-48.70,194.00,100%
209.26,3.69,-53.90,210.00,100%
209.28,3.69,-58.20,190.00,100%
209.31,3.67,26.10,312.00,100%
209.31,3.69,-43.40,180.00,100%
209.34,3.69,-48.00,176.00,100%
209.37,3.69,-58.70,216.00,100%
209.40,3.69,-54.10,200.00,100%
209.43,3.67,10.90,40.00,100%
209.43,3.69,-48.10,176.00,100%
209.46,3.69,-54.70,204.00,100%
209.49,3.69,-45.30,196.00,100%
209.52,3.69,-57.20,220.00,100%
209.57,3.67,84.60,176.00,100%
209.57,3.69,-36.80,160.00,100%
209.58,3.69,-57.90,212.00,100%
209.62,3.69,-51.10,190.00,100%
209.64,3.69,-53.60,200.00,100%
209.67,3.67,73.80,272.00,100%
209.67,3.69,-41.20,150.00,100%
209.70,3.69,-52.90,212.00,100%
209.73,3.69,-57.00,186.00,100%
209.76,3.69,-51.00,190.00,100%
209.79,3.67,83.90,196.00,100%
209.82,3.69,-47.00,144.00,100%
209.83,3.69,-52.10,190.00,100%
209.85,3.69,-57.90,212.00,100%
209.88,3.69,-50.80,186.00,100%
209.91,3.67,25.70,96.00,100%
209.91,3.69,-48.80,180.00,100%
209.94,3.69,-48.50,174.00,100%
210.03,3.69,-51.30,216.00,100%
210.03,3.69,-56.80,196.00,100%
210.03,3.67,58.90,216.00,100%
210.03,3.68,-45.40,168.00,100%
210.06,3.69,-54.90,200.00,100%
210.09,3.69,-47.50,176.00,100%
210.12,3.69,-58.40,216.00,100%
210.15,3.67,33.20,122.00,100%
210.15,3.69,-40.10,154.00,100%
210.18,3.69,-55.40,144.00,100%
210.21,3.69,-53.40,180.00,100%
210.27,3.69,-48.10,206.00,100%
210.27,3.68,-55.10,204.00,100%
210.27,3.69,-37.40,138.00,100%
210.30,3.69,-57.40,212.00,100%
210.33,3.69,-55.10,204.00,100%
210.39,3.69,-47.20,174.00,100%
210.39,3.65,32.10,118.00,100%
210.39,3.69,-44.40,138.00,100%
210.42,3.69,-47.10,92.00,100%
210.45,3.69,-56.70,210.00,100%
210.48,3.69,-53.30,180.00,100%
210.51,3.67,-44.50,164.00,100%
210.51,3.69,-49.30,184.00,100%
210.54,3.69,-48.50,180.00,100%
210.57,3.69,-56.90,210.00,100%
210.60,3.69,-56.30,210.00,100%
210.63,3.66,52.70,88.00,100%
210.63,3.69,-45.80,168.00,100%
210.69,3.69,-56.70,190.00,100%
210.69,3.69,-45.60,196.00,100%
210.72,3.69,-55.00,212.00,100%
210.75,3.67,-28.50,104.00,100%
210.76,3.69,-47.60,176.00,100%
210.79,3.69,-57.20,210.00,100%
210.82,3.69,-49.50,184.00,100%
210.85,3.69,-55.30,204.00,100%
210.88,3.67,68.40,176.00,100%
210.88,3.69,-38.90,154.00,100%
210.90,3.69,-56.30,216.00,100%
210.93,3.69,-55.60,180.00,100%
210.96,3.69,-44.90,196.00,100%
210.99,3.67,-24.60,92.00,100%
211.00,3.69,-41.70,154.00,100%
211.03,3.69,-54.00,200.00,100%
211.08,3.69,-57.20,212.00,100%
211.08,3.69,-49.60,184.00,100%
211.11,3.67,63.50,14.00,100%
211.11,3.69,-49.20,150.00,100%
211.15,3.69,-48.80,184.00,100%
211.17,3.69,-52.00,212.00,100%
211.20,3.69,-50.60,186.00,100%
211.23,3.67,-7.20,26.00,100%
211.23,3.69,-48.00,176.00,100%
211.26,3.69,-51.70,190.00,100%
211.29,3.69,-50.10,186.00,100%
211.32,3.69,-57.00,204.00,100%
211.35,3.67,88.00,176.00,100%
211.35,3.69,-41.60,174.00,100%
211.38,3.69,-56.10,204.00,100%
211.41,3.69,-51.80,180.00,100%
211.45,3.69,-56.50,210.00,100%
211.47,3.67,-4.40,16.00,100%
211.50,3.69,-41.10,150.00,100%
211.50,3.69,-53.20,196.00,100%
211.53,3.69,-57.60,212.00,100%
211.56,3.69,-47.80,176.00,100%
211.59,3.67,96.00,204.00,100%
211.59,3.69,-48.70,160.00,100%
211.65,3.69,-50.50,26.00,100%
211.66,3.69,-56.20,206.00,100%
211.69,3.69,-57.20,212.00,100%
211.74,3.67,13.60,50.00,100%
211.75,3.69,-47.70,176.00,100%
211.75,3.69,-57.10,210.00,100%
211.77,3.69,-49.80,184.00,100%
211.80,3.69,-52.30,210.00,100%
211.83,3.67,83.70,176.00,100%
211.83,3.69,-38.80,140.00,100%
211.86,3.69,-49.70,210.00,100%
211.89,3.69,-54.60,204.00,100%
211.92,3.69,-48.50,180.00,100%
211.95,3.67,15.70,58.00,100%
211.95,3.69,-47.10,174.00,100%
211.98,3.69,-49.10,180.00,100%
212.01,3.69,-53.90,210.00,100%
212.07,3.69,-56.40,180.00,100%
212.07,3.67,84.20,194.00,100%
212.07,3.69,-44.80,174.00,100%
212.10,3.69,-50.20,184.00,100%
212.13,3.69,-51.50,190.00,100%
212.16,3.69,-56.90,210.00,100%
212.19,3.67,71.90,262.00,100%
212.19,3.69,-40.30,148.00,100%
212.22,3.69,-56.80,210.00,100%
212.25,3.69,-52.60,176.00,100%
212.28,3.69,-48.20,210.00,100%
212.31,3.67,82.20,176.00,100%
212.31,3.69,-46.10,148.00,100%
212.34,3.69,-52.70,194.00,100%
212.37,3.69,-59.10,220.00,100%
212.41,3.69,-49.70,184.00,100%
212.43,3.67,39.70,148.00,100%
212.44,3.69,-48.80,180.00,100%
212.46,3.69,-52.00,170.00,100%
212.49,3.69,-47.80,204.00,100%
212.52,3.69,-57.60,212.00,100%
212.55,3.67,80.00,288.00,100%
212.55,3.69,-36.30,168.00,100%
212.58,3.69,-58.50,216.00,100%
212.62,3.69,-50.20,186.00,100%
212.64,3.69,-53.20,196.00,100%
212.67,3.67,39.70,194.00,100%
212.67,3.69,-39.80,148.00,100%
212.70,3.69,-50.20,206.00,100%
212.73,3.69,-58.10,200.00,100%
212.76,3.69,-49.30,174.00,100%
212.79,3.67,-37.40,138.00,100%
212.79,3.69,-45.80,170.00,100%
212.82,3.69,-48.20,176.00,100%
212.85,3.69,-55.40,206.00,100%
212.89,3.69,-57.70,212.00,100%
212.91,3.67,50.50,56.00,100%
212.91,3.69,-46.00,176.00,100%
212.95,3.69,-56.10,4.00,100%
212.98,3.69,-51.40,194.00,100%
213.01,3.69,-52.40,212.00,100%
213.04,3.67,94.40,348.00,100%
213.04,3.69,-41.00,150.00,100%
213.07,3.69,-58.00,212.00,100%
213.10,3.69,-54.70,204.00,100%
213.12,3.69,-47.00,174.00,100%
213.16,3.66,41.10,30.00,100%
213.16,3.69,-45.90,144.00,100%
213.18,3.69,-48.90,196.00,100%
213.21,3.69,-55.40,216.00,100%
213.25,3.69,-56.70,184.00,100%
213.27,3.67,104.90,386.00,100%
213.27,3.69,-50.40,186.00,100%
213.30,3.69,-51.40,190.00,100%
213.33,3.69,-49.80,184.00,100%
213.36,3.69,-57.40,212.00,100%
213.39,3.67,68.90,184.00,100%
213.39,3.69,-36.60,158.00,100%
213.42,3.69,-57.00,220.00,100%
213.45,3.69,-55.60,184.00,100%
213.48,3.69,-48.00,190.00,100%
213.51,3.67,101.10,370.00,100%
213.51,3.69,-44.30,164.00,100%
213.54,3.69,-48.90,180.00,100%
213.57,3.69,-58.40,216.00,100%
213.63,3.69,-55.30,204.00,100%
213.64,3.67,72.10,196.00,100%
213.64,3.69,-46.10,170.00,100%
213.66,3.69,-58.20,184.00,100%
213.69,3.69,-49.40,190.00,100%
213.72,3.69,-51.60,212.00,100%
213.75,3.67,6.20,22.00,100%
213.75,3.69,-40.20,148.00,100%
213.78,3.69,-57.00,210.00,100%
213.81,3.69,-55.50,206.00,100%
213.87,3.69,-47.40,174.00,100%
213.87,3.67,73.90,210.00,100%
213.87,3.69,-48.50,144.00,100%
213.90,3.69,-49.10,186.00,100%
213.93,3.69,-52.70,212.00,100%
213.99,3.69,-51.50,190.00,100%
213.99,3.67,12.40,46.00,100%
214.00,3.69,-47.50,176.00,100%
214.02,3.69,-54.90,204.00,100%
214.05,3.69,-47.60,176.00,100%
214.08,3.69,-56.00,206.00,100%
214.11,3.68,83.00,124.00,100%
214.11,3.69,-39.00,168.00,100%
214.14,3.69,-54.60,210.00,100%
214.17,3.69,-54.80,186.00,100%
214.20,3.69,-53.10,196.00,100%
214.23,3.67,91.10,334.00,100%
214.23,3.69,-40.90,150.00,100%
214.26,3.69,-51.10,190.00,100%
214.29,3.69,-57.60,212.00,100%
214.32,3.69,-50.70,170.00,100%
214.35,3.67,93.60,180.00,100%
214.36,3.69,-49.20,170.00,100%
214.39,3.69,-53.10,180.00,100%
214.42,3.69,-54.90,204.00,100%
214.44,3.69,-59.00,220.00,100%
214.47,3.67,34.20,124.00,100%
214.47,3.69,-45.70,168.00,100%
214.50,3.69,-57.40,212.00,100%
214.53,3.69,-50.40,186.00,100%
214.56,3.69,-50.90,210.00,100%
214.59,3.67,80.20,160.00,100%
214.60,3.69,-39.60,144.00,100%
214.62,3.69,-50.00,210.00,100%
214.65,3.69,-54.50,200.00,100%
214.68,3.69,-48.90,180.00,100%
214.71,3.67,33.50,124.00,100%
214.72,3.70,-48.30,176.00,100%
214.75,3.69,-46.90,174.00,100%
214.78,3.69,-55.40,212.00,100%
214.80,3.69,-55.70,176.00,100%
214.83,3.67,87.70,144.00,100%
214.83,3.69,-44.90,180.00,100%
214.89,3.69,-55.50,184.00,100%
214.89,3.69,-51.80,190.00,100%
214.92,3.69,-58.20,216.00,100%
214.95,3.67,41.30,150.00,100%
214.95,3.70,-40.30,148.00,100%
214.98,3.69,-57.10,210.00,100%
215.01,3.69,-52.20,176.00,100%
215.04,3.69,-47.60,206.00,100%
215.07,3.67,80.00,240.00,100%
215.07,3.69,-45.80,150.00,100%
215.10,3.69,-53.30,196.00,100%
215.13,3.69,-59.00,220.00,100%
215.16,3.69,-47.50,176.00,100%
215.19,3.67,41.30,150.00,100%
215.20,3.69,-48.70,180.00,100%
215.23,3.69,-49.30,184.00,100%
215.26,3.69,-49.70,206.00,100%
215.28,3.69,-58.20,204.00,100%
215.31,3.67,78.80,46.00,100%
215.34,3.68,-40.00,176.00,100%
215.35,3.69,-55.50,206.00,100%
215.38,3.69,-48.40,180.00,100%
215.40,3.69,-56.40,210.00,100%
215.43,3.67,46.20,170.00,100%
215.43,3.69,-40.50,150.00,100%
215.46,3.69,-54.10,212.00,100%
215.49,3.69,-56.50,180.00,100%
215.52,3.69,-50.30,194.00,100%
215.55,3.67,-14.90,56.00,100%
215.55,3.69,-46.90,154.00,100%
215.58,3.69,-51.20,190.00,100%
215.61,3.69,-57.10,210.00,100%
215.64,3.69,-52.60,194.00,100%
215.67,3.67,61.90,230.00,100%
215.70,3.69,-48.10,170.00,100%
215.70,3.69,-52.10,176.00,100%
215.73,3.69,-47.90,210.00,100%
215.76,3.69,-55.80,210.00,100%
215.79,3.67,0.60,4.00,100%
215.79,3.69,-44.70,164.00,100%
215.82,3.69,-59.20,220.00,100%
215.85,3.69,-48.90,180.00,100%
215.88,3.69,-54.20,200.00,100%
215.91,3.67,59.60,184.00,100%
215.92,3.69,-40.20,144.00,100%
215.95,3.69,-50.00,206.00,100%
215.98,3.69,-58.90,206.00,100%
216.00,3.69,-50.00,174.00,100%
216.03,3.67,2.30,10.00,100%
216.04,3.69,-47.20,174.00,100%
216.06,3.69,-48.50,180.00,100%
216.09,3.69,-55.70,206.00,100%
216.12,3.69,-56.30,210.00,100%
216.15,3.67,76.50,180.00,100%
216.16,3.69,-44.80,168.00,100%
216.18,3.69,-56.50,180.00,100%
216.21,3.69,-49.30,194.00,100%
216.24,3.69,-53.30,210.00,100%
216.27,3.67,16.40,58.00,100%
216.27,3.69,-43.70,160.00,100%
216.30,3.69,-57.10,210.00,100%
216.33,3.69,-51.90,194.00,100%
216.36,3.69,-49.70,184.00,100%
216.39,3.67,76.60,184.00,100%
216.39,3.69,-41.50,128.00,100%
216.42,3.69,-49.50,212.00,100%
216.45,3.69,-56.10,206.00,100%
216.48,3.69,-52.30,180.00,100%
216.51,3.67,97.30,358.00,100%
216.51,3.69,-49.60,184.00,100%
216.54,3.69,-48.70,180.00,100%
216.60,3.69,-55.40,204.00,100%
216.61,3.69,-57.30,212.00,100%
216.64,3.67,80.90,258.00,100%
216.64,3.69,-43.00,168.00,100%
216.66,3.69,-58.40,194.00,100%
216.69,3.69,-48.80,184.00,100%
216.72,3.69,-50.40,210.00,100%
216.75,3.67,29.80,112.00,100%
216.76,3.69,-40.90,150.00,100%
216.78,3.69,-57.30,212.00,100%
216.81,3.69,-54.20,200.00,100%
216.84,3.69,-47.30,174.00,100%
216.87,3.67,93.70,186.00,100%
216.87,3.69,-46.40,150.00,100%
216.90,3.69,-49.20,196.00,100%
216.93,3.69,-54.50,212.00,100%
216.96,3.69,-48.90,180.00,100%
216.99,3.67,98.80,364.00,100%
217.00,3.69,-48.30,176.00,100%
217.02,3.69,-52.00,194.00,100%
217.05,3.69,-49.50,184.00,100%
217.08,3.69,-56.80,210.00,100%
217.11,3.67,90.20,138.00,100%
217.12,3.69,-40.10,180.00,100%
217.15,3.69,-55.20,206.00,100%
217.18,3.69,-53.30,184.00,100%
217.20,3.69,-54.60,204.00,100%
217.23,3.67,35.20,132.00,100%
217.24,3.70,-41.20,150.00,100%
217.26,3.69,-53.30,196.00,100%
217.29,3.69,-57.40,212.00,100%
217.32,3.69,-48.50,180.00,100%
217.35,3.67,82.60,46.00,100%
217.36,3.69,-50.10,170.00,100%
217.38,3.69,-49.80,174.00,100%
217.41,3.69,-48.50,210.00,100%
217.44,3.69,-56.40,210.00,100%
217.47,3.67,79.50,292.00,100%
217.47,3.69,-47.70,176.00,100%
217.50,3.69,-55.60,206.00,100%
217.53,3.69,-46.10,170.00,100%
217.57,3.69,-54.30,210.00,100%
217.59,3.67,77.40,52.00,100%
217.59,3.69,-37.50,164.00,100%
217.62,3.69,-54.70,212.00,100%
217.65,3.69,-48.40,180.00,100%
217.68,3.69,-53.90,200.00,100%
217.71,3.67,55.30,204.00,100%
217.71,3.69,-41.50,154.00,100%
217.74,3.69,-51.40,190.00,100%
217.77,3.69,-57.10,210.00,100%
217.80,3.69,-48.40,176.00,100%
217.83,3.67,82.60,72.00,100%
217.84,3.69,-47.00,160.00,100%
217.86,3.69,-48.90,174.00,100%
217.89,3.69,-57.70,212.00,100%
217.92,3.69,-55.70,206.00,100%
217.96,3.67,46.90,174.00,100%
217.96,3.69,-49.10,180.00,100%
217.98,3.69,-55.20,204.00,100%
218.01,3.69,-46.30,200.00,100%
218.04,3.69,-56.20,212.00,100%
218.07,3.67,72.50,180.00,100%
218.10,3.69,-37.40,158.00,100%
218.10,3.69,-54.80,210.00,100%
218.13,3.69,-51.50,190.00,100%
218.16,3.69,-53.60,200.00,100%
218.19,3.67,42.80,158.00,100%
218.19,3.69,-41.80,154.00,100%
218.24,3.69,-52.90,194.00,100%
218.25,3.69,-55.90,184.00,100%
218.31,3.69,-48.70,186.00,100%
218.31,3.67,25.30,288.00,100%
218.31,3.69,-47.90,150.00,100%
218.34,3.69,-48.60,176.00,100%
218.37,3.69,-58.70,216.00,100%
218.40,3.69,-52.50,194.00,100%
218.43,3.67,59.60,220.00,100%
218.43,3.69,-48.00,176.00,100%
218.46,3.69,-53.70,200.00,100%
218.49,3.69,-46.10,200.00,100%
218.52,3.69,-57.70,220.00,100%
218.55,3.67,52.60,308.00,100%
218.55,3.69,-36.00,160.00,100%
218.58,3.69,-30.90,112.00,100%
218.61,3.69,-51.30,190.00,100%
218.64,3.69,-53.20,196.00,100%
218.67,3.67,58.30,212.00,100%
218.67,3.69,-41.90,154.00,100%
218.73,3.69,-51.20,14.00,100%
218.74,3.69,-57.20,194.00,100%
218.76,3.69,-49.50,184.00,100%
218.79,3.67,42.90,328.00,100%
218.80,3.69,-42.10,154.00,100%
218.83,3.69,-49.60,184.00,100%
218.86,3.69,-56.70,210.00,100%
218.88,3.69,-54.60,204.00,100%
218.91,3.67,57.10,206.00,100%
218.91,3.69,-47.80,176.00,100%
218.94,3.69,-52.70,252.00,100%
218.97,3.69,-48.10,210.00,100%
219.03,3.69,-55.50,210.00,100%
219.03,3.67,25.00,180.00,100%
219.03,3.69,-43.10,160.00,100%
219.06,3.69,-58.60,216.00,100%
219.09,3.69,-48.80,180.00,100%
219.12,3.69,-55.40,206.00,100%
219.15,3.67,74.70,154.00,100%
219.16,3.69,-40.50,108.00,100%
219.19,3.69,-53.40,210.00,100%
219.21,3.69,-58.30,186.00,100%
219.27,3.69,-48.50,190.00,100%
219.27,3.67,29.70,108.00,100%
219.28,3.69,-39.90,148.00,100%
219.30,3.69,-52.30,194.00,100%
219.36,3.69,-57.40,212.00,100%
219.36,3.69,-49.50,184.00,100%
219.39,3.64,58.40,96.00,100%
219.39,3.69,-34.70,128.00,100%
219.42,3.69,-47.00,276.00,100%
219.45,3.69,-57.60,212.00,100%
219.48,3.69,-52.60,180.00,100%
219.51,3.65,-55.40,206.00,100%
219.51,3.69,-0.90,4.00,100%
219.54,3.69,-42.20,154.00,100%
219.57,3.69,-55.00,204.00,100%
219.60,3.69,-57.70,212.00,100%
219.63,3.66,-34.40,128.00,100%
219.64,3.69,-42.10,50.00,100%
219.67,3.69,-2.80,294.00,100%
219.70,3.69,-50.20,200.00,100%
219.72,3.69,-54.20,212.00,100%
219.75,3.64,-50.30,186.00,100%
219.78,3.69,0.00,0.00,100%
219.78,3.69,24.40,88.00,100%
219.81,3.69,-48.90,180.00,100%
219.84,3.69,-52.60,194.00,100%
219.87,3.67,-33.30,190.00,100%
219.90,3.69,-35.30,102.00,100%
219.91,3.69,71.00,266.00,100%
219.93,3.69,-57.50,196.00,100%
219.96,3.69,-48.80,176.00,100%
219.99,3.64,-58.40,216.00,100%
220.02,3.69,-3.00,10.00,100%
220.03,3.69,82.50,302.00,100%
220.06,3.69,-58.00,212.00,100%
220.08,3.69,-54.90,204.00,100%
220.11,3.67,-12.60,196.00,100%
220.14,3.69,-43.60,40.00,100%
220.15,3.69,-56.60,288.00,100%
220.18,3.69,-46.30,196.00,100%
220.20,3.69,-54.10,212.00,100%
220.23,3.65,-51.90,194.00,100%
220.26,3.69,-6.60,22.00,100%
220.27,3.69,72.70,266.00,100%
220.30,3.69,-50.00,184.00,100%
220.33,3.69,-51.90,194.00,100%
220.35,3.67,-11.60,200.00,100%
220.38,3.69,-38.10,82.00,100%
220.39,3.69,-51.90,262.00,100%
220.41,3.69,-57.00,200.00,100%
220.44,3.69,-49.50,176.00,100%
220.47,3.65,-56.20,206.00,100%
220.50,3.69,-13.50,50.00,100%
220.50,3.69,-46.90,170.00,100%
220.53,3.69,-56.10,206.00,100%
220.56,3.69,-56.10,206.00,100%
220.59,3.67,6.40,204.00,100%
220.59,3.69,-44.70,16.00,100%
220.62,3.69,-28.10,298.00,100%
220.65,3.69,-48.20,190.00,100%
220.68,3.69,-57.60,212.00,100%
220.71,3.65,-49.30,184.00,100%
220.74,3.69,-14.40,52.00,100%
220.78,3.69,-1.00,4.00,100%
220.78,3.69,-52.70,194.00,100%
220.81,3.69,-47.80,176.00,100%
220.86,3.67,6.00,216.00,100%
220.86,3.69,-45.10,42.00,100%
220.86,3.69,-45.30,112.00,100%
220.89,3.69,-53.50,212.00,100%
220.92,3.69,-50.00,184.00,100%
220.95,3.65,-50.00,184.00,100%
220.98,3.69,-23.60,86.00,100%
220.98,3.69,67.50,246.00,100%
221.04,3.69,-48.20,176.00,100%
221.04,3.69,-55.30,210.00,100%
221.07,3.67,69.90,164.00,100%
221.10,3.69,-36.20,26.00,100%
221.13,3.69,-54.20,266.00,100%
221.13,3.69,-49.30,184.00,100%
221.16,3.69,-52.20,194.00,100%
221.19,3.66,-52.20,194.00,100%
221.25,3.69,-24.40,88.00,100%
221.25,3.69,81.10,294.00,100%
221.26,3.69,-56.60,210.00,100%
221.29,3.69,-52.70,180.00,100%
221.31,3.66,31.40,204.00,100%
221.35,3.69,-44.60,0.00,100%
221.35,3.69,-54.80,292.00,100%
221.37,3.69,-53.40,196.00,100%
221.40,3.69,-59.40,220.00,100%
221.43,3.67,-44.70,164.00,100%
221.46,3.69,-29.40,108.00,100%
221.47,3.69,-57.60,210.00,100%
221.50,3.69,-49.90,176.00,100%
221.53,3.69,-49.60,206.00,100%
221.55,3.66,30.90,200.00,100%
221.58,3.69,-39.50,26.00,100%
221.59,3.69,-46.60,268.00,100%
221.61,3.69,-56.40,210.00,100%
221.64,3.69,-48.90,180.00,100%
221.68,3.66,-45.70,170.00,100%
221.71,3.69,-37.80,138.00,100%
221.71,3.69,-31.40,114.00,100%
221.73,3.69,-53.20,210.00,100%
221.76,3.69,-56.70,184.00,100%
221.82,3.65,45.60,190.00,100%
221.82,3.69,-42.80,4.00,100%
221.83,3.69,-6.20,22.00,100%
221.85,3.69,-52.50,194.00,100%
221.88,3.69,-56.80,210.00,100%
221.91,3.67,-34.50,128.00,100%
221.94,3.69,-37.30,138.00,100%
221.94,3.69,25.40,92.00,100%
221.97,3.69,-49.70,170.00,100%
222.00,3.69,-50.80,216.00,100%
222.03,3.65,-23.00,204.00,100%
222.06,3.69,-41.20,0.00,100%
222.06,3.69,52.90,194.00,100%
222.09,3.69,-56.90,210.00,100%
222.12,3.69,-48.90,180.00,100%
222.15,3.67,-28.80,104.00,100%
222.15,3.69,-45.90,168.00,100%
222.18,3.69,-47.90,286.00,100%
222.21,3.69,-53.90,216.00,100%
222.24,3.69,-57.20,184.00,100%
222.27,3.64,-50.50,186.00,100%
222.30,3.69,-4.30,16.00,100%
222.30,3.69,77.80,286.00,100%
222.33,3.69,-49.50,184.00,100%
222.36,3.69,-57.90,212.00,100%
222.39,3.68,-51.80,190.00,100%
222.39,3.69,-38.00,46.00,100%
222.42,3.69,-55.50,272.00,100%
222.45,3.69,-54.40,186.00,100%
222.48,3.69,-46.60,204.00,100%
222.51,3.65,-56.80,210.00,100%
222.51,3.69,-9.10,32.00,100%
222.54,3.69,-56.10,206.00,100%
222.57,3.69,-57.00,210.00,100%
222.60,3.69,-50.70,186.00,100%
222.63,3.64,-1.90,210.00,100%
222.66,3.69,-46.40,56.00,100%
222.66,3.69,-42.80,294.00,100%
222.69,3.69,-53.60,216.00,100%
222.72,3.69,-56.80,190.00,100%
222.75,3.64,-50.30,186.00,100%
222.78,3.69,-16.50,62.00,100%
222.78,3.69,-26.50,98.00,100%
222.81,3.69,-48.10,176.00,100%
222.84,3.69,-56.80,210.00,100%
222.87,3.65,17.70,186.00,100%
222.90,3.69,-34.00,46.00,100%
222.90,3.69,1.40,258.00,100%
222.93,3.69,-55.30,184.00,100%
222.96,3.69,-47.70,194.00,100%
222.99,3.65,-58.40,216.00,100%
222.99,3.69,-19.10,68.00,100%
223.02,3.69,24.10,88.00,100%
223.05,3.69,-58.80,216.00,100%
223.08,3.69,-50.30,186.00,100%
223.11,3.68,-45.30,210.00,100%
223.11,3.69,-44.60,20.00,100%
223.14,3.69,-52.90,170.00,100%
223.17,3.69,-48.50,206.00,100%
223.20,3.69,-55.40,204.00,100%
223.23,3.65,-46.60,174.00,100%
223.23,3.69,-27.80,102.00,100%
223.26,3.69,72.60,266.00,100%
223.29,3.70,-49.20,180.00,100%
223.32,3.69,-55.20,204.00,100%
223.35,3.67,56.60,186.00,100%
223.38,3.69,-37.20,26.00,100%
223.38,3.69,-53.80,262.00,100%
223.41,3.69,-56.70,184.00,100%
223.44,3.69,-50.60,186.00,100%
223.50,3.65,-56.50,210.00,100%
223.50,3.69,-29.30,108.00,100%
223.50,3.69,78.90,288.00,100%
223.53,3.69,-57.40,212.00,100%
223.56,3.69,-51.20,190.00,100%
223.59,3.67,-42.10,212.00,100%
223.59,3.69,-47.80,0.00,100%
223.62,3.69,-51.30,298.00,100%
223.65,3.69,-47.40,206.00,100%
223.68,3.69,-56.80,210.00,100%
223.71,3.66,-48.50,180.00,100%
223.71,3.69,-37.20,138.00,100%
223.74,3.69,-57.50,210.00,100%
223.80,3.69,-49.40,184.00,100%
223.80,3.69,-54.50,212.00,100%
223.83,3.67,89.60,180.00,100%
223.86,3.69,-39.40,6.00,100%
223.86,3.69,-53.70,266.00,100%
223.89,3.69,-55.70,180.00,100%
223.92,3.69,-52.80,196.00,100%
223.95,3.66,-58.00,212.00,100%
223.98,3.69,-36.40,134.00,100%
223.98,3.69,-35.10,128.00,100%
224.01,3.69,-57.20,212.00,100%
224.04,3.69,-48.00,174.00,100%
224.07,3.66,-37.20,210.00,100%
224.07,3.69,-48.20,0.00,100%
224.10,3.69,-48.80,30.00,100%
224.13,3.69,-57.50,212.00,100%
224.16,3.69,-55.10,204.00,100%
224.19,3.67,-48.70,180.00,100%
224.22,3.69,-45.80,168.00,100%
224.22,3.69,21.80,78.00,100%
224.25,3.69,-47.50,206.00,100%
224.28,3.69,-55.40,206.00,100%
224.31,3.65,-30.30,180.00,100%
224.31,3.69,-37.50,4.00,100%
224.37,3.69,-54.60,154.00,100%
224.37,3.69,-50.50,186.00,100%
224.40,3.69,-55.30,204.00,100%
224.43,3.67,-27.30,102.00,100%
224.46,3.69,-38.60,140.00,100%
224.46,3.69,-54.20,200.00,100%
224.49,3.69,-55.60,180.00,100%
224.52,3.69,-49.80,190.00,100%
224.55,3.65,-20.60,210.00,100%
224.58,3.69,-47.40,20.00,100%
224.58,3.69,79.00,288.00,100%
224.61,3.69,-58.80,216.00,100%
224.64,3.69,-49.70,184.00,100%
224.67,3.68,-50.40,186.00,100%
224.70,3.69,-46.60,170.00,100%
224.70,3.69,-50.40,186.00,100%
224.73,3.69,-48.80,206.00,100%
224.76,3.69,-58.80,210.00,100%
224.79,3.64,-5.90,174.00,100%
224.85,3.69,-12.40,46.00,100%
224.86,3.69,-55.00,204.00,100%
224.86,3.69,-48.70,180.00,100%
224.91,3.69,-56.80,210.00,100%
224.91,3.68,-55.20,204.00,100%
224.91,3.69,-36.00,132.00,100%
224.94,3.69,-55.20,266.00,100%
224.97,3.69,-54.70,184.00,100%
225.01,3.69,-46.90,204.00,100%
225.06,3.65,9.70,212.00,100%
225.06,3.69,-13.80,50.00,100%
225.06,3.69,-55.00,200.00,100%
225.09,3.69,-57.20,212.00,100%
225.13,3.69,-50.30,186.00,100%
225.15,3.65,14.40,212.00,100%
225.18,3.69,-46.00,40.00,100%
225.18,3.69,-31.20,294.00,100%
225.21,3.69,-54.10,220.00,100%
225.24,3.69,-56.80,186.00,100%
225.27,3.65,-51.10,190.00,100%
225.30,3.69,-24.30,88.00,100%
225.33,3.69,-10.60,40.00,100%
225.33,3.69,-48.50,180.00,100%
225.36,3.69,-58.10,216.00,100%
225.39,3.65,33.80,176.00,100%
225.39,3.69,-37.20,14.00,100%
225.42,3.69,-55.70,36.00,100%
225.45,3.69,-55.20,186.00,100%
225.48,3.69,-46.50,204.00,100%
225.51,3.65,-55.90,206.00,100%
225.54,3.69,-26.40,98.00,100%
225.54,3.69,43.10,158.00,100%
225.57,3.69,-57.60,212.00,100%
225.60,3.69,-49.70,184.00,100%
225.63,3.67,-46.30,210.00,100%
225.66,3.69,-44.30,16.00,100%
225.66,3.69,-49.20,242.00,100%
225.69,3.69,-51.10,210.00,100%
225.72,3.69,-56.70,196.00,100%
225.75,3.65,-44.10,164.00,100%
225.78,3.68,-35.80,132.00,100%
225.78,3.69,-53.90,200.00,100%
225.81,3.69,-48.30,176.00,100%
225.84,3.69,-56.30,210.00,100%
225.87,3.66,72.40,186.00,100%
225.90,3.69,-36.20,4.00,100%
225.90,3.69,-57.30,256.00,100%
225.93,3.69,-55.50,186.00,100%
225.96,3.69,-47.30,194.00,100%
226.00,3.65,-57.10,210.00,100%
226.02,3.69,-34.40,128.00,100%
226.02,3.69,-52.00,190.00,100%
226.05,3.69,-58.00,212.00,100%
226.08,3.69,-49.60,184.00,100%
226.11,3.66,94.30,210.00,100%
226.14,3.69,-46.90,0.00,100%
226.14,3.69,-50.10,302.00,100%
226.17,3.69,-49.40,210.00,100%
226.20,3.69,-54.50,200.00,100%
226.23,3.66,-45.90,170.00,100%
226.26,3.69,-44.40,164.00,100%
226.26,3.69,-56.50,206.00,100%
226.29,3.69,-47.20,174.00,100%
226.32,3.69,-55.50,206.00,100%
226.35,3.66,-47.80,190.00,100%
226.38,3.68,-41.40,6.00,100%
226.38,3.69,-54.10,206.00,100%
226.41,3.69,-54.90,186.00,100%
226.45,3.69,-53.60,200.00,100%
226.47,3.67,-31.20,114.00,100%
226.47,3.69,-38.10,140.00,100%
226.50,3.69,-20.40,76.00,100%
226.53,3.69,-57.90,212.00,100%
226.56,3.69,-48.10,176.00,100%
226.59,3.65,-32.50,210.00,100%
226.59,3.69,-49.50,16.00,100%
226.62,3.69,-49.60,20.00,100%
226.65,3.69,-56.70,210.00,100%
226.68,3.69,-56.10,206.00,100%
226.71,3.67,-46.90,174.00,100%
226.74,3.69,-46.50,170.00,100%
226.75,3.69,-55.60,206.00,100%
226.77,3.69,-46.50,170.00,100%
226.80,3.69,-54.10,210.00,100%
226.83,3.65,-25.10,176.00,100%
226.86,3.69,-38.60,26.00,100%
226.87,3.69,-53.20,170.00,100%
226.89,3.69,-50.30,186.00,100%
226.92,3.69,-52.50,194.00,100%
226.95,3.67,-58.40,216.00,100%
226.96,3.69,-40.70,150.00,100%
226.99,3.69,-50.30,186.00,100%
227.01,3.69,-56.50,204.00,100%
227.05,3.69,-51.40,176.00,100%
227.07,3.65,-3.70,206.00,100%
227.10,3.69,-47.50,58.00,100%
227.10,3.69,-51.10,294.00,100%
227.13,3.69,-57.40,212.00,100%
227.19,3.69,-56.20,206.00,100%
227.19,3.67,-50.40,186.00,100%
227.19,3.69,-44.90,164.00,100%
227.22,3.69,-56.80,210.00,100%
227.25,3.69,-48.10,190.00,100%
227.28,3.69,-55.80,220.00,100%
227.31,3.65,87.00,180.00,100%
227.34,3.69,-39.80,68.00,100%
227.35,3.69,-58.00,212.00,100%
227.37,3.69,-52.10,194.00,100%
227.40,3.69,-49.80,184.00,100%
227.43,3.67,20.20,76.00,100%
227.46,3.69,-41.00,150.00,100%
227.46,3.69,-48.30,268.00,100%
227.49,3.69,-56.80,206.00,100%
227.52,3.69,-53.90,186.00,100%
227.55,3.65,18.10,204.00,100%
227.58,3.69,-29.90,112.00,100%
227.58,3.69,-50.60,186.00,100%
227.61,3.69,-54.60,204.00,100%
227.64,3.69,-57.70,212.00,100%
227.67,3.67,-45.50,168.00,100%
227.70,3.69,-43.50,0.00,100%
227.70,3.69,-55.60,180.00,100%
227.73,3.69,-51.40,194.00,100%
227.76,3.69,-52.30,210.00,100%
227.79,3.65,-51.40,190.00,100%
227.82,3.69,-31.10,114.00,100%
227.82,3.69,-36.80,134.00,100%
227.85,3.69,-52.10,194.00,100%
227.88,3.69,-49.70,184.00,100%
227.91,3.67,-50.20,186.00,100%
227.94,3.69,-42.80,20.00,100%
227.94,3.69,-47.00,50.00,100%
227.97,3.69,-57.60,216.00,100%
228.00,3.69,-54.20,180.00,100%
228.03,3.65,-55.50,206.00,100%
228.03,3.69,-44.60,164.00,100%
228.09,3.69,26.60,98.00,100%
228.09,3.69,-54.20,200.00,100%
228.12,3.69,-57.60,212.00,100%
228.15,3.66,-39.10,180.00,100%
228.18,3.69,-41.50,0.00,100%
228.18,3.69,-58.50,132.00,100%
228.21,3.69,-48.70,176.00,100%
228.24,3.69,-49.50,210.00,100%
228.27,3.66,-55.80,206.00,100%
228.30,3.69,-37.10,138.00,100%
228.30,3.69,60.50,222.00,100%
228.33,3.69,-56.80,210.00,100%
228.36,3.70,-48.50,180.00,100%
228.39,3.66,-37.20,210.00,100%
228.42,3.69,-46.40,10.00,100%
228.42,3.69,-50.30,278.00,100%
228.45,3.69,-53.80,212.00,100%
228.48,3.69,-56.10,184.00,100%
228.54,3.66,-18.10,66.00,100%
228.57,3.69,-47.30,174.00,100%
228.57,3.69,-52.20,194.00,100%
228.57,3.69,-49.10,180.00,100%
228.63,3.69,-57.00,210.00,100%
228.64,3.66,-34.20,176.00,100%
228.64,3.69,-38.80,36.00,100%
228.66,3.69,-55.70,268.00,100%
228.69,3.69,-54.60,180.00,100%
228.72,3.69,-53.50,196.00,100%
228.75,3.67,-12.40,46.00,100%
228.78,3.69,-39.40,144.00,100%
228.78,3.69,-53.40,196.00,100%
228.82,3.69,-57.70,212.00,100%
228.84,3.69,-49.30,180.00,100%
228.87,3.65,-11.80,216.00,100%
228.90,3.69,-50.10,56.00,100%
228.90,3.69,-49.70,174.00,100%
228.93,3.69,-48.90,210.00,100%
228.96,3.69,-56.30,206.00,100%
228.99,3.67,-47.00,174.00,100%
229.02,3.69,-45.60,168.00,100%
229.02,3.69,-55.90,206.00,100%
229.06,3.69,-46.10,170.00,100%
229.08,3.69,-53.90,210.00,100%
229.11,3.65,-5.80,176.00,100%
229.14,3.69,-39.20,68.00,100%
229.14,3.69,-54.00,210.00,100%
229.17,3.69,-49.20,180.00,100%
229.20,3.69,-53.20,196.00,100%
229.23,3.67,-56.80,210.00,100%
229.26,3.69,-41.10,150.00,100%
229.29,3.69,-35.50,132.00,100%
229.29,3.69,-56.80,204.00,100%
229.32,3.69,-51.00,174.00,100%
229.35,3.65,98.20,196.00,100%
229.35,3.69,-27.70,92.00,100%
229.38,3.69,-14.70,282.00,100%
229.41,3.69,-57.50,212.00,100%
229.44,3.69,-50.10,184.00,100%
229.47,3.68,-52.20,194.00,100%
229.50,3.69,0.20,0.00,100%
229.50,3.69,-1.00,4.00,100%
229.53,3.69,-51.70,190.00,100%
229.56,3.69,-56.40,194.00,100%
229.62,3.67,-43.00,180.00,100%
229.62,3.69,-29.90,62.00,100%
229.62,3.69,14.80,282.00,100%
229.65,3.69,-49.40,184.00,100%
229.68,3.69,-57.90,212.00,100%
229.71,3.68,-54.90,204.00,100%
229.74,3.69,4.70,16.00,100%
229.74,3.69,20.20,76.00,100%
229.77,3.69,-52.60,176.00,100%
229.80,3.69,-47.90,210.00,100%
229.83,3.70,-56.20,210.00,100%
229.86,3.69,-40.80,96.00,100%
229.86,3.69,75.80,278.00,100%
229.89,3.69,-59.10,220.00,100%
229.92,3.69,-49.10,180.00,100%
229.95,3.67,-54.00,200.00,100%
229.98,3.69,-0.40,0.00,100%
229.98,3.69,56.60,292.00,100%
230.02,3.69,-51.90,210.00,100%
230.04,3.69,-58.70,196.00,100%
230.07,3.69,-49.20,184.00,100%
230.10,3.69,12.00,42.00,100%
230.10,3.69,62.00,226.00,100%
230.13,3.69,-50.10,186.00,100%
230.16,3.69,-57.70,212.00,100%
230.19,3.67,-52.40,194.00,100%
230.22,3.69,-2.80,68.00,100%
230.22,3.69,73.90,276.00,100%
230.25,3.69,-53.10,176.00,100%
230.28,3.69,-48.20,206.00,100%
230.31,3.64,-57.30,212.00,100%
230.34,3.69,21.60,78.00,100%
230.34,3.69,72.70,266.00,100%
230.37,3.69,-55.90,206.00,100%
230.40,3.69,-49.90,184.00,100%
230.43,3.70,-55.50,206.00,100%
230.43,3.69,-12.50,98.00,100%
230.46,3.67,82.10,288.00,100%
230.50,3.69,-55.60,216.00,100%
230.53,3.69,-56.20,180.00,100%
230.55,3.69,-52.60,194.00,100%
230.58,3.69,6.40,22.00,100%
230.58,3.69,79.50,292.00,100%
230.61,3.69,-51.10,190.00,100%
230.64,3.69,-57.60,212.00,100%
230.67,3.69,-50.20,174.00,100%
230.67,3.69,-14.70,68.00,100%
230.70,3.69,-58.50,266.00,100%
230.73,3.69,-51.80,180.00,100%
230.76,3.69,-47.90,206.00,100%
230.79,3.68,-57.50,212.00,100%
230.82,3.69,14.50,52.00,100%
230.82,3.69,74.80,272.00,100%
230.85,3.69,-58.00,212.00,100%
230.88,3.69,-49.70,184.00,100%
230.91,3.68,-52.40,212.00,100%
230.92,3.69,-26.80,86.00,100%
230.94,3.69,-50.90,282.00,100%
230.97,3.69,-53.40,212.00,100%
231.00,3.69,-56.30,186.00,100%
231.03,3.68,-51.20,190.00,100%
231.06,3.69,0.70,4.00,100%
231.06,3.69,77.90,286.00,100%
231.09,3.69,-50.00,184.00,100%
231.12,3.69,-57.40,212.00,100%
231.15,3.70,-53.90,184.00,100%
231.18,3.69,-27.10,68.00,100%
231.18,3.69,-49.90,272.00,100%
231.21,3.69,-52.90,184.00,100%
231.24,3.69,-55.70,206.00,100%
231.27,3.68,-56.50,210.00,100%
231.30,3.69,4.60,16.00,100%
231.30,3.69,75.00,276.00,100%
231.33,3.69,-57.30,212.00,100%
231.37,3.69,-48.50,184.00,100%
231.39,3.69,-54.20,220.00,100%
231.42,3.69,-39.90,76.00,100%
231.42,3.69,-5.40,294.00,100%
231.45,3.69,-56.80,210.00,100%
231.49,3.69,-54.80,204.00,100%
231.51,3.68,-47.80,176.00,100%
231.54,3.69,0.10,0.00,100%
231.54,3.69,2.60,10.00,100%
231.57,3.69,-46.70,174.00,100%
231.60,3.69,-54.70,210.00,100%
231.63,3.67,-39.00,184.00,100%
231.66,3.69,-35.20,82.00,100%
231.66,3.69,33.40,266.00,100%
231.69,3.69,-49.70,184.00,100%
231.72,3.69,-52.70,194.00,100%
231.75,3.66,-58.00,212.00,100%
231.75,3.69,-0.30,0.00,100%
231.78,3.69,55.00,200.00,100%
231.81,3.69,-55.60,196.00,100%
231.84,3.69,-50.80,176.00,100%
231.87,3.66,-17.70,206.00,100%
231.87,3.69,-44.80,46.00,100%
231.90,3.69,74.40,272.00,100%
231.93,3.69,-57.20,212.00,100%
231.96,3.69,-54.90,204.00,100%
231.99,3.67,-47.80,176.00,100%
231.99,3.69,-6.70,26.00,100%
232.02,3.68,73.80,268.00,100%
232.05,3.69,-47.60,194.00,100%
232.08,3.69,-56.90,220.00,100%
232.11,3.69,-55.80,186.00,100%
232.11,3.69,15.40,56.00,100%
232.17,3.69,70.70,258.00,100%
232.17,3.69,-50.70,186.00,100%
232.20,3.69,-52.20,194.00,100%
232.23,3.67,-57.40,212.00,100%
232.26,3.69,-13.30,98.00,100%
232.29,3.67,80.30,272.00,100%
232.29,3.69,-58.00,200.00,100%
232.32,3.69,-49.00,174.00,100%
232.35,3.68,-48.20,206.00,100%
232.38,3.69,6.40,22.00,100%
232.38,3.69,80.90,294.00,100%
232.41,3.69,-55.60,206.00,100%
232.44,3.69,-55.90,206.00,100%
232.47,3.70,-46.30,170.00,100%
232.51,3.69,-23.40,68.00,100%
232.51,3.69,-54.80,294.00,100%
232.53,3.69,-46.60,200.00,100%
232.56,3.69,-54.50,212.00,100%
232.62,3.64,-49.00,180.00,100%
232.62,3.69,8.60,32.00,100%
232.62,3.69,72.50,266.00,100%
232.65,3.69,-49.20,180.00,100%
232.68,3.69,-51.00,186.00,100%
232.71,3.70,-56.50,196.00,100%
232.72,3.69,-26.30,98.00,100%
232.74,3.69,-50.50,262.00,100%
232.77,3.69,-55.90,200.00,100%
232.80,3.69,-49.60,174.00,100%
232.83,3.68,-57.00,210.00,100%
232.86,3.69,1.10,4.00,100%
232.86,3.69,-39.50,144.00,100%
232.89,3.69,-55.70,206.00,100%
232.92,3.69,-56.60,210.00,100%
232.98,3.69,-47.50,190.00,100%
232.98,3.69,-36.90,50.00,100%
232.98,3.69,-18.80,294.00,100%
233.01,3.69,-48.90,190.00,100%
233.04,3.69,-57.20,212.00,100%
233.07,3.67,-51.70,190.00,100%
233.10,3.69,0.80,4.00,100%
233.10,3.69,-4.60,16.00,100%
233.13,3.69,-52.50,194.00,100%
233.16,3.69,-48.40,180.00,100%
233.19,3.70,-56.90,206.00,100%
233.22,3.69,-43.30,96.00,100%
233.22,3.69,33.40,276.00,100%
233.25,3.69,-54.70,210.00,100%
233.28,3.69,-51.10,190.00,100%
233.31,3.67,-53.50,196.00,100%
233.34,3.69,-0.50,4.00,100%
233.34,3.69,44.50,164.00,100%
233.38,3.69,-52.60,194.00,100%
233.40,3.69,-56.00,186.00,100%
233.43,3.70,-49.80,186.00,100%
233.46,3.69,-40.10,32.00,100%
233.46,3.69,-56.60,230.00,100%
233.49,3.69,-48.10,176.00,100%
233.52,3.69,-58.30,216.00,100%
233.55,3.67,-53.90,200.00,100%
233.58,3.69,-4.70,16.00,100%
233.58,3.69,73.30,268.00,100%
233.61,3.69,-54.70,184.00,100%
233.64,3.69,-48.30,196.00,100%
233.67,3.69,-54.70,210.00,100%
233.67,3.69,-2.60,98.00,100%
233.70,3.67,82.00,288.00,100%
233.73,3.69,-59.00,220.00,100%
233.76,3.69,-50.60,186.00,100%
233.79,3.67,-50.50,186.00,100%
233.82,3.67,7.70,30.00,100%
233.82,3.67,77.00,282.00,100%
233.85,3.69,-45.90,200.00,100%
233.88,3.69,-57.40,216.00,100%
233.91,3.68,-54.80,184.00,100%
233.94,3.69,22.10,82.00,100%
233.94,3.66,59.60,220.00,100%
233.97,3.69,-50.70,186.00,100%
234.00,3.69,-49.90,184.00,100%
234.03,3.67,-57.30,212.00,100%
234.06,3.68,9.80,36.00,100%
234.07,3.66,83.30,204.00,100%
234.12,3.69,-56.50,212.00,100%
234.12,3.69,-55.80,186.00,100%
234.15,3.66,-46.10,194.00,100%
234.18,3.69,17.00,62.00,100%
234.18,3.69,79.10,288.00,100%
234.21,3.69,-50.10,186.00,100%
234.24,3.69,-58.50,216.00,100%
234.27,3.70,-52.00,194.00,100%
234.30,3.68,15.20,76.00,100%
234.30,3.65,74.30,20.00,100%
234.33,3.69,-55.70,186.00,100%
234.36,3.69,-45.90,200.00,100%
234.39,3.65,-57.50,212.00,100%
234.43,3.69,23.50,86.00,100%
234.43,3.69,77.60,282.00,100%
234.45,3.69,-57.90,212.00,100%
234.48,3.69,-51.20,190.00,100%
234.51,3.69,-48.50,210.00,100%
234.54,3.68,0.60,76.00,100%
234.54,3.69,-1.10,288.00,100%
234.57,3.69,-46.40,200.00,100%
234.60,3.69,-55.00,210.00,100%
234.63,3.67,-51.40,190.00,100%
234.66,3.69,21.40,78.00,100%
234.66,3.69,72.90,266.00,100%
234.69,3.69,-49.80,184.00,100%
234.72,3.69,-51.30,190.00,100%
234.75,3.70,-56.50,196.00,100%
234.78,3.68,1.70,96.00,100%
234.78,3.69,43.80,268.00,100%
234.81,3.69,-56.50,206.00,100%
234.84,3.69,-48.50,180.00,100%
234.90,3.67,-55.40,204.00,100%
234.90,3.69,11.90,42.00,100%
234.91,3.69,62.70,230.00,100%
234.93,3.69,-53.40,196.00,100%
234.96,3.69,-57.30,212.00,100%
234.99,3.69,-51.20,184.00,100%
235.02,3.69,0.00,66.00,100%
235.02,3.69,73.40,276.00,100%
235.05,3.69,-51.10,176.00,100%
235.08,3.69,-56.70,210.00,100%
235.11,3.65,-56.50,210.00,100%
235.14,3.69,18.90,68.00,100%
235.14,3.69,77.10,282.00,100%
235.17,3.69,-57.20,212.00,100%
235.20,3.69,-48.70,174.00,100%
235.23,3.69,-49.60,210.00,100%
235.26,3.69,-5.30,76.00,100%
235.26,3.67,77.20,302.00,100%
235.29,3.69,-54.50,200.00,100%
235.32,3.69,-58.50,216.00,100%
235.35,3.67,-49.90,184.00,100%
235.38,3.69,15.00,56.00,100%
235.38,3.69,71.90,262.00,100%
235.41,3.69,-49.50,170.00,100%
235.44,3.69,-48.40,206.00,100%
235.47,3.68,-55.60,204.00,100%
235.50,3.69,-12.50,96.00,100%
235.50,3.69,76.00,278.00,100%
235.54,3.69,-58.80,216.00,100%
235.56,3.69,-48.40,180.00,100%
235.59,3.67,-52.00,194.00,100%
235.62,3.69,3.20,14.00,100%
235.62,3.66,79.50,292.00,100%
235.65,3.69,-48.10,206.00,100%
235.68,3.69,-58.20,212.00,100%
235.71,3.68,-49.80,180.00,100%
235.74,3.69,20.60,76.00,100%
235.74,3.69,71.30,262.00,100%
235.77,3.69,-50.40,186.00,100%
235.80,3.69,-53.20,196.00,100%
235.83,3.70,-57.90,212.00,100%
235.86,3.68,8.90,98.00,100%
235.86,3.65,81.20,82.00,100%
235.89,3.69,-58.50,210.00,100%
235.92,3.69,-51.60,170.00,100%
235.95,3.69,-55.30,204.00,100%
235.98,3.69,16.60,62.00,100%
235.99,3.69,78.60,288.00,100%
236.02,3.69,-53.20,196.00,100%
236.05,3.69,-58.00,212.00,100%
236.07,3.69,-48.70,180.00,100%
236.10,3.68,5.00,72.00,100%
236.10,3.69,-36.00,276.00,100%
236.13,3.69,-52.00,174.00,100%
236.16,3.69,-47.50,204.00,100%
236.19,3.70,-58.00,212.00,100%
236.22,3.69,24.10,88.00,100%
236.23,3.69,77.20,282.00,100%
236.25,3.69,-58.80,216.00,100%
236.28,3.69,-50.10,186.00,100%
236.31,3.69,-48.70,206.00,100%
236.34,3.69,-0.30,68.00,100%
236.34,3.69,-2.50,288.00,100%
236.37,3.69,-46.40,204.00,100%
236.41,3.69,-54.70,212.00,100%
236.43,3.69,-51.50,190.00,100%
236.46,3.69,23.00,86.00,100%
236.46,3.69,72.00,262.00,100%
236.49,3.69,-50.30,186.00,100%
236.52,3.69,-49.40,184.00,100%
236.55,3.69,-58.10,206.00,100%
236.55,3.69,-3.70,96.00,100%
236.58,3.69,49.50,276.00,100%
236.61,3.69,-55.00,210.00,100%
236.64,3.69,-50.00,184.00,100%
236.67,3.69,-53.30,196.00,100%
236.70,3.69,6.60,22.00,100%
236.70,3.69,55.30,204.00,100%
236.73,3.69,-52.90,196.00,100%
236.76,3.69,-55.70,186.00,100%
236.79,3.69,-49.50,184.00,100%
236.85,3.69,-9.30,66.00,100%
236.85,3.69,72.40,282.00,100%
236.85,3.69,-47.90,176.00,100%
236.88,3.69,-58.30,216.00,100%
236.91,3.68,-55.80,206.00,100%
236.94,3.69,16.80,62.00,100%
236.94,3.69,73.50,268.00,100%
236.97,3.69,-56.00,186.00,100%
237.00,3.69,-48.20,194.00,100%
237.03,3.69,-53.80,212.00,100%
237.06,3.69,-19.80,92.00,100%
237.06,3.68,81.40,294.00,100%
237.09,3.69,-59.00,216.00,100%
237.12,3.69,-52.00,194.00,100%
237.15,3.68,-48.80,180.00,100%
237.18,3.69,1.80,6.00,100%
237.19,3.68,75.60,276.00,100%
237.22,3.69,-45.20,200.00,100%
237.24,3.69,-57.20,220.00,100%
237.27,3.70,-54.90,184.00,100%
237.30,3.69,-22.90,82.00,100%
237.31,3.69,71.40,262.00,100%
237.33,3.69,-50.20,186.00,100%
237.36,3.69,-51.40,190.00,100%
237.39,3.68,-57.70,212.00,100%
237.42,3.69,6.30,22.00,100%
237.42,3.66,82.00,252.00,100%
237.45,3.69,-57.40,210.00,100%
237.48,3.69,-52.90,176.00,100%
237.51,3.70,-54.70,204.00,100%
237.54,3.69,15.70,58.00,100%
237.55,3.69,78.70,288.00,100%
237.58,3.69,-52.70,196.00,100%
237.60,3.69,-58.60,216.00,100%
237.63,3.70,-49.20,180.00,100%
237.66,3.68,2.30,68.00,100%
237.67,3.65,73.20,164.00,100%
237.70,3.69,-52.20,176.00,100%
237.73,3.69,-48.10,206.00,100%
237.76,3.69,-57.40,212.00,100%
237.79,3.69,26.60,98.00,100%
237.79,3.69,75.80,276.00,100%
237.82,3.69,-58.10,216.00,100%
237.84,3.69,-50.80,186.00,100%
237.87,3.69,-50.20,210.00,100%
237.90,3.69,-2.30,78.00,100%
237.90,3.69,-51.90,294.00,100%
237.93,3.69,-47.90,204.00,100%
237.96,3.69,-55.20,210.00,100%
237.99,3.69,-50.40,186.00,100%
238.02,3.69,18.20,66.00,100%
238.02,3.69,72.50,266.00,100%
238.05,3.69,-49.50,184.00,100%
238.08,3.69,-49.60,184.00,100%
238.11,3.69,-58.20,206.00,100%
238.11,3.69,-10.20,88.00,100%
238.14,3.69,-27.30,278.00,100%
238.17,3.69,-54.10,212.00,100%
238.20,3.69,-49.80,184.00,100%
238.23,3.69,-49.10,180.00,100%
238.26,3.69,5.70,20.00,100%
238.26,3.69,74.70,272.00,100%
238.29,3.69,-46.60,174.00,100%
238.32,3.69,-54.20,210.00,100%
238.35,3.69,-58.30,186.00,100%
238.38,3.69,-14.40,92.00,100%
238.38,3.69,-12.90,266.00,100%
238.41,3.69,-53.30,196.00,100%
238.44,3.69,-48.80,180.00,100%
238.47,3.68,-56.70,210.00,100%
238.50,3.69,1.50,6.00,100%
238.50,3.70,-4.90,16.00,100%
238.53,3.69,-53.80,200.00,100%
238.56,3.69,-56.10,184.00,100%
238.59,3.70,-48.40,184.00,100%
238.62,3.69,-21.50,68.00,100%
238.62,3.69,14.70,282.00,100%
238.65,3.69,-49.00,180.00,100%
238.68,3.69,-56.80,210.00,100%
238.71,3.68,-55.80,206.00,100%
238.74,3.69,8.10,30.00,100%
238.75,3.69,26.40,96.00,100%
238.78,3.69,-54.80,180.00,100%
238.81,3.69,-50.10,196.00,100%
238.83,3.70,-53.20,212.00,100%
238.86,3.69,-35.00,92.00,100%
238.86,3.69,79.00,288.00,100%
238.89,3.69,-58.70,216.00,100%
238.92,3.69,-51.70,190.00,100%
238.95,3.67,-48.20,176.00,100%
238.98,3.69,0.20,0.00,100%
238.99,3.69,53.40,298.00,100%
239.01,3.69,-47.00,204.00,100%
239.04,3.69,-55.80,210.00,100%
239.07,3.70,-53.50,180.00,100%
239.10,3.69,21.50,78.00,100%
239.10,3.69,71.00,258.00,100%
239.13,3.69,-49.60,184.00,100%
239.16,3.69,-53.30,196.00,100%
239.19,3.70,-57.30,212.00,100%
239.22,3.69,-1.90,102.00,100%
239.23,3.69,78.90,272.00,100%
239.25,3.69,-58.20,204.00,100%
239.28,3.69,-49.50,170.00,100%
239.31,3.69,-56.90,210.00,100%
239.34,3.69,12.40,46.00,100%
239.35,3.69,83.00,304.00,100%
239.37,3.69,-56.50,210.00,100%
239.40,3.69,-51.10,190.00,100%
239.43,3.70,-53.30,196.00,100%
239.46,3.67,18.40,102.00,100%
239.46,3.66,82.60,144.00,100%
239.49,3.69,-53.20,216.00,100%
239.52,3.69,-56.80,194.00,100%
239.55,3.69,-47.30,176.00,100%
239.58,3.68,16.60,62.00,100%
239.59,3.68,76.60,282.00,100%
239.62,3.69,-48.50,180.00,100%
239.65,3.69,-56.80,210.00,100%
239.68,3.70,-53.80,200.00,100%
239.71,3.67,28.00,78.00,100%
239.71,3.66,71.80,184.00,100%
239.74,3.69,-54.10,180.00,100%
239.77,3.69,-45.60,200.00,100%
239.80,3.69,-58.00,212.00,100%
239.83,3.68,25.30,92.00,100%
239.83,3.67,75.40,278.00,100%
239.85,3.69,-57.60,212.00,100%
239.88,3.69,-49.40,184.00,100%
239.91,3.69,-51.00,206.00,100%
239.94,3.67,16.30,82.00,100%
239.95,3.67,81.80,282.00,100%
239.97,3.69,-51.10,210.00,100%
240.00,3.69,-51.90,194.00,100%
240.03,3.69,-49.80,184.00,100%
240.06,3.68,17.20,62.00,100%
240.06,3.66,61.00,226.00,100%
240.09,3.69,-48.00,176.00,100%
240.12,3.69,-56.20,206.00,100%
240.15,3.69,-53.30,180.00,100%
240.18,3.67,28.10,78.00,100%
240.18,3.66,73.80,196.00,100%
240.21,3.69,-48.90,180.00,100%
240.24,3.69,-55.50,206.00,100%
240.27,3.70,-56.50,210.00,100%
240.30,3.69,24.70,92.00,100%
240.30,3.69,76.30,278.00,100%
240.33,3.69,-56.60,210.00,100%
240.36,3.69,-47.40,180.00,100%
240.39,3.69,-53.20,216.00,100%
240.42,3.68,11.80,86.00,100%
240.43,3.65,81.50,98.00,100%
240.45,3.69,-57.60,212.00,100%
240.48,3.69,-55.60,206.00,100%
240.51,3.69,-48.90,180.00,100%
240.54,3.69,20.60,76.00,100%
240.54,3.65,72.80,266.00,100%
240.57,3.69,-48.40,184.00,100%
240.60,3.69,-53.50,220.00,100%
240.63,3.69,-56.30,190.00,100%
240.66,3.67,18.90,102.00,100%
240.66,3.65,-18.50,68.00,100%
240.69,3.69,-56.30,210.00,100%
240.72,3.69,-48.70,180.00,100%
240.75,3.69,-54.90,204.00,100%
240.78,3.67,18.00,66.00,100%
240.79,3.66,81.10,76.00,100%
240.82,3.69,-51.80,212.00,100%
240.85,3.69,-57.00,200.00,100%
240.88,3.69,-50.50,174.00,100%
240.91,3.68,18.10,66.00,100%
240.91,3.66,-46.00,170.00,100%
240.94,3.69,-48.70,180.00,100%
240.97,3.69,-54.40,200.00,100%
240.99,3.70,-57.50,212.00,100%
241.02,3.67,27.30,104.00,100%
241.03,3.66,80.20,184.00,100%
241.06,3.69,-58.00,206.00,100%
241.08,3.69,-52.10,176.00,100%
241.11,3.69,-54.70,204.00,100%
241.14,3.68,17.20,62.00,100%
241.15,3.69,80.10,294.00,100%
241.18,3.69,-53.30,196.00,100%
241.21,3.69,-57.70,212.00,100%
241.23,3.70,-50.00,184.00,100%
241.26,3.67,25.20,68.00,100%
241.26,3.66,71.30,180.00,100%
241.29,3.69,-52.60,180.00,100%
241.32,3.69,-45.60,204.00,100%
241.35,3.69,-58.50,216.00,100%
241.38,3.68,25.70,96.00,100%
241.38,3.69,77.20,286.00,100%
241.41,3.69,-57.40,212.00,100%
241.45,3.69,-49.60,184.00,100%
241.47,3.69,-48.40,206.00,100%
241.50,3.67,15.30,66.00,100%
241.50,3.69,77.30,302.00,100%
241.53,3.69,-46.10,204.00,100%
241.56,3.69,-57.70,212.00,100%
241.59,3.69,-51.30,190.00,100%
241.62,3.68,21.90,82.00,100%
241.62,3.68,71.90,266.00,100%
241.65,3.69,-49.70,184.00,100%
241.68,3.69,-48.70,206.00,100%
241.71,3.69,-57.20,206.00,100%
241.74,3.67,17.00,108.00,100%
241.74,3.67,82.50,276.00,100%
241.77,3.69,-57.00,210.00,100%
241.81,3.69,-50.90,186.00,100%
241.83,3.69,-53.00,196.00,100%
241.86,3.69,17.30,62.00,100%
241.86,3.67,77.50,286.00,100%
241.89,3.69,-50.50,212.00,100%
241.92,3.69,-56.90,200.00,100%
241.95,3.69,-52.00,176.00,100%
241.98,3.68,22.60,72.00,100%
241.98,3.66,74.10,230.00,100%
242.01,3.69,-50.30,186.00,100%
242.04,3.69,-54.90,204.00,100%
242.07,3.69,-58.00,212.00,100%
242.10,3.67,25.20,92.00,100%
242.11,3.66,76.40,278.00,100%
242.13,3.69,-56.20,186.00,100%
242.16,3.69,-50.60,190.00,100%
242.19,3.69,-50.90,210.00,100%
242.22,3.68,22.90,86.00,100%
242.22,3.65,44.90,168.00,100%
242.25,3.69,-57.20,212.00,100%
242.29,3.69,-54.50,200.00,100%
242.31,3.70,-46.80,174.00,100%
242.34,3.67,19.10,66.00,100%
242.35,3.65,76.00,140.00,100%
242.38,3.69,-47.60,204.00,100%
242.41,3.69,-54.50,210.00,100%
242.44,3.69,-54.90,186.00,100%
242.46,3.68,21.50,78.00,100%
242.46,3.65,10.10,36.00,100%
242.49,3.69,-49.40,184.00,100%
242.52,3.69,-51.40,190.00,100%
242.55,3.70,-57.00,210.00,100%
242.58,3.67,25.30,104.00,100%
242.58,3.65,80.10,40.00,100%
242.61,3.69,-56.70,204.00,100%
242.64,3.69,-51.00,170.00,100%
242.67,3.69,-55.60,206.00,100%
242.70,3.68,18.40,68.00,100%
242.70,3.69,82.70,302.00,100%
242.73,3.69,-56.30,210.00,100%
242.76,3.69,-56.60,210.00,100%
242.79,3.69,-47.80,190.00,100%
242.82,3.67,18.40,56.00,100%
242.82,3.65,71.90,46.00,100%
242.85,3.69,-48.60,186.00,100%
242.88,3.69,-57.30,212.00,100%
242.91,3.69,-51.80,190.00,100%
242.94,3.69,25.40,92.00,100%
242.94,3.69,71.30,262.00,100%
242.97,3.69,-51.40,190.00,100%
243.00,3.69,-48.80,180.00,100%
243.04,3.69,-55.40,200.00,100%
243.06,3.67,16.60,96.00,100%
243.06,3.65,82.30,154.00,100%
243.09,3.69,-55.00,206.00,100%
243.12,3.69,-50.30,186.00,100%
243.15,3.69,-54.90,204.00,100%
243.18,3.69,16.80,62.00,100%
243.18,3.69,79.90,292.00,100%
243.21,3.69,-53.00,196.00,100%
243.24,3.69,-55.70,184.00,100%
243.27,3.69,-48.80,190.00,100%
243.30,3.68,16.20,66.00,100%
243.30,3.69,42.80,286.00,100%
243.33,3.69,-49.00,180.00,100%
243.36,3.69,-58.00,212.00,100%
243.39,3.69,-54.50,200.00,100%
243.42,3.69,27.60,102.00,100%
243.43,3.65,74.00,272.00,100%
243.46,3.69,-54.40,176.00,100%
243.48,3.69,-49.50,196.00,100%
243.51,3.69,-53.60,212.00,100%
243.54,3.68,4.20,92.00,100%
243.54,3.69,80.10,294.00,100%
243.57,3.69,-58.60,216.00,100%
243.61,3.69,-52.40,194.00,100%
243.63,3.69,-48.80,180.00,100%
243.66,3.67,17.70,66.00,100%
243.66,3.66,75.40,150.00,100%
243.69,3.69,-48.40,200.00,100%
243.72,3.69,-55.80,216.00,100%
243.75,3.69,-56.10,176.00,100%
243.78,3.68,23.70,88.00,100%
243.79,3.68,70.80,262.00,100%
243.82,3.69,-50.90,186.00,100%
243.84,3.69,-50.00,184.00,100%
243.87,3.70,-57.10,210.00,100%
243.90,3.67,20.50,98.00,100%
243.91,3.67,81.90,286.00,100%
243.93,3.69,-56.60,220.00,100%
243.96,3.69,-56.10,180.00,100%
243.99,3.69,-48.20,186.00,100%
244.02,3.69,15.70,58.00,100%
244.02,3.67,66.60,246.00,100%
244.05,3.69,-48.80,180.00,100%
244.08,3.69,-56.80,210.00,100%
244.11,3.70,-54.50,200.00,100%
244.14,3.67,26.80,82.00,100%
244.14,3.66,73.00,194.00,100%
244.17,3.69,-55.90,176.00,100%
244.20,3.69,-48.10,190.00,100%
244.23,3.69,-58.80,216.00,100%
244.26,3.69,24.30,88.00,100%
244.26,3.69,80.30,294.00,100%
244.29,3.69,-57.40,212.00,100%
244.32,3.69,-53.30,196.00,100%
244.35,3.69,-45.90,200.00,100%
244.38,3.67,12.20,58.00,100%
244.39,3.65,74.30,88.00,100%
244.44,3.69,-48.20,194.00,100%
244.45,3.69,-57.90,212.00,100%
244.47,3.69,-49.30,184.00,100%
244.50,3.69,24.60,92.00,100%
244.50,3.69,71.50,262.00,100%
244.53,3.69,-52.80,194.00,100%
244.56,3.69,-46.30,200.00,100%
244.62,3.69,-56.30,212.00,100%
244.62,3.68,7.30,96.00,100%
244.62,3.65,81.40,52.00,100%
244.65,3.69,-57.30,212.00,100%
244.68,3.69,-51.20,190.00,100%
244.71,3.69,-49.70,184.00,100%
244.74,3.69,17.50,66.00,100%
244.74,3.69,76.20,278.00,100%
244.77,3.69,-46.80,204.00,100%
244.80,3.69,-55.50,210.00,100%
244.83,3.69,-57.00,190.00,100%
244.86,3.68,12.60,86.00,100%
244.86,3.69,5.90,266.00,100%
244.89,3.69,-52.10,194.00,100%
244.92,3.69,-49.20,180.00,100%
244.95,3.69,-57.70,212.00,100%
244.98,3.69,20.20,76.00,100%
244.98,3.65,83.00,304.00,100%
245.01,3.69,-54.10,210.00,100%
245.04,3.69,-58.10,186.00,100%
245.07,3.69,-48.80,186.00,100%
245.10,3.68,18.20,66.00,100%
245.10,3.69,76.50,278.00,100%
245.13,3.69,-48.20,176.00,100%
245.16,3.69,-56.60,210.00,100%
245.19,3.70,-55.40,206.00,100%
245.22,3.67,26.00,96.00,100%
245.23,3.66,77.20,174.00,100%
245.26,3.69,-58.20,194.00,100%
245.28,3.69,-47.40,180.00,100%
245.31,3.69,-49.50,210.00,100%
245.34,3.69,19.20,68.00,100%
245.35,3.69,79.40,292.00,100%
245.38,3.69,-55.00,204.00,100%
245.41,3.69,-57.70,212.00,100%
245.44,3.70,-48.50,180.00,100%
245.46,3.67,26.80,68.00,100%
245.47,3.66,72.40,170.00,100%
245.50,3.69,-52.30,180.00,100%
245.53,3.69,-46.30,204.00,100%
245.56,3.69,-57.50,212.00,100%
245.59,3.69,25.80,96.00,100%
245.59,3.69,78.70,288.00,100%
245.62,3.69,-58.10,216.00,100%
245.64,3.69,-51.90,194.00,100%
245.67,3.69,-47.40,204.00,100%
245.70,3.68,9.90,58.00,100%
245.71,3.69,74.30,292.00,100%
245.73,3.69,-45.70,196.00,100%
245.76,3.69,-57.30,212.00,100%
245.79,3.70,-51.00,190.00,100%
245.82,3.69,24.60,92.00,100%
245.83,3.67,71.40,262.00,100%
245.86,3.69,-52.90,196.00,100%
245.88,3.69,-46.90,204.00,100%
245.91,3.69,-55.30,210.00,100%
245.94,3.68,5.80,98.00,100%
245.95,3.67,81.30,288.00,100%
245.97,3.69,-52.50,212.00,100%
246.00,3.69,-52.40,194.00,100%
246.03,3.69,-48.40,180.00,100%
246.06,3.69,17.70,66.00,100%
246.07,3.70,74.30,272.00,100%
246.10,3.69,-48.30,180.00,100%
246.12,3.69,-52.80,210.00,100%
246.15,3.69,-58.90,194.00,100%
246.18,3.67,27.10,98.00,100%
246.19,3.67,80.90,266.00,100%
246.22,3.69,-56.50,210.00,100%
246.24,3.69,-47.20,174.00,100%
246.28,3.70,-54.90,204.00,100%
246.30,3.69,17.60,66.00,100%
246.31,3.65,69.70,256.00,100%
246.33,3.69,-49.60,206.00,100%
246.36,3.69,-58.40,206.00,100%
246.39,3.69,-50.40,170.00,100%
246.42,3.67,28.50,72.00,100%
246.43,3.66,60.40,222.00,100%
246.46,3.69,-50.70,186.00,100%
246.48,3.69,-52.60,194.00,100%
246.51,3.70,-57.70,212.00,100%
246.54,3.67,25.10,92.00,100%
246.54,3.66,60.20,170.00,100%
246.57,3.69,-57.50,210.00,100%
246.60,3.69,-53.10,180.00,100%
246.63,3.69,-45.30,200.00,100%
246.66,3.67,19.30,88.00,100%
246.66,3.66,-40.90,150.00,100%
246.69,3.69,-57.70,212.00,100%
246.72,3.69,-54.40,200.00,100%
246.75,3.69,-46.10,170.00,100%
246.78,3.67,23.20,86.00,100%
246.79,3.70,-45.60,140.00,100%
246.82,3.69,-50.00,194.00,100%
246.85,3.69,-52.00,210.00,100%
246.87,3.69,-56.10,194.00,100%
246.90,3.67,26.90,98.00,100%
246.91,3.66,-48.80,180.00,100%
246.96,3.69,-55.50,206.00,100%
246.97,3.69,-49.20,184.00,100%
247.00,3.69,-53.30,196.00,100%
247.02,3.67,22.40,88.00,100%
247.02,3.66,30.50,140.00,100%
247.05,3.69,-48.30,206.00,100%
247.08,3.69,-55.80,210.00,100%
247.11,3.69,-49.30,184.00,100%
247.14,3.67,20.80,76.00,100%
247.15,3.66,-47.50,176.00,100%
247.18,3.69,-52.80,196.00,100%
247.21,3.69,-47.30,174.00,100%
247.23,3.69,-54.70,212.00,100%
247.26,3.67,20.30,96.00,100%
247.27,3.66,3.70,154.00,100%
247.30,3.69,-50.60,210.00,100%
247.32,3.69,-54.30,200.00,100%
247.35,3.69,-50.10,186.00,100%
247.38,3.67,23.70,88.00,100%
247.39,3.65,-12.10,46.00,100%
247.42,3.69,-50.00,184.00,100%
247.45,3.69,-48.60,210.00,100%
247.48,3.69,-55.60,206.00,100%
247.50,3.67,19.70,96.00,100%
247.50,3.66,-18.70,160.00,100%
247.53,3.69,-52.00,212.00,100%
247.56,3.69,-53.10,196.00,100%
247.59,3.69,-47.30,174.00,100%
247.62,3.67,21.40,78.00,100%
247.62,3.66,-32.50,122.00,100%
247.65,3.69,-49.40,184.00,100%
247.68,3.69,-50.10,210.00,100%
247.71,3.69,-58.40,210.00,100%
247.74,3.67,23.60,98.00,100%
247.74,3.65,84.60,132.00,100%
247.77,3.69,-58.90,216.00,100%
247.80,3.69,-50.30,186.00,100%
247.83,3.69,-49.60,184.00,100%
247.86,3.67,21.00,78.00,100%
247.87,3.66,-42.60,158.00,100%
247.90,3.69,-47.40,190.00,100%
247.92,3.69,-55.20,220.00,100%
247.95,3.69,-56.10,184.00,100%
247.98,3.67,27.40,98.00,100%
247.98,3.66,-49.80,184.00,100%
248.01,3.69,-56.20,206.00,100%
248.04,3.69,-49.30,184.00,100%
248.07,3.69,-54.10,200.00,100%
248.10,3.67,21.00,78.00,100%
248.10,3.67,-37.50,140.00,100%
248.13,3.69,-51.10,216.00,100%
248.16,3.69,-56.20,204.00,100%
248.19,3.69,-52.20,180.00,100%
248.22,3.67,20.30,76.00,100%
248.22,3.66,-49.90,184.00,100%
248.25,3.69,-48.70,180.00,100%
248.28,3.69,-50.80,186.00,100%
248.31,3.69,-56.90,210.00,100%
248.34,3.67,25.90,98.00,100%
248.34,3.68,-37.60,170.00,100%
248.37,3.69,-55.10,210.00,100%
248.40,3.69,-55.60,180.00,100%
248.43,3.69,-50.80,186.00,100%
248.49,3.67,18.00,66.00,100%
248.50,3.66,-43.30,160.00,100%
248.50,3.70,-47.70,176.00,100%
248.52,3.69,-55.60,206.00,100%
248.55,3.69,-55.00,176.00,100%
248.58,3.67,25.90,88.00,100%
248.58,3.66,77.20,180.00,100%
248.61,3.69,-56.40,194.00,100%
248.64,3.69,-47.50,176.00,100%
248.67,3.69,-57.20,212.00,100%
248.70,3.67,22.50,82.00,100%
248.70,3.66,-40.90,150.00,100%
248.73,3.69,-53.80,200.00,100%
248.76,3.69,-56.40,190.00,100%
248.79,3.69,-48.70,176.00,100%
248.82,3.67,24.70,68.00,100%
248.82,3.66,73.50,170.00,100%
248.85,3.69,-48.30,176.00,100%
248.91,3.69,-55.40,206.00,100%
248.91,3.69,-56.60,210.00,100%
248.94,3.68,27.90,102.00,100%
248.94,3.66,-41.40,154.00,100%
248.97,3.69,-56.30,204.00,100%
249.00,3.69,-52.80,176.00,100%
249.03,3.69,-47.00,204.00,100%
249.06,3.67,16.20,52.00,100%
249.06,3.66,-39.70,148.00,100%
249.09,3.69,-51.40,190.00,100%
249.12,3.69,-56.30,210.00,100%
249.15,3.69,-55.50,206.00,100%
249.18,3.68,30.60,112.00,100%
249.18,3.66,75.60,278.00,100%
249.21,3.69,-56.20,184.00,100%
249.24,3.69,-49.50,186.00,100%
249.27,3.69,-49.80,210.00,100%
249.30,3.67,19.00,76.00,100%
249.31,3.66,-40.90,150.00,100%
249.33,3.69,-53.90,200.00,100%
249.37,3.69,-58.40,216.00,100%
249.42,3.69,-49.30,184.00,100%
249.42,3.67,19.00,68.00,100%
249.42,3.70,-45.00,148.00,100%
249.45,3.69,-48.20,196.00,100%
249.48,3.69,-54.80,212.00,100%
249.51,3.69,-56.50,184.00,100%
249.54,3.67,25.50,92.00,100%
249.54,3.69,-49.70,184.00,100%
249.57,3.69,-53.00,196.00,100%
249.60,3.69,-48.20,176.00,100%
249.63,3.69,-55.80,206.00,100%
249.66,3.67,19.40,138.00,100%
249.66,3.69,-38.80,154.00,100%
249.69,3.69,-54.50,212.00,100%
249.72,3.69,-56.40,186.00,100%
249.75,3.69,-48.90,180.00,100%
249.78,3.67,17.10,62.00,100%
249.78,3.69,-43.90,160.00,100%
249.81,3.69,-47.80,176.00,100%
249.84,3.69,-55.80,206.00,100%
249.87,3.69,-56.30,184.00,100%
249.93,3.67,27.10,52.00,100%
249.93,3.70,-45.80,184.00,100%
249.93,3.69,-56.50,190.00,100%
249.96,3.69,-48.30,176.00,100%
249.99,3.69,-58.40,216.00,100%
250.02,3.67,21.50,78.00,100%
250.02,3.70,-38.70,144.00,100%
250.05,3.69,-55.80,206.00,100%
250.08,3.69,-55.90,206.00,100%
250.11,3.69,-47.90,190.00,100%
250.14,3.67,20.40,40.00,100%
250.14,3.70,-47.40,150.00,100%
250.17,3.69,-47.10,180.00,100%
250.23,3.69,-58.60,216.00,100%
250.23,3.69,-53.70,200.00,100%
250.26,3.67,27.60,102.00,100%
250.26,3.66,-46.10,170.00,100%
250.29,3.69,-56.80,210.00,100%
250.32,3.69,-48.90,180.00,100%
250.35,3.69,-52.60,216.00,100%
250.38,3.67,18.60,58.00,100%
250.39,3.70,-41.30,138.00,100%
250.41,3.69,-56.30,210.00,100%
250.44,3.69,-57.20,212.00,100%
250.47,3.69,-49.90,184.00,100%
250.50,3.67,24.10,88.00,100%
250.50,3.70,-47.90,176.00,100%
250.53,3.69,-51.20,176.00,100%
250.56,3.69,-48.30,206.00,100%
250.59,3.69,-55.00,210.00,100%
250.62,3.67,22.70,96.00,100%
250.63,3.69,-43.20,160.00,100%
250.66,3.69,-57.30,212.00,100%
250.68,3.69,-53.90,200.00,100%
250.71,3.69,-47.30,174.00,100%
250.74,3.67,20.00,122.00,100%
250.75,3.70,-45.20,140.00,100%
250.78,3.69,-51.50,194.00,100%
250.81,3.69,-51.50,210.00,100%
250.83,3.69,-55.80,196.00,100%
250.86,3.67,26.30,96.00,100%
250.87,3.66,-46.70,174.00,100%
250.90,3.69,-57.60,212.00,100%
250.92,3.69,-50.40,186.00,100%
250.95,3.69,-51.70,190.00,100%
250.98,3.67,18.90,42.00,100%
250.98,3.69,-43.40,150.00,100%
251.01,3.69,-47.60,206.00,100%
251.04,3.69,-54.90,210.00,100%
251.08,3.69,-51.00,186.00,100%
251.10,3.67,22.10,82.00,100%
251.11,3.66,-48.80,180.00,100%
251.13,3.69,-49.80,184.00,100%
251.16,3.69,-49.90,184.00,100%
251.19,3.69,-55.50,200.00,100%
251.22,3.67,21.10,68.00,100%
251.22,3.69,-37.30,168.00,100%
251.25,3.69,-54.50,210.00,100%
251.28,3.69,-51.50,190.00,100%
251.32,3.69,-53.00,196.00,100%
251.34,3.67,16.60,62.00,100%
251.34,3.66,-40.40,150.00,100%
251.37,3.69,-50.30,186.00,100%
251.40,3.69,-56.00,200.00,100%
251.43,3.69,-53.40,180.00,100%
251.46,3.67,27.80,52.00,100%
251.46,3.66,-42.10,174.00,100%
251.49,3.69,-50.90,186.00,100%
251.52,3.69,-54.40,200.00,100%
251.55,3.69,-58.20,216.00,100%
251.58,3.68,25.00,92.00,100%
251.58,3.70,-43.30,160.00,100%
251.61,3.69,-56.20,190.00,100%
251.64,3.69,-51.20,184.00,100%
251.67,3.69,-50.00,210.00,100%
251.70,3.67,21.80,76.00,100%
251.70,3.67,-39.30,144.00,100%
251.73,3.69,-56.20,206.00,100%
251.76,3.69,-57.10,210.00,100%
251.82,3.69,-49.50,184.00,100%
251.82,3.67,20.30,32.00,100%
251.82,3.67,-45.40,144.00,100%
251.85,3.69,-50.90,196.00,100%
251.88,3.69,-53.00,212.00,100%
251.91,3.69,-55.60,186.00,100%
251.94,3.67,24.10,88.00,100%
251.94,3.68,-48.50,180.00,100%
251.97,3.69,-52.80,196.00,100%
252.00,3.69,-48.90,180.00,100%
252.03,3.69,-57.00,210.00,100%
252.06,3.67,22.90,58.00,100%
252.06,3.68,-39.80,176.00,100%
252.10,3.69,-55.30,210.00,100%
252.16,3.69,-53.70,184.00,100%
252.16,3.69,-55.00,204.00,100%
252.19,3.67,18.20,66.00,100%
252.19,3.68,-40.40,150.00,100%
252.21,3.69,-52.00,194.00,100%
252.24,3.69,-57.10,210.00,100%
252.27,3.69,-48.70,174.00,100%
252.30,3.67,23.30,42.00,100%
252.30,3.68,-47.30,168.00,100%
252.33,3.69,-50.20,174.00,100%
252.36,3.69,-57.60,212.00,100%
252.39,3.69,-56.60,210.00,100%
252.42,3.67,25.10,92.00,100%
252.42,3.66,-46.00,170.00,100%
252.45,3.69,-57.00,210.00,100%
252.48,3.69,-48.40,184.00,100%
252.52,3.69,-54.40,220.00,100%
252.55,3.67,21.00,72.00,100%
252.55,3.69,-37.60,148.00,100%
252.57,3.69,-58.50,216.00,100%
252.60,3.69,-53.00,196.00,100%
252.63,3.69,-48.40,180.00,100%
252.66,3.67,17.90,66.00,100%
252.66,3.69,-45.70,168.00,100%
252.72,3.69,-46.10,196.00,100%
252.72,3.69,-56.30,216.00,100%
252.75,3.69,-55.40,184.00,100%
252.78,3.67,23.70,88.00,100%
252.78,3.69,-49.60,184.00,100%
252.81,3.69,-49.70,184.00,100%
252.84,3.69,-51.40,190.00,100%
252.87,3.69,-57.50,212.00,100%
252.90,3.67,24.10,108.00,100%
252.90,3.70,-37.60,170.00,100%
252.93,3.69,-58.10,212.00,100%
252.96,3.69,-53.20,180.00,100%
252.99,3.69,-45.20,200.00,100%
253.02,3.67,16.50,58.00,100%
253.02,3.70,-40.20,148.00,100%
253.05,3.69,-54.40,200.00,100%
253.08,3.69,-57.80,212.00,100%
253.11,3.69,-48.90,180.00,100%
253.14,3.67,23.70,40.00,100%
253.14,3.70,-49.90,170.00,100%
253.17,3.69,-49.50,176.00,100%
253.20,3.69,-49.10,210.00,100%
253.23,3.69,-55.60,206.00,100%
253.26,3.67,29.00,104.00,100%
253.26,3.66,-48.40,180.00,100%
253.29,3.69,-55.40,204.00,100%
253.32,3.69,-45.70,200.00,100%
253.35,3.69,-54.80,210.00,100%
253.39,3.67,19.40,78.00,100%
253.39,3.70,-38.60,160.00,100%
253.41,3.69,-57.20,212.00,100%
253.44,3.69,-50.40,186.00,100%
253.47,3.69,-50.00,184.00,100%
253.50,3.67,16.60,62.00,100%
253.50,3.66,-41.60,154.00,100%
253.53,3.69,-48.70,210.00,100%
253.56,3.69,-56.60,206.00,100%
253.59,3.69,-54.00,186.00,100%
253.62,3.67,30.70,68.00,100%
253.62,3.70,-47.50,176.00,100%
253.65,3.69,-51.50,190.00,100%
253.68,3.69,-53.00,196.00,100%
253.71,3.69,-59.00,220.00,100%
253.74,3.67,26.10,96.00,100%
253.74,3.69,-42.10,180.00,100%
253.77,3.69,-56.90,200.00,100%
253.80,3.69,-51.70,176.00,100%
253.83,3.69,-48.50,206.00,100%
253.86,3.67,18.90,68.00,100%
253.86,3.70,-41.50,154.00,100%
253.89,3.69,-54.00,200.00,100%
253.92,3.69,-58.00,212.00,100%
253.95,3.69,-48.90,180.00,100%
253.98,3.67,24.20,36.00,100%
253.99,3.70,-47.30,158.00,100%
254.01,3.69,-50.10,176.00,100%
254.04,3.69,-48.40,206.00,100%
254.07,3.69,-55.10,204.00,100%
254.10,3.67,24.20,88.00,100%
254.10,3.66,-45.00,168.00,100%
254.13,3.69,-58.10,216.00,100%
254.16,3.69,-50.30,186.00,100%
254.19,3.69,-51.90,212.00,100%
254.22,3.67,17.30,62.00,100%
254.22,3.70,-40.40,148.00,100%
254.25,3.69,-49.90,210.00,100%
254.28,3.69,-54.80,204.00,100%
254.31,3.69,-49.50,184.00,100%
254.34,3.67,20.00,72.00,100%
254.34,3.66,-49.00,180.00,100%
254.37,3.69,-50.00,184.00,100%
254.40,3.69,-52.70,210.00,100%
254.43,3.69,-57.60,190.00,100%
254.46,3.67,29.70,76.00,100%
254.46,3.66,26.90,176.00,100%
254.49,3.69,-53.90,200.00,100%
254.52,3.69,-49.20,180.00,100%
254.55,3.69,-56.10,206.00,100%
254.58,3.67,18.60,68.00,100%
254.59,3.66,-40.40,148.00,100%
254.61,3.69,-53.50,210.00,100%
254.64,3.69,-57.10,186.00,100%
254.67,3.69,-49.20,186.00,100%
254.70,3.67,25.40,66.00,100%
254.70,3.66,-41.60,154.00,100%
254.73,3.69,-50.30,186.00,100%
254.76,3.69,-56.80,210.00,100%
254.79,3.69,-53.40,196.00,100%
254.82,3.67,27.30,102.00,100%
254.82,3.66,-7.30,170.00,100%
254.85,3.69,-55.60,190.00,100%
254.88,3.69,-46.70,200.00,100%
254.91,3.69,-54.90,212.00,100%
254.94,3.67,24.20,88.00,100%
254.94,3.66,-45.30,168.00,100%
254.97,3.69,-57.50,212.00,100%
255.00,3.69,-49.20,180.00,100%
255.03,3.69,-51.00,190.00,100%
255.06,3.67,19.00,46.00,100%
255.06,3.69,-42.30,144.00,100%
255.09,3.69,-48.20,206.00,100%
255.12,3.69,-55.70,206.00,100%
255.15,3.69,-50.00,184.00,100%
255.18,3.67,19.80,72.00,100%
255.18,3.66,-47.80,176.00,100%
255.21,3.69,-50.20,186.00,100%
255.24,3.69,-52.40,194.00,100%
255.27,3.69,-56.20,190.00,100%
255.30,3.67,25.30,72.00,100%
255.30,3.66,-21.70,170.00,100%
255.33,3.69,-55.50,204.00,100%
255.36,3.69,-50.40,186.00,100%
255.39,3.69,-55.80,206.00,100%
255.42,3.67,18.20,66.00,100%
255.43,3.66,-41.30,150.00,100%
255.45,3.69,-52.10,194.00,100%
255.48,3.69,-55.70,194.00,100%
255.51,3.69,-52.30,180.00,100%
255.54,3.67,29.60,66.00,100%
255.54,3.66,-28.20,174.00,100%
255.57,3.69,-51.10,190.00,100%
255.60,3.69,-53.70,200.00,100%
255.63,3.69,-58.10,216.00,100%
255.66,3.68,24.60,92.00,100%
255.66,3.69,-40.10,148.00,100%
255.69,3.69,-55.50,204.00,100%
255.72,3.69,-55.70,190.00,100%
255.75,3.69,-48.10,196.00,100%
255.78,3.67,23.90,66.00,100%
255.84,3.66,-41.90,154.00,100%
255.84,3.69,-50.20,186.00,100%
255.84,3.69,-58.10,216.00,100%
255.87,3.69,-53.80,200.00,100%
255.90,3.66,28.40,104.00,100%
255.91,3.66,-25.30,174.00,100%
255.93,3.69,-57.60,186.00,100%
255.99,3.69,-49.20,190.00,100%
255.99,3.69,-51.80,210.00,100%
256.02,3.67,21.50,78.00,100%
256.02,3.66,-39.60,148.00,100%
256.05,3.69,-57.60,212.00,100%
256.08,3.69,-55.00,204.00,100%
256.11,3.69,-48.80,180.00,100%
256.14,3.67,21.80,50.00,100%
256.14,3.66,-36.50,154.00,100%
256.17,3.69,-49.20,186.00,100%
256.20,3.69,-57.40,212.00,100%
256.23,3.69,-53.10,196.00,100%
256.26,3.67,27.00,98.00,100%
256.26,3.66,-48.70,180.00,100%
256.29,3.69,-54.60,204.00,100%
256.32,3.69,-47.00,200.00,100%
256.35,3.69,-55.10,210.00,100%
256.38,3.67,21.00,78.00,100%
256.38,3.66,-32.50,158.00,100%
256.41,3.69,-57.10,210.00,100%
256.44,3.69,-51.40,190.00,100%
256.48,3.69,-49.70,184.00,100%
256.50,3.67,16.50,58.00,100%
256.50,3.67,-43.10,160.00,100%
256.53,3.69,-47.30,204.00,100%
256.56,3.69,-56.70,210.00,100%
256.59,3.69,-54.50,184.00,100%
256.62,3.67,30.90,78.00,100%
256.62,3.66,-47.90,176.00,100%
256.65,3.69,-50.00,184.00,100%
256.68,3.69,-51.70,190.00,100%
256.71,3.69,-58.60,216.00,100%
256.74,3.67,25.30,92.00,100%
256.74,3.66,-35.80,174.00,100%
256.77,3.69,-57.40,206.00,100%
256.80,3.69,-52.20,180.00,100%
256.83,3.69,-46.80,204.00,100%
256.86,3.67,17.90,66.00,100%
256.86,3.67,-42.10,154.00,100%
256.89,3.69,-53.00,196.00,100%
256.92,3.69,-57.80,212.00,100%
256.95,3.69,-48.50,180.00,100%
256.98,3.67,25.90,46.00,100%
256.99,3.67,-50.50,164.00,100%
257.04,3.69,-49.60,174.00,100%
257.04,3.69,-48.20,206.00,100%
257.07,3.69,-55.80,206.00,100%
257.10,3.67,25.40,92.00,100%
257.10,3.66,-45.30,168.00,100%
257.13,3.69,-56.90,210.00,100%
257.16,3.69,-49.20,180.00,100%
257.19,3.69,-52.50,210.00,100%
257.22,3.67,19.70,66.00,100%
257.22,3.67,-39.60,148.00,100%
257.25,3.69,-50.40,210.00,100%
257.28,3.69,-53.20,196.00,100%
257.31,3.69,-48.90,180.00,100%
257.34,3.67,18.50,68.00,100%
257.35,3.68,-44.80,164.00,100%
257.38,3.69,-46.30,170.00,100%
257.40,3.69,-54.00,210.00,100%
257.43,3.69,-56.80,190.00,100%
257.46,3.67,30.40,86.00,100%
257.47,3.68,-43.80,176.00,100%
257.49,3.69,-50.30,186.00,100%
257.52,3.69,-51.60,190.00,100%
257.55,3.69,-57.60,212.00,100%
257.58,3.67,24.30,88.00,100%
257.59,3.67,-40.50,150.00,100%
257.61,3.69,-55.80,200.00,100%
257.64,3.69,-53.80,180.00,100%
257.67,3.69,-47.60,204.00,100%
257.70,3.67,22.70,68.00,100%
257.70,3.67,-41.00,150.00,100%
257.73,3.69,-55.30,204.00,100%
257.76,3.69,-57.50,212.00,100%
257.79,3.69,-49.40,184.00,100%
257.82,3.67,21.80,30.00,100%
257.83,3.68,-46.20,148.00,100%
257.85,3.69,-51.70,196.00,100%
257.88,3.69,-52.40,212.00,100%
257.91,3.69,-56.20,190.00,100%
257.94,3.67,24.70,92.00,100%
257.94,3.66,-47.90,176.00,100%
257.97,3.69,-54.00,200.00,100%
258.00,3.69,-48.20,176.00,100%
258.03,3.69,-56.50,210.00,100%
258.06,3.67,24.60,82.00,100%
258.06,3.68,-39.00,174.00,100%
258.09,3.69,-55.60,210.00,100%
258.12,3.69,-49.30,184.00,100%
258.15,3.69,-54.70,204.00,100%
258.18,3.67,18.20,66.00,100%
258.18,3.68,-42.40,158.00,100%
258.21,3.69,-52.70,196.00,100%
258.24,3.69,-56.90,194.00,100%
258.27,3.69,-48.50,180.00,100%
258.30,3.67,25.50,56.00,100%
258.30,3.68,-47.30,160.00,100%
258.33,3.69,-47.40,174.00,100%
258.36,3.69,-57.90,212.00,100%
258.39,3.69,-54.20,200.00,100%
258.42,3.67,27.40,102.00,100%
258.42,3.66,-46.90,174.00,100%
258.45,3.69,-54.70,184.00,100%
258.48,3.69,-46.50,196.00,100%
258.51,3.69,-55.20,212.00,100%
258.54,3.67,21.50,98.00,100%
258.54,3.68,-42.80,158.00,100%
258.57,3.69,-59.20,220.00,100%
258.60,3.69,-48.90,180.00,100%
258.63,3.69,-51.90,194.00,100%
258.66,3.67,17.70,66.00,100%
258.67,3.68,-39.90,140.00,100%
258.70,3.69,-49.30,210.00,100%
258.72,3.69,-56.80,204.00,100%
258.75,3.69,-50.90,176.00,100%
258.78,3.67,19.30,72.00,100%
258.79,3.68,-48.20,176.00,100%
258.82,3.69,-48.70,180.00,100%
258.85,3.69,-55.40,206.00,100%
258.87,3.69,-56.90,210.00,100%
258.90,3.67,29.30,72.00,100%
258.90,3.68,-44.40,180.00,100%
258.93,3.69,-56.80,186.00,100%
258.96,3.69,-47.00,184.00,100%
258.99,3.69,-57.60,212.00,100%
259.02,3.67,21.30,78.00,100%
259.03,3.66,-38.70,144.00,100%
259.05,3.69,-57.00,210.00,100%
259.08,3.69,-54.40,200.00,100%
259.11,3.69,-45.60,196.00,100%
259.14,3.67,21.00,40.00,100%
259.15,3.68,-45.80,148.00,100%
259.18,3.69,-47.50,194.00,100%
259.21,3.69,-58.00,212.00,100%
259.23,3.69,-49.90,184.00,100%
259.26,3.67,23.80,88.00,100%
259.27,3.66,-48.20,176.00,100%
259.29,3.69,-50.30,186.00,100%
259.32,3.69,-47.90,204.00,100%
259.35,3.69,-58.00,210.00,100%
259.38,3.67,26.30,98.00,100%
259.39,3.69,-45.50,176.00,100%
259.42,3.69,-55.20,180.00,100%
259.44,3.69,-53.20,196.00,100%
259.47,3.69,-56.90,210.00,100%
259.50,3.67,22.80,82.00,100%
259.51,3.69,-40.70,150.00,100%
259.53,3.69,-56.50,204.00,100%
259.56,3.69,-51.90,176.00,100%
259.59,3.69,-48.30,206.00,100%
259.62,3.67,18.90,294.00,100%
259.62,3.68,-40.20,148.00,100%
259.65,3.69,-54.50,200.00,100%
259.68,3.69,-57.20,212.00,100%
259.71,3.69,-50.50,186.00,100%
259.74,3.67,17.70,66.00,100%
259.74,3.69,-47.50,168.00,100%
259.77,3.69,-51.50,174.00,100%
259.80,3.69,-48.30,206.00,100%
259.83,3.69,-55.70,210.00,100%
259.86,3.67,86.20,314.00,100%
259.87,3.68,-45.60,168.00,100%
259.89,3.69,-57.20,212.00,100%
259.92,3.69,-49.40,184.00,100%
259.95,3.69,-51.40,190.00,100%
259.98,3.67,14.10,150.00,100%
259.99,3.69,-41.40,140.00,100%
260.02,3.69,-48.40,206.00,100%
260.04,3.69,-56.00,210.00,100%
260.07,3.69,-49.40,184.00,100%
260.10,3.67,59.80,220.00,100%
260.11,3.68,-47.70,176.00,100%
260.14,3.69,-50.80,186.00,100%
260.16,3.69,-52.70,194.00,100%
260.19,3.69,-55.90,190.00,100%
260.22,3.67,25.00,246.00,100%
260.23,3.69,-41.30,174.00,100%
260.26,3.69,-56.20,196.00,100%
260.29,3.69,-48.10,176.00,100%
260.32,3.69,-57.60,212.00,100%
260.34,3.67,26.60,98.00,100%
260.35,3.68,-37.30,138.00,100%
260.38,3.69,-55.50,206.00,100%
260.41,3.69,-54.70,184.00,100%
260.43,3.69,-50.20,200.00,100%
260.46,3.67,21.80,312.00,100%
260.46,3.67,-46.10,148.00,100%
260.49,3.69,-52.20,194.00,100%
260.52,3.69,-58.40,216.00,100%
260.55,3.69,-51.90,194.00,100%
260.58,3.67,17.40,62.00,100%
260.59,3.70,-47.80,176.00,100%
260.62,3.69,-51.90,174.00,100%
260.64,3.69,-48.60,210.00,100%
260.67,3.69,-55.50,210.00,100%
260.70,3.67,21.80,334.00,100%
260.71,3.69,-45.80,170.00,100%
260.73,3.69,-57.50,212.00,100%
260.76,3.69,-51.40,190.00,100%
260.79,3.69,-52.30,194.00,100%
260.82,3.67,12.60,150.00,100%
260.82,3.68,-38.30,138.00,100%
260.85,3.69,-51.60,216.00,100%
260.88,3.69,-56.60,204.00,100%
260.91,3.69,-50.80,170.00,100%
260.94,3.67,66.10,242.00,100%
260.94,3.67,-47.00,174.00,100%
260.97,3.69,-49.90,184.00,100%
261.00,3.69,-54.00,200.00,100%
261.03,3.69,-57.10,190.00,100%
261.06,3.67,24.60,170.00,100%
261.06,3.69,-44.10,180.00,100%
261.09,3.69,-56.50,194.00,100%
261.12,3.69,-48.00,176.00,100%
261.15,3.69,-58.20,216.00,100%
261.19,3.67,36.40,134.00,100%
261.19,3.67,-38.60,144.00,100%
261.22,3.69,-56.00,206.00,100%
261.25,3.69,-55.40,176.00,100%
261.28,3.69,-48.30,194.00,100%
261.31,3.67,20.20,282.00,100%
261.31,3.69,-46.90,148.00,100%
261.33,3.69,-51.00,190.00,100%
261.36,3.69,-58.80,216.00,100%
261.39,3.69,-50.80,186.00,100%
261.42,3.67,13.80,50.00,100%
261.43,3.66,-47.90,176.00,100%
261.45,3.69,-51.60,176.00,100%
261.48,3.69,-47.50,206.00,100%
261.51,3.69,-56.10,210.00,100%
261.54,3.67,20.70,314.00,100%
261.54,3.69,-43.90,160.00,100%
261.57,3.69,-58.70,216.00,100%
261.60,3.69,-48.30,180.00,100%
261.63,3.69,-51.90,194.00,100%
261.66,3.67,12.80,148.00,100%
261.66,3.69,-39.20,138.00,100%
261.69,3.69,-50.30,212.00,100%
261.72,3.69,-56.40,204.00,100%
261.75,3.69,-51.50,180.00,100%
261.78,3.67,75.20,276.00,100%
261.79,3.66,-48.90,180.00,100%
261.81,3.69,-49.60,184.00,100%
261.84,3.69,-53.50,196.00,100%
261.87,3.69,-57.00,210.00,100%
261.90,3.67,25.50,204.00,100%
261.90,3.69,-43.80,184.00,100%
261.93,3.69,-56.40,194.00,100%
261.96,3.69,-48.50,176.00,100%
261.99,3.69,-58.20,216.00,100%
262.02,3.67,40.90,150.00,100%
262.03,3.69,-39.60,148.00,100%
262.06,3.69,-55.50,206.00,100%
262.09,3.69,-56.10,206.00,100%
262.11,3.69,-47.90,190.00,100%
262.14,3.67,20.10,250.00,100%
262.15,3.69,-47.20,150.00,100%
262.18,3.69,-47.50,184.00,100%
262.20,3.69,-58.70,216.00,100%
262.23,3.69,-51.80,190.00,100%
262.26,3.67,16.70,62.00,100%
262.27,3.66,-47.70,176.00,100%
262.30,3.69,-53.30,196.00,100%
262.32,3.69,-46.70,204.00,100%
262.35,3.69,-57.10,212.00,100%
262.39,3.67,20.70,354.00,100%
262.39,3.69,-44.00,164.00,100%
262.42,3.69,-58.60,216.00,100%
262.44,3.69,-49.00,180.00,100%
262.47,3.69,-53.60,200.00,100%
262.50,3.67,13.30,158.00,100%
262.50,3.69,-39.00,148.00,100%
262.53,3.69,-50.60,210.00,100%
262.56,3.69,-57.20,196.00,100%
262.59,3.69,-49.50,174.00,100%
262.62,3.67,80.30,294.00,100%
262.63,3.69,-47.30,174.00,100%
262.66,3.69,-48.40,180.00,100%
262.69,3.69,-56.20,206.00,100%
262.72,3.69,-56.90,210.00,100%
262.74,3.67,22.50,194.00,100%
262.75,3.69,-44.30,176.00,100%
262.77,3.69,-57.20,186.00,100%
262.80,3.69,-47.00,184.00,100%
262.83,3.69,-57.40,212.00,100%
262.86,3.67,48.90,176.00,100%
262.86,3.69,-38.80,144.00,100%
262.89,3.69,-57.20,212.00,100%
262.92,3.69,-54.20,200.00,100%
262.95,3.69,-44.90,196.00,100%
262.99,3.67,18.10,232.00,100%
262.99,3.69,-45.50,148.00,100%
263.01,3.69,-47.40,196.00,100%
263.04,3.69,-58.20,216.00,100%
263.07,3.69,-49.90,184.00,100%
263.10,3.67,19.20,68.00,100%
263.10,3.66,-48.10,176.00,100%
263.13,3.69,-50.50,186.00,100%
263.16,3.69,-47.90,206.00,100%
263.19,3.69,-58.40,210.00,100%
263.22,3.67,23.50,350.00,100%
263.22,3.69,-36.60,170.00,100%
263.25,3.69,-58.10,216.00,100%
263.28,3.69,-49.40,184.00,100%
263.31,3.69,-54.70,204.00,100%
263.34,3.67,11.80,168.00,100%
263.34,3.70,-40.80,150.00,100%
263.37,3.69,-51.10,210.00,100%
263.40,3.69,-58.80,200.00,100%
263.43,3.69,-48.70,176.00,100%
263.46,3.67,26.20,268.00,100%
263.46,3.69,-46.30,170.00,100%
263.49,3.69,-46.40,170.00,100%
263.52,3.69,-56.70,210.00,100%
263.55,3.69,-56.40,210.00,100%
263.58,3.67,21.20,164.00,100%
263.59,3.69,-43.00,174.00,100%
263.61,3.69,-58.40,190.00,100%
263.64,3.69,-49.40,184.00,100%
263.68,3.69,-50.50,210.00,100%
263.70,3.67,55.50,204.00,100%
263.71,3.70,-37.60,138.00,100%
263.74,3.69,-57.30,212.00,100%
263.76,3.69,-55.60,206.00,100%
263.79,3.69,-48.20,194.00,100%
263.82,3.67,20.30,232.00,100%
263.82,3.70,-49.20,154.00,100%
263.85,3.69,-49.20,180.00,100%
263.89,3.69,-56.70,210.00,100%
263.91,3.69,-54.80,204.00,100%
263.94,3.67,31.50,114.00,100%
263.94,3.70,-47.80,176.00,100%
263.97,3.69,-56.00,206.00,100%
264.00,3.69,-47.60,190.00,100%
264.03,3.69,-53.80,212.00,100%
264.06,3.67,18.70,358.00,100%
264.07,3.69,-40.00,148.00,100%
264.10,3.69,-56.90,210.00,100%
264.12,3.69,-54.50,200.00,100%
264.15,3.69,-46.70,174.00,100%
264.18,3.67,10.90,40.00,100%
264.19,3.69,-46.20,170.00,100%
264.21,3.69,-47.50,190.00,100%
264.24,3.69,-54.40,216.00,100%
264.28,3.69,-56.70,184.00,100%
264.30,3.67,26.20,282.00,100%
264.31,3.69,-47.50,176.00,100%
264.33,3.69,-54.60,204.00,100%
264.36,3.69,-47.20,174.00,100%
264.39,3.69,-56.40,210.00,100%
264.42,3.67,14.10,160.00,100%
264.43,3.69,-37.30,154.00,100%
264.46,3.69,-55.10,216.00,100%
264.49,3.69,-56.20,180.00,100%
264.52,3.69,-48.70,184.00,100%
264.54,3.67,55.40,204.00,100%
264.54,3.70,-44.90,168.00,100%
264.57,3.69,-47.50,176.00,100%
264.60,3.69,-56.50,210.00,100%
264.63,3.69,-55.40,204.00,100%
264.66,3.67,28.00,232.00,100%
264.67,3.69,-45.90,184.00,100%
264.72,3.69,-56.10,184.00,100%
264.73,3.69,-47.00,180.00,100%
264.76,3.69,-58.10,216.00,100%
264.79,3.67,28.00,102.00,100%
264.79,3.69,-36.60,134.00,100%
264.81,3.69,-55.40,206.00,100%
264.84,3.69,-56.40,210.00,100%
264.87,3.69,-48.30,184.00,100%
264.90,3.67,21.70,298.00,100%
264.91,3.70,-46.40,158.00,100%
264.94,3.69,-48.50,174.00,100%
264.96,3.69,-57.50,212.00,100%
264.99,3.69,-56.20,206.00,100%
265.02,3.67,15.10,56.00,100%
265.03,3.70,-43.80,160.00,100%
265.06,3.69,-56.80,210.00,100%
265.08,3.69,-48.50,176.00,100%
265.11,3.69,-50.60,216.00,100%
265.14,3.67,18.90,314.00,100%
265.15,3.69,-42.00,144.00,100%
265.17,3.69,-55.50,206.00,100%
265.20,3.69,-56.90,210.00,100%
265.23,3.69,-51.00,190.00,100%
265.26,3.67,18.80,134.00,100%
265.27,3.69,-47.80,164.00,100%
265.29,3.69,-50.30,170.00,100%
265.32,3.69,-49.20,210.00,100%
265.35,3.69,-55.80,206.00,100%
265.38,3.67,71.70,262.00,100%
265.39,3.69,-45.70,168.00,100%
265.42,3.69,-56.50,210.00,100%
265.44,3.69,-49.60,184.00,100%
265.47,3.69,-51.00,190.00,100%
265.50,3.67,17.70,212.00,100%
265.51,3.69,-41.00,134.00,100%
265.54,3.69,-48.70,206.00,100%
265.56,3.69,-56.20,206.00,100%
265.59,3.69,-48.70,180.00,100%
265.62,3.67,36.20,132.00,100%
265.63,3.70,-47.40,174.00,100%
265.66,3.69,-50.60,186.00,100%
265.69,3.69,-51.60,190.00,100%
265.72,3.69,-55.60,194.00,100%
265.74,3.67,24.40,314.00,100%
265.75,3.69,-40.00,174.00,100%
265.78,3.69,-56.10,204.00,100%
265.80,3.69,-49.40,184.00,100%
265.83,3.69,-56.40,210.00,100%
265.86,3.67,6.10,22.00,100%
265.87,3.70,-40.60,150.00,100%
265.89,3.69,-53.50,196.00,100%
265.92,3.69,-55.70,186.00,100%
265.96,3.69,-49.60,186.00,100%
265.98,3.67,24.00,288.00,100%
265.99,3.70,-46.60,160.00,100%
266.01,3.69,-48.80,180.00,100%
266.04,3.69,-57.40,212.00,100%
266.07,3.69,-54.70,204.00,100%
266.10,3.67,23.30,86.00,100%
266.11,3.70,-46.10,170.00,100%
266.14,3.69,-54.70,184.00,100%
266.17,3.69,-49.90,200.00,100%
266.19,3.69,-54.00,210.00,100%
266.22,3.67,19.50,298.00,100%
266.23,3.70,-43.30,160.00,100%
266.25,3.69,-57.90,212.00,100%
266.28,3.69,-51.50,190.00,100%
266.31,3.69,-49.90,184.00,100%
266.34,3.67,15.00,184.00,100%
266.34,3.69,-40.80,132.00,100%
266.37,3.69,-49.50,210.00,100%
266.40,3.69,-56.00,210.00,100%
266.43,3.69,-52.30,176.00,100%
266.46,3.67,39.70,144.00,100%
266.46,3.70,-47.50,176.00,100%
266.49,3.69,-50.50,186.00,100%
266.52,3.69,-53.30,196.00,100%
266.55,3.69,-57.00,186.00,100%
266.58,3.67,25.70,278.00,100%
266.59,3.69,-44.10,180.00,100%
266.61,3.69,-56.50,194.00,100%
266.64,3.69,-48.00,176.00,100%
266.67,3.69,-57.90,212.00,100%
266.70,3.67,11.80,42.00,100%
266.70,3.70,-39.20,144.00,100%
266.73,3.69,-56.50,210.00,100%
266.76,3.69,-53.80,184.00,100%
266.79,3.69,-46.00,200.00,100%
266.82,3.67,18.90,318.00,100%
266.82,3.70,-45.50,148.00,100%
266.85,3.69,-52.90,196.00,100%
266.89,3.69,-58.70,216.00,100%
266.91,3.69,-48.20,176.00,100%
266.94,3.67,17.70,66.00,100%
266.94,3.70,-48.00,176.00,100%
266.97,3.69,-48.30,170.00,100%
267.00,3.69,-49.70,212.00,100%
267.03,3.69,-56.60,204.00,100%
267.06,3.67,24.30,318.00,100%
267.06,3.70,-45.90,170.00,100%
267.09,3.69,-57.30,212.00,100%
267.12,3.69,-49.00,180.00,100%
267.15,3.69,-54.40,200.00,100%
267.19,3.67,14.00,196.00,100%
267.19,3.69,-38.60,148.00,100%
267.22,3.69,-53.50,216.00,100%
267.25,3.69,-56.50,190.00,100%
267.28,3.69,-47.70,176.00,100%
267.31,3.67,43.90,160.00,100%
267.31,3.71,-46.50,170.00,100%
267.34,3.69,-47.60,176.00,100%
267.36,3.69,-55.60,206.00,100%
267.39,3.69,-56.10,206.00,100%
267.42,3.67,27.80,262.00,100%
267.43,3.69,-45.70,184.00,100%
267.46,3.69,-56.10,184.00,100%
267.49,3.69,-46.10,184.00,100%
267.52,3.69,-58.10,216.00,100%
267.54,3.67,17.30,62.00,100%
267.55,3.70,-38.20,140.00,100%
267.58,3.69,-56.30,210.00,100%
267.60,3.69,-54.50,200.00,100%
267.63,3.69,-47.80,194.00,100%
267.66,3.67,18.80,298.00,100%
267.67,3.69,-46.40,144.00,100%
267.69,3.69,-47.90,190.00,100%
267.72,3.69,-58.40,216.00,100%
267.75,3.69,-50.80,186.00,100%
267.78,3.67,19.70,72.00,100%
267.79,3.69,-47.90,176.00,100%
267.81,3.69,-52.60,194.00,100%
267.84,3.69,-46.40,200.00,100%
267.87,3.69,-57.40,216.00,100%
267.90,3.67,20.70,294.00,100%
267.91,3.69,-37.90,160.00,100%
267.93,3.69,-58.70,216.00,100%
267.96,3.69,-47.90,176.00,100%
267.99,3.69,-52.60,194.00,100%
268.02,3.67,12.40,46.00,100%
268.02,3.69,-40.20,144.00,100%
268.05,3.69,-49.40,206.00,100%
268.08,3.69,-57.60,206.00,100%
268.12,3.69,-51.00,174.00,100%
268.14,3.67,52.60,194.00,100%
268.15,3.70,-48.40,180.00,100%
268.17,3.69,-48.70,180.00,100%
268.20,3.69,-55.20,204.00,100%
268.26,3.69,-57.30,212.00,100%
268.29,3.67,27.40,220.00,100%
268.29,3.69,-41.50,176.00,100%
268.30,3.69,-57.30,196.00,100%
268.32,3.69,-49.40,174.00,100%
268.35,3.69,-56.30,210.00,100%
268.38,3.67,19.00,68.00,100%
268.39,3.70,-39.10,144.00,100%
268.41,3.69,-54.90,204.00,100%
268.44,3.69,-57.20,212.00,100%
268.47,3.69,-46.40,180.00,100%
268.50,3.67,23.10,330.00,100%
268.50,3.70,-48.00,164.00,100%
268.53,3.69,-50.00,174.00,100%
268.56,3.69,-55.90,206.00,100%
268.59,3.69,-57.40,212.00,100%
268.62,3.67,18.60,68.00,100%
268.62,3.70,-44.20,164.00,100%
268.65,3.69,-57.00,210.00,100%
268.68,3.69,-47.70,174.00,100%
268.72,3.69,-50.20,212.00,100%
268.74,3.67,19.00,266.00,100%
268.75,3.69,-42.80,144.00,100%
268.77,3.69,-54.70,204.00,100%
268.80,3.69,-58.20,216.00,100%
268.83,3.69,-48.80,180.00,100%
268.86,3.67,19.60,72.00,100%
268.87,3.70,-47.30,174.00,100%
268.90,3.69,-51.90,176.00,100%
268.92,3.69,-48.10,206.00,100%
268.95,3.69,-54.40,210.00,100%
268.98,3.67,19.20,236.00,100%
268.99,3.70,-42.30,158.00,100%
269.02,3.69,-57.90,212.00,100%
269.04,3.69,-54.10,200.00,100%
269.07,3.69,-47.50,176.00,100%
269.10,3.67,20.00,210.00,100%
269.11,3.69,-45.50,144.00,100%
269.14,3.69,-51.00,194.00,100%
269.16,3.69,-50.90,210.00,100%
269.19,3.69,-55.80,196.00,100%
269.22,3.67,33.40,122.00,100%
269.23,3.69,-46.60,174.00,100%
269.25,3.69,-57.70,212.00,100%
269.28,3.69,-50.20,186.00,100%
269.31,3.69,-51.90,194.00,100%
269.34,3.67,19.00,322.00,100%
269.35,3.69,-42.60,148.00,100%
269.38,3.69,-48.00,206.00,100%
269.41,3.69,-55.10,184.00,100%
269.44,3.69,-51.50,190.00,100%
269.46,3.67,-7.50,26.00,100%
269.47,3.69,-40.80,150.00,100%
269.50,3.69,-49.60,184.00,100%
269.52,3.69,-56.30,210.00,100%
269.55,3.69,-52.90,176.00,100%
269.59,3.67,90.50,190.00,100%
269.59,3.69,-45.70,170.00,100%
269.62,3.69,-55.90,180.00,100%
269.64,3.69,-50.90,186.00,100%
269.67,3.69,-58.40,216.00,100%
269.71,3.67,15.90,58.00,100%
269.71,3.69,-38.80,144.00,100%
269.74,3.69,-56.30,210.00,100%
269.77,3.69,-53.20,176.00,100%
269.80,3.69,-49.50,200.00,100%
269.83,3.67,66.20,184.00,100%
269.83,3.69,-46.10,140.00,100%
269.85,3.69,-51.70,190.00,100%
269.89,3.69,-58.30,216.00,100%
269.92,3.69,-51.70,190.00,100%
269.95,3.67,59.00,216.00,100%
269.95,3.69,-47.40,140.00,100%
269.98,3.69,-52.10,176.00,100%
270.00,3.69,-48.00,206.00,100%
270.03,3.69,-54.70,206.00,100%
270.06,3.67,-31.50,118.00,100%
270.06,3.69,-45.00,168.00,100%
270.09,3.69,-58.40,216.00,100%
270.12,3.69,-50.30,186.00,100%
270.15,3.69,-51.40,190.00,100%
270.18,3.67,79.90,196.00,100%
270.19,3.69,-39.60,128.00,100%
270.21,3.69,-50.00,212.00,100%
270.24,3.69,-56.10,206.00,100%
270.31,3.69,-51.60,180.00,100%
270.31,3.67,22.10,82.00,100%
270.31,3.69,-47.50,176.00,100%
270.34,3.69,-51.10,186.00,100%
270.37,3.69,-53.10,196.00,100%
270.39,3.69,-56.70,210.00,100%
270.42,3.67,93.80,180.00,100%
270.42,3.69,-43.30,174.00,100%
270.45,3.69,-56.90,196.00,100%
270.48,3.69,-46.90,174.00,100%
270.52,3.69,-57.90,212.00,100%
270.54,3.67,56.80,210.00,100%
270.54,3.69,-40.80,150.00,100%
270.57,3.69,-55.50,204.00,100%
270.60,3.69,-55.80,176.00,100%
270.63,3.69,-49.20,194.00,100%
270.66,3.67,74.00,186.00,100%
270.67,3.69,-47.40,144.00,100%
270.69,3.69,-49.80,184.00,100%
270.72,3.69,-58.90,216.00,100%
270.75,3.69,-52.60,194.00,100%
270.78,3.67,53.90,200.00,100%
270.79,3.69,-47.60,176.00,100%
270.81,3.69,-54.10,180.00,100%
270.84,3.69,-49.60,200.00,100%
270.90,3.69,-54.30,212.00,100%
270.91,3.67,36.10,174.00,100%
270.91,3.69,-38.60,140.00,100%
270.93,3.69,-58.70,216.00,100%
270.96,3.69,-53.80,200.00,100%
270.99,3.69,-47.20,174.00,100%
271.02,3.67,74.30,210.00,100%
271.03,3.69,-45.20,140.00,100%
271.05,3.69,-50.30,200.00,100%
271.08,3.69,-52.80,210.00,100%
271.11,3.69,-55.70,186.00,100%
271.14,3.67,-8.30,30.00,100%
271.15,3.69,-48.60,180.00,100%
271.17,3.69,-54.60,200.00,100%
271.20,3.69,-46.80,174.00,100%
271.24,3.69,-54.90,204.00,100%
271.26,3.68,86.20,184.00,100%
271.27,3.69,-41.50,154.00,100%
271.29,3.69,-52.00,210.00,100%
271.32,3.69,-55.50,190.00,100%
271.35,3.69,-49.80,184.00,100%
271.39,3.67,64.90,240.00,100%
271.39,3.69,-45.70,168.00,100%
271.42,3.69,-47.50,174.00,100%
271.44,3.69,-55.20,204.00,100%
271.47,3.69,-55.40,180.00,100%
271.50,3.67,79.80,242.00,100%
271.50,3.69,-43.80,170.00,100%
271.56,3.69,-50.30,186.00,100%
271.57,3.69,-51.20,190.00,100%
271.59,3.69,-56.40,210.00,100%
271.62,3.67,47.90,176.00,100%
271.62,3.69,-38.20,140.00,100%
271.65,3.69,-55.50,210.00,100%
271.68,3.69,-54.90,184.00,100%
271.71,3.69,-48.80,200.00,100%
271.74,3.67,-44.80,168.00,100%
271.74,3.69,-39.20,144.00,100%
271.77,3.69,-53.40,196.00,100%
271.80,3.69,-57.60,212.00,100%
271.83,3.69,-51.30,190.00,100%
271.86,3.67,79.40,206.00,100%
271.86,3.69,-46.50,158.00,100%
271.89,3.69,-52.40,176.00,100%
271.92,3.69,-47.80,204.00,100%
271.95,3.69,-55.70,206.00,100%
271.98,3.67,-9.70,36.00,100%
271.98,3.69,-47.10,174.00,100%
272.01,3.69,-57.00,210.00,100%
272.04,3.69,-50.10,184.00,100%
272.08,3.69,-52.70,196.00,100%
272.10,3.67,78.40,194.00,100%
272.11,3.69,-40.00,148.00,100%
272.13,3.69,-50.40,206.00,100%
272.16,3.69,-55.40,196.00,100%
272.19,3.69,-49.00,180.00,100%
272.23,3.67,4.90,20.00,100%
272.23,3.70,-46.10,170.00,100%
272.26,3.69,-47.70,176.00,100%
272.29,3.69,-55.20,204.00,100%
272.32,3.69,-55.60,180.00,100%
272.34,3.67,72.90,170.00,100%
272.34,3.69,-43.60,170.00,100%
272.37,3.69,-55.70,184.00,100%
272.40,3.69,-51.00,190.00,100%
272.43,3.69,-56.50,210.00,100%
272.46,3.67,49.00,180.00,100%
272.46,3.69,-38.20,140.00,100%
272.49,3.69,-56.20,206.00,100%
272.52,3.70,-54.80,184.00,100%
272.56,3.69,-49.80,200.00,100%
272.58,3.67,-43.10,160.00,100%
272.59,3.69,-39.60,148.00,100%
272.61,3.69,-51.60,190.00,100%
272.64,3.69,-56.70,210.00,100%
272.67,3.69,-53.70,200.00,100%
272.70,3.67,87.50,200.00,100%
272.71,3.69,-46.60,170.00,100%
272.74,3.69,-55.50,184.00,100%
272.76,3.69,-48.50,194.00,100%
272.79,3.69,-53.30,212.00,100%
272.82,3.68,-5.50,20.00,100%
272.83,3.69,-41.60,154.00,100%
272.86,3.69,-57.00,210.00,100%
272.89,3.69,-54.60,204.00,100%
272.92,3.69,-46.60,174.00,100%
272.95,3.67,90.90,204.00,100%
272.95,3.69,-47.60,148.00,100%
272.98,3.69,-48.70,186.00,100%
273.00,3.69,-51.40,212.00,100%
273.03,3.69,-52.50,194.00,100%
273.07,3.67,70.20,256.00,100%
273.07,3.69,-47.00,174.00,100%
273.09,3.69,-54.90,204.00,100%
273.12,3.69,-46.60,174.00,100%
273.15,3.69,-53.30,210.00,100%
273.20,3.67,63.70,154.00,100%
273.20,3.69,-39.00,140.00,100%
273.22,3.69,-50.50,206.00,100%
273.25,3.69,-54.00,200.00,100%
273.27,3.69,-47.70,176.00,100%
273.30,3.67,49.50,184.00,100%
273.31,3.70,-46.00,170.00,100%
273.34,3.69,-48.30,176.00,100%
273.36,3.69,-53.10,210.00,100%
273.39,3.70,-58.20,190.00,100%
273.43,3.67,39.80,104.00,100%
273.43,3.69,-40.60,176.00,100%
273.45,3.69,-55.10,204.00,100%
273.49,3.69,-46.20,170.00,100%
273.52,3.69,-56.70,210.00,100%
273.55,3.67,77.10,286.00,100%
273.55,3.68,-39.80,148.00,100%
273.57,3.69,-52.60,210.00,100%
273.61,3.69,-57.50,194.00,100%
273.63,3.69,-48.20,176.00,100%
273.66,3.67,-6.70,26.00,100%
273.66,3.69,-46.80,174.00,100%
273.69,3.69,-46.30,170.00,100%
273.72,3.69,-55.80,206.00,100%
273.75,3.69,-56.80,210.00,100%
273.79,3.67,93.70,174.00,100%
273.79,3.69,-43.20,170.00,100%
273.81,3.69,-57.00,186.00,100%
273.84,3.69,-48.20,176.00,100%
273.87,3.69,-56.90,210.00,100%
273.90,3.67,18.40,68.00,100%
273.90,3.69,-36.70,134.00,100%
273.93,3.69,-55.70,206.00,100%
273.96,3.69,-56.30,210.00,100%
273.99,3.69,-47.50,186.00,100%
274.02,3.67,74.10,186.00,100%
274.03,3.69,-46.20,144.00,100%
274.05,3.69,-46.60,180.00,100%
274.08,3.69,-58.00,212.00,100%
274.11,3.69,-53.90,200.00,100%
274.14,3.67,62.40,230.00,100%
274.15,3.69,-46.40,170.00,100%
274.18,3.69,-55.70,206.00,100%
274.20,3.69,-47.30,186.00,100%
274.24,3.69,-55.30,220.00,100%
274.26,3.67,31.40,384.00,100%
274.26,3.69,-39.20,148.00,100%
274.29,3.69,-58.70,216.00,100%
274.32,3.69,-52.60,194.00,100%
274.35,3.69,-48.50,180.00,100%
274.38,3.67,79.60,292.00,100%
274.39,3.69,-46.00,144.00,100%
274.41,3.69,-47.80,194.00,100%
274.44,3.69,-55.30,216.00,100%
274.47,3.69,-56.60,184.00,100%
274.50,3.67,6.90,26.00,100%
274.50,3.70,-48.90,180.00,100%
274.53,3.69,-53.70,196.00,100%
274.56,3.69,-48.00,176.00,100%
274.59,3.69,-55.60,206.00,100%
274.62,3.67,85.70,164.00,100%
274.63,3.69,-40.30,144.00,100%
274.66,3.69,-52.10,212.00,100%
274.69,3.69,-56.90,196.00,100%
274.72,3.69,-46.90,174.00,100%
274.75,3.67,52.60,194.00,100%
274.75,3.70,-47.50,176.00,100%
274.77,3.69,-50.80,186.00,100%
274.80,3.69,-52.70,194.00,100%
274.83,3.69,-55.90,194.00,100%
274.86,3.67,76.40,144.00,100%
274.87,3.69,-39.50,170.00,100%
274.90,3.69,-55.90,206.00,100%
274.92,3.69,-50.00,184.00,100%
274.96,3.69,-55.00,204.00,100%
274.98,3.67,50.40,186.00,100%
274.99,3.70,-40.00,148.00,100%
275.02,3.69,-50.60,186.00,100%
275.05,3.69,-55.70,200.00,100%
275.07,3.69,-54.60,190.00,100%
275.10,3.67,42.50,78.00,100%
275.11,3.69,-45.00,176.00,100%
275.14,3.69,-51.50,190.00,100%
275.17,3.69,-51.90,194.00,100%
275.20,3.69,-57.70,212.00,100%
275.22,3.67,66.30,242.00,100%
275.23,3.70,-38.80,164.00,100%
275.25,3.69,-55.00,206.00,100%
275.29,3.69,-57.10,190.00,100%
275.31,3.69,-48.20,190.00,100%
275.34,3.67,3.00,10.00,100%
275.35,3.69,-42.90,158.00,100%
275.37,3.69,-48.20,176.00,100%
275.40,3.69,-57.40,212.00,100%
275.43,3.69,-55.60,206.00,100%
275.46,3.67,79.80,138.00,100%
275.46,3.69,-43.90,168.00,100%
275.49,3.69,-58.50,190.00,100%
275.52,3.69,-48.50,176.00,100%
275.55,3.69,-56.70,210.00,100%
275.58,3.67,25.50,96.00,100%
275.59,3.69,-38.80,144.00,100%
275.61,3.69,-55.90,206.00,100%
275.64,3.69,-57.60,212.00,100%
275.67,3.69,-47.90,180.00,100%
275.70,3.67,76.60,180.00,100%
275.71,3.69,-48.20,170.00,100%
275.74,3.69,-52.00,180.00,100%
275.76,3.69,-55.10,204.00,100%
275.80,3.69,-58.60,216.00,100%
275.82,3.67,50.30,184.00,100%
275.83,3.69,-43.10,160.00,100%
275.85,3.69,-57.40,212.00,100%
275.89,3.69,-50.00,170.00,100%
275.92,3.69,-48.80,210.00,100%
275.97,3.67,35.90,72.00,100%
275.98,3.69,-44.80,148.00,100%
275.98,3.69,-53.50,196.00,100%
276.00,3.69,-59.00,220.00,100%
276.03,3.69,-50.00,184.00,100%
276.06,3.67,86.50,318.00,100%
276.07,3.69,-47.70,176.00,100%
276.10,3.69,-52.10,176.00,100%
276.12,3.69,-48.10,206.00,100%
276.15,3.69,-54.70,210.00,100%
276.18,3.67,9.10,50.00,100%
276.19,3.69,-43.20,160.00,100%
276.21,3.69,-58.30,216.00,100%
276.25,3.69,-52.40,194.00,100%
276.27,3.69,-48.30,180.00,100%
276.30,3.67,78.30,194.00,100%
276.31,3.69,-43.80,138.00,100%
276.34,3.69,-50.30,204.00,100%
276.36,3.69,-54.10,212.00,100%
276.39,3.69,-55.20,180.00,100%
276.43,3.67,32.10,118.00,100%
276.43,3.69,-48.50,180.00,100%
276.46,3.69,-52.80,196.00,100%
276.48,3.69,-48.20,176.00,100%
276.51,3.69,-56.50,210.00,100%
276.55,3.67,71.90,144.00,100%
276.55,3.69,-39.90,174.00,100%
276.57,3.69,-55.10,212.00,100%
276.60,3.69,-54.80,180.00,100%
276.63,3.69,-53.30,196.00,100%
276.66,3.67,47.50,176.00,100%
276.67,3.69,-42.40,158.00,100%
276.70,3.69,-49.10,180.00,100%
276.72,3.69,-56.30,206.00,100%
276.76,3.69,-52.70,180.00,100%
276.78,3.67,45.40,348.00,100%
276.79,3.69,-46.30,176.00,100%
276.82,3.69,-49.80,184.00,100%
276.84,3.69,-54.60,204.00,100%
276.87,3.69,-56.80,210.00,100%
276.90,3.68,80.10,294.00,100%
276.91,3.69,-41.50,154.00,100%
276.93,3.69,-56.20,26.00,100%
276.96,3.69,-52.80,180.00,100%
276.99,3.69,-47.60,204.00,100%
277.02,3.67,11.50,16.00,100%
277.02,3.69,-40.60,150.00,100%
277.05,3.69,-53.00,196.00,100%
277.08,3.69,-56.90,210.00,100%
277.11,3.69,-52.90,196.00,100%
277.14,3.67,99.30,364.00,100%
277.14,3.69,-45.50,164.00,100%
277.17,3.69,-56.50,184.00,100%
277.20,3.69,-49.10,190.00,100%
277.23,3.69,-51.40,210.00,100%
277.26,3.67,30.40,112.00,100%
277.27,3.69,-39.00,144.00,100%
277.29,3.69,-55.30,204.00,100%
277.32,3.69,-57.40,212.00,100%
277.35,3.69,-48.30,176.00,100%
277.38,3.67,88.20,168.00,100%
277.39,3.69,-47.90,174.00,100%
277.42,3.69,-53.00,180.00,100%
277.44,3.69,-44.70,196.00,100%
277.47,3.69,-58.40,216.00,100%
277.50,3.67,48.20,176.00,100%
277.50,3.69,-39.30,144.00,100%
277.53,3.69,-57.20,212.00,100%
277.56,3.69,-54.90,204.00,100%
277.59,3.69,-47.00,190.00,100%
277.62,3.67,44.70,86.00,100%
277.62,3.70,-46.50,150.00,100%
277.66,3.69,-47.50,176.00,100%
277.69,3.69,-57.70,212.00,100%
277.71,3.69,-56.70,210.00,100%
277.74,3.67,75.30,278.00,100%
277.75,3.69,-44.10,164.00,100%
277.78,3.69,-57.20,212.00,100%
277.80,3.69,-48.70,174.00,100%
277.83,3.69,-50.50,212.00,100%
277.86,3.67,16.20,14.00,100%
277.87,3.69,-43.60,148.00,100%
277.89,3.69,-53.80,200.00,100%
277.92,3.69,-57.50,212.00,100%
277.95,3.69,-52.40,194.00,100%
277.98,3.68,98.40,360.00,100%
277.98,3.69,-46.70,174.00,100%
278.01,3.69,-54.70,184.00,100%
278.04,3.69,-50.80,196.00,100%
278.07,3.69,-52.20,210.00,100%
278.10,3.67,29.40,108.00,100%
278.10,3.69,-39.60,148.00,100%
278.13,3.69,-55.80,206.00,100%
278.16,3.69,-57.40,212.00,100%
278.19,3.69,-49.70,184.00,100%
278.22,3.67,85.00,170.00,100%
278.22,3.69,-46.40,158.00,100%
278.25,3.69,-52.20,180.00,100%
278.28,3.69,-48.20,206.00,100%
278.31,3.69,-55.10,210.00,100%
278.34,3.67,43.10,158.00,100%
278.35,3.69,-43.40,160.00,100%
278.38,3.69,-58.70,216.00,100%
278.40,3.69,-50.60,186.00,100%
278.43,3.69,-48.60,210.00,100%
278.46,3.67,60.20,86.00,100%
278.46,3.69,-45.90,150.00,100%
278.49,3.69,-46.40,200.00,100%
278.53,3.69,-57.50,212.00,100%
278.55,3.69,-50.50,186.00,100%
278.58,3.67,63.30,232.00,100%
278.58,3.69,-49.30,184.00,100%
278.61,3.69,-51.70,190.00,100%
278.65,3.69,-48.20,206.00,100%
278.67,3.69,-56.70,210.00,100%
278.73,3.67,29.20,26.00,100%
278.74,3.69,-36.60,164.00,100%
278.74,3.69,-57.40,212.00,100%
278.76,3.69,-51.30,190.00,100%
278.79,3.69,-51.20,190.00,100%
278.82,3.67,79.60,292.00,100%
278.82,3.71,-41.30,154.00,100%
278.85,3.69,-48.20,206.00,100%
278.91,3.69,-56.70,210.00,100%
278.92,3.69,-53.90,184.00,100%
278.95,3.67,99.20,364.00,100%
278.95,3.69,-47.50,176.00,100%
278.97,3.69,-50.20,186.00,100%
279.00,3.69,-50.10,186.00,100%
279.03,3.69,-58.10,216.00,100%
279.06,3.67,84.70,148.00,100%
279.07,3.68,-36.00,164.00,100%
279.10,3.69,-55.80,212.00,100%
279.12,3.69,-56.40,180.00,100%
279.15,3.69,-48.70,190.00,100%
279.18,3.67,35.40,132.00,100%
279.19,3.70,-44.00,164.00,100%
279.22,3.69,-47.30,174.00,100%
279.25,3.69,-56.90,210.00,100%
279.28,3.69,-55.80,206.00,100%
279.30,3.67,79.90,92.00,100%
279.31,3.69,-44.50,180.00,100%
279.33,3.69,-56.70,186.00,100%
279.36,3.69,-47.90,176.00,100%
279.40,3.69,-57.00,210.00,100%
279.43,3.66,2.70,10.00,100%
279.45,3.69,-42.10,154.00,100%
279.46,3.69,-57.20,210.00,100%
279.48,3.69,-51.50,190.00,100%
279.51,3.69,-48.00,176.00,100%
279.54,3.66,-5.70,216.00,100%
279.58,3.69,-47.80,72.00,100%
279.58,3.69,-48.50,186.00,100%
279.60,3.69,-51.20,210.00,100%
279.63,3.70,-54.00,200.00,100%
279.66,3.67,-44.70,164.00,100%
279.69,3.69,-45.10,168.00,100%
279.69,3.69,-56.80,210.00,100%
279.72,3.69,-49.40,184.00,100%
279.75,3.69,-51.50,210.00,100%
279.78,3.65,14.10,194.00,100%
279.81,3.69,-40.50,96.00,100%
279.82,3.69,-46.80,204.00,100%
279.84,3.69,-58.20,216.00,100%
279.87,3.69,-49.90,184.00,100%
279.90,3.67,-44.80,168.00,100%
279.93,3.69,-46.10,170.00,100%
279.94,3.69,-48.60,176.00,100%
279.96,3.69,-47.40,204.00,100%
279.99,3.69,-57.90,216.00,100%
280.02,3.65,-49.60,184.00,100%
280.05,3.69,-37.90,148.00,100%
280.06,3.69,-50.10,184.00,100%
280.08,3.69,-50.60,186.00,100%
280.11,3.69,-49.70,184.00,100%
280.14,3.67,-36.60,210.00,100%
280.17,3.69,-45.30,16.00,100%
280.18,3.69,-48.20,144.00,100%
280.20,3.69,-56.20,220.00,100%
280.23,3.69,-56.70,184.00,100%
280.26,3.65,-51.00,190.00,100%
280.29,3.69,-47.50,174.00,100%
280.30,3.69,-20.20,76.00,100%
280.32,3.69,-48.30,176.00,100%
280.35,3.69,-55.60,206.00,100%
280.38,3.66,-12.00,180.00,100%
280.41,3.69,-38.80,58.00,100%
280.42,3.69,-53.70,62.00,100%
280.45,3.69,-56.80,194.00,100%
280.47,3.69,-47.20,174.00,100%
280.50,3.66,-54.50,204.00,100%
280.53,3.69,-44.30,164.00,100%
280.53,3.69,9.30,32.00,100%
280.56,3.69,-53.60,196.00,100%
280.59,3.69,-56.90,190.00,100%
280.62,3.65,15.70,176.00,100%
280.65,3.69,-41.70,118.00,100%
280.65,3.69,-56.30,46.00,100%
280.68,3.69,-49.20,180.00,100%
280.74,3.69,-55.90,206.00,100%
280.75,3.67,-56.90,210.00,100%
280.75,3.69,-39.20,144.00,100%
280.78,3.69,-50.50,186.00,100%
280.80,3.69,-56.70,204.00,100%
280.83,3.69,-52.60,184.00,100%
280.86,3.65,102.30,158.00,100%
280.89,3.69,-45.90,160.00,100%
280.90,3.69,45.00,164.00,100%
280.92,3.69,-52.70,194.00,100%
280.96,3.69,-56.70,210.00,100%
280.98,3.67,-11.80,42.00,100%
280.99,3.69,-38.60,140.00,100%
281.02,3.69,-55.40,148.00,100%
281.05,3.69,-54.90,184.00,100%
281.07,3.69,-48.20,196.00,100%
281.10,3.65,-58.10,216.00,100%
281.11,3.69,-38.20,140.00,100%
281.13,3.69,-51.20,190.00,100%
281.16,3.69,-56.20,206.00,100%
281.19,3.69,-53.70,200.00,100%
281.22,3.66,-9.60,200.00,100%
281.23,3.69,-46.40,56.00,100%
281.26,3.69,-54.70,242.00,100%
281.28,3.69,-47.10,196.00,100%
281.31,3.69,-53.50,210.00,100%
281.35,3.66,-49.00,180.00,100%
281.35,3.69,-40.40,148.00,100%
281.37,3.69,-56.10,206.00,100%
281.40,3.69,-53.00,196.00,100%
281.43,3.69,-47.20,174.00,100%
281.46,3.66,3.90,216.00,100%
281.47,3.69,-44.40,82.00,100%
281.50,3.69,-45.90,276.00,100%
281.53,3.69,-53.60,210.00,100%
281.55,3.69,-48.30,176.00,100%
281.58,3.67,-46.30,170.00,100%
281.59,3.69,-44.80,164.00,100%
281.62,3.69,-52.20,194.00,100%
281.65,3.69,-47.40,174.00,100%
281.67,3.69,-54.70,206.00,100%
281.70,3.65,95.60,180.00,100%
281.71,3.69,-36.30,132.00,100%
281.73,3.70,-53.60,210.00,100%
281.76,3.69,-48.10,176.00,100%
281.79,3.69,-51.60,190.00,100%
281.82,3.67,-47.60,176.00,100%
281.82,3.69,-42.70,158.00,100%
281.85,3.69,-48.50,180.00,100%
281.88,3.69,-54.90,204.00,100%
281.92,3.69,-53.50,180.00,100%
281.94,3.65,92.30,196.00,100%
281.95,3.69,-45.20,164.00,100%
281.97,3.69,-47.80,176.00,100%
282.00,3.69,-52.30,194.00,100%
282.03,3.69,-56.50,210.00,100%
282.07,3.68,-21.70,174.00,100%
282.08,3.69,-39.70,148.00,100%
282.09,3.69,-55.10,272.00,100%
282.12,3.69,-53.40,184.00,100%
282.15,3.69,-46.00,200.00,100%
282.18,3.65,-58.10,216.00,100%
282.19,3.69,-35.40,132.00,100%
282.22,3.69,-52.80,194.00,100%
282.25,3.69,-56.80,210.00,100%
282.28,3.69,-51.20,190.00,100%
282.31,3.66,4.60,206.00,100%
282.34,3.69,-43.60,30.00,100%
282.34,3.69,-54.50,288.00,100%
282.37,3.69,-45.50,196.00,100%
282.39,3.69,-53.70,210.00,100%
282.42,3.66,-46.40,170.00,100%
282.46,3.69,-19.90,72.00,100%
282.46,3.69,-56.60,206.00,100%
282.49,3.69,-53.00,196.00,100%
282.52,3.69,-47.00,174.00,100%
282.54,3.66,16.20,212.00,100%
282.57,3.69,-44.80,32.00,100%
282.58,3.69,-47.70,286.00,100%
282.61,3.69,-52.50,210.00,100%
282.63,3.69,-51.10,190.00,100%
282.67,3.67,-41.80,154.00,100%
282.69,3.69,-34.50,128.00,100%
282.69,3.69,-53.90,196.00,100%
282.72,3.69,-46.50,170.00,100%
282.75,3.69,-54.00,206.00,100%
282.78,3.65,37.30,176.00,100%
282.81,3.69,-36.40,4.00,100%
282.82,3.69,-51.80,266.00,100%
282.85,3.69,-51.90,194.00,100%
282.87,3.69,-49.30,184.00,100%
282.91,3.67,-36.10,134.00,100%
282.93,3.70,-41.10,150.00,100%
282.94,3.69,-45.80,168.00,100%
282.96,3.69,-53.00,206.00,100%
282.99,3.69,-57.40,184.00,100%
283.02,3.65,-51.50,190.00,100%
283.05,3.69,-6.60,22.00,100%
283.06,3.69,-52.30,190.00,100%
283.08,3.69,-48.10,176.00,100%
283.12,3.69,-56.80,210.00,100%
283.15,3.67,-5.40,180.00,100%
283.17,3.69,-33.90,56.00,100%
283.17,3.70,-30.70,268.00,100%
283.20,3.69,-57.50,184.00,100%
283.23,3.69,-48.00,186.00,100%
283.26,3.66,-55.60,206.00,100%
283.29,3.69,-19.60,72.00,100%
283.30,3.69,-15.90,58.00,100%
283.32,3.69,-57.90,212.00,100%
283.35,3.69,-53.00,196.00,100%
283.38,3.65,24.90,210.00,100%
283.41,3.69,-43.10,10.00,100%
283.42,3.69,-55.90,36.00,100%
283.44,3.69,-45.90,194.00,100%
283.47,3.69,-57.00,210.00,100%
283.51,3.67,-41.30,154.00,100%
283.53,3.69,-30.60,112.00,100%
283.53,3.69,4.00,14.00,100%
283.56,3.69,-51.40,190.00,100%
283.59,3.69,-47.50,206.00,100%
283.62,3.65,34.00,206.00,100%
283.65,3.69,-43.20,10.00,100%
283.66,3.69,-45.70,62.00,100%
283.68,3.69,-57.00,210.00,100%
283.71,3.69,-49.00,180.00,100%
283.75,3.67,-30.70,114.00,100%
283.77,3.69,-46.00,170.00,100%
283.78,3.69,43.10,158.00,100%
283.80,3.69,-48.60,206.00,100%
283.83,3.69,-57.20,204.00,100%
283.86,3.65,42.60,176.00,100%
283.89,3.69,-38.30,22.00,100%
283.90,3.69,42.90,158.00,100%
283.92,3.69,-50.60,186.00,100%
283.95,3.69,-53.80,200.00,100%
283.98,3.67,-6.30,22.00,100%
284.01,3.69,-36.50,134.00,100%
284.02,3.69,-50.40,176.00,100%
284.04,3.69,-58.00,200.00,100%
284.07,3.69,-48.50,174.00,100%
284.10,3.65,-54.80,204.00,100%
284.16,3.69,-22.00,82.00,100%
284.17,3.69,75.00,276.00,100%
284.17,3.69,-55.60,206.00,100%
284.19,3.69,-56.60,210.00,100%
284.25,3.65,25.60,190.00,100%
284.26,3.69,-40.50,6.00,100%
284.26,3.69,-58.10,276.00,100%
284.28,3.69,-47.50,180.00,100%
284.31,3.69,-49.40,210.00,100%
284.35,3.67,-44.80,168.00,100%
284.37,3.69,-29.60,108.00,100%
284.37,3.69,72.30,266.00,100%
284.40,3.69,-55.50,206.00,100%
284.43,3.69,-48.70,180.00,100%
284.46,3.65,38.30,210.00,100%
284.49,3.69,-47.40,4.00,100%
284.50,3.69,-48.80,286.00,100%
284.52,3.69,-57.30,212.00,100%
284.55,3.69,-51.90,194.00,100%
284.58,3.67,-23.80,88.00,100%
284.61,3.69,-47.10,174.00,100%
284.62,3.69,-51.60,190.00,100%
284.64,3.69,-47.70,206.00,100%
284.67,3.69,-56.80,204.00,100%
284.70,3.65,41.80,174.00,100%
284.73,3.69,-38.50,30.00,100%
284.74,3.69,73.70,268.00,100%
284.77,3.69,-50.00,184.00,100%
284.82,3.69,-55.00,204.00,100%
284.83,3.67,0.50,4.00,100%
284.83,3.69,-37.20,138.00,100%
284.85,3.70,-53.20,266.00,100%
284.88,3.69,-57.00,186.00,100%
284.92,3.69,-48.10,190.00,100%
284.94,3.65,-54.50,204.00,100%
284.97,3.69,-21.00,78.00,100%
284.98,3.69,-52.30,194.00,100%
285.01,3.69,-57.30,212.00,100%
285.04,3.69,-49.00,180.00,100%
285.06,3.65,31.70,206.00,100%
285.09,3.69,-43.20,10.00,100%
285.10,3.69,-51.50,292.00,100%
285.13,3.69,-49.20,206.00,100%
285.16,3.69,-55.60,200.00,100%
285.18,3.67,-36.90,138.00,100%
285.21,3.69,-40.30,148.00,100%
285.22,3.69,-56.60,206.00,100%
285.25,3.69,-48.10,176.00,100%
285.28,3.69,-54.90,204.00,100%
285.31,3.64,36.30,190.00,100%
285.34,3.69,-40.90,4.00,100%
285.34,3.69,-53.50,266.00,100%
285.36,3.69,-49.40,184.00,100%
285.39,3.69,-51.50,190.00,100%
285.42,3.67,-21.40,78.00,100%
285.46,3.69,-41.80,154.00,100%
285.46,3.69,-47.80,174.00,100%
285.49,3.69,-55.30,210.00,100%
285.52,3.69,-55.00,184.00,100%
285.55,3.65,46.20,194.00,100%
285.57,3.69,-45.10,50.00,100%
285.58,3.69,-48.90,180.00,100%
285.60,3.69,-51.80,190.00,100%
285.63,3.69,-57.00,210.00,100%
285.66,3.67,12.00,46.00,100%
285.69,3.69,-36.20,134.00,100%
285.70,3.69,-54.30,268.00,100%
285.72,3.69,-56.20,190.00,100%
285.75,3.69,-47.50,194.00,100%
285.78,3.66,-52.80,196.00,100%
285.81,3.69,-25.90,96.00,100%
285.82,3.69,-50.20,184.00,100%
285.84,3.69,-57.00,210.00,100%
285.87,3.69,-53.00,196.00,100%
285.90,3.65,44.60,200.00,100%
285.93,3.69,-42.80,0.00,100%
285.94,3.69,-56.90,190.00,100%
285.96,3.69,-48.10,190.00,100%
285.99,3.69,-52.10,210.00,100%
286.02,3.67,-34.40,128.00,100%
286.06,3.69,-35.50,132.00,100%
286.06,3.69,-50.70,186.00,100%
286.08,3.69,-54.60,204.00,100%
286.11,3.69,-46.50,200.00,100%
286.14,3.65,37.50,212.00,100%
286.17,3.70,-48.30,14.00,100%
286.18,3.69,-48.70,154.00,100%
286.20,3.69,-57.00,210.00,100%
286.23,3.69,-53.90,200.00,100%
286.26,3.67,-2.10,6.00,100%
286.29,3.69,-46.30,170.00,100%
286.30,3.70,-37.60,138.00,100%
286.32,3.69,-47.30,190.00,100%
286.35,3.69,-54.70,216.00,100%
286.38,3.65,36.20,176.00,100%
286.41,3.69,-39.50,56.00,100%
286.42,3.69,-44.00,160.00,100%
286.45,3.69,-54.60,204.00,100%
286.48,3.69,-46.40,170.00,100%
286.53,3.66,19.70,72.00,100%
286.54,3.69,-44.60,36.00,100%
286.54,3.69,-27.20,292.00,100%
286.57,3.69,-54.40,220.00,100%
286.59,3.69,-56.10,190.00,100%
286.62,3.67,-41.60,154.00,100%
286.65,3.69,-36.20,134.00,100%
286.66,3.69,-40.10,148.00,100%
286.69,3.69,-49.40,184.00,100%
286.71,3.69,-55.10,204.00,100%
286.75,3.65,-32.30,184.00,100%
286.78,3.69,-38.10,0.00,100%
286.78,3.69,-53.60,184.00,100%
286.80,3.69,-56.60,190.00,100%
286.83,3.69,-48.10,176.00,100%
286.86,3.67,-56.00,206.00,100%
286.89,3.69,-42.10,154.00,100%
286.90,3.69,-30.80,112.00,100%
286.93,3.69,-55.60,206.00,100%
286.95,3.69,-55.10,180.00,100%
286.98,3.65,2.80,186.00,100%
287.01,3.69,-44.00,36.00,100%
287.02,3.69,-56.50,114.00,100%
287.05,3.69,-48.90,180.00,100%
287.08,3.69,-58.00,212.00,100%
287.10,3.67,-50.50,186.00,100%
287.13,3.69,-36.00,132.00,100%
287.14,3.69,-25.50,92.00,100%
287.17,3.69,-54.80,180.00,100%
287.19,3.69,-49.80,196.00,100%
287.22,3.65,25.80,210.00,100%
287.25,3.69,-46.00,82.00,100%
287.26,3.69,-22.20,82.00,100%
287.28,3.69,-57.00,210.00,100%
287.31,3.69,-53.90,200.00,100%
287.34,3.66,-37.30,204.00,100%
287.37,3.69,-44.50,0.00,100%
287.38,3.69,-54.90,96.00,100%
287.40,3.69,-50.70,196.00,100%
287.43,3.69,-52.80,212.00,100%
287.46,3.67,-52.80,196.00,100%
287.49,3.69,-35.70,132.00,100%
287.50,3.69,-23.30,86.00,100%
287.52,3.69,-56.20,206.00,100%
287.55,3.69,-48.50,180.00,100%
287.58,3.65,-24.10,216.00,100%
287.61,3.69,-46.60,6.00,100%
287.62,3.69,-50.00,78.00,100%
287.64,3.69,-51.30,210.00,100%
287.67,3.69,-52.50,194.00,100%
287.71,3.67,-46.60,174.00,100%
287.73,3.69,-44.90,164.00,100%
287.74,3.69,-19.50,72.00,100%
287.76,3.69,-48.70,180.00,100%
287.79,3.69,-52.20,210.00,100%
287.82,3.65,1.60,184.00,100%
287.85,3.69,-38.10,46.00,100%
287.86,3.69,-49.50,76.00,100%
287.88,3.69,-55.00,204.00,100%
287.91,3.69,-47.10,174.00,100%
287.94,3.67,-51.20,190.00,100%
287.97,3.69,-45.30,168.00,100%
287.98,3.69,-3.80,14.00,100%
288.00,3.69,-51.40,206.00,100%
288.03,3.69,-58.50,200.00,100%
288.06,3.66,45.60,174.00,100%
288.09,3.69,-38.70,124.00,100%
288.10,3.69,-12.00,42.00,100%
288.12,3.69,-48.60,180.00,100%
288.15,3.69,-55.80,206.00,100%
288.18,3.67,-43.40,160.00,100%
288.21,3.69,-39.00,6.00,100%
288.22,3.69,-50.50,66.00,100%
288.24,3.69,-57.30,196.00,100%
288.27,3.69,-50.20,174.00,100%
288.30,3.67,-56.80,210.00,100%
288.33,3.69,-45.50,168.00,100%
288.34,3.69,-4.10,16.00,100%
288.36,3.69,-54.40,200.00,100%
288.39,3.69,-57.40,212.00,100%
288.42,3.65,103.70,176.00,100%
288.45,3.69,-40.80,36.00,100%
288.46,3.69,-56.40,52.00,100%
288.48,3.69,-51.70,180.00,100%
288.51,3.69,-55.20,204.00,100%
288.54,3.67,-55.80,206.00,100%
288.57,3.69,-38.10,140.00,100%
288.58,3.69,-1.10,4.00,100%
288.60,3.69,-57.10,210.00,100%
288.63,3.69,-50.30,170.00,100%
288.66,3.65,17.90,204.00,100%
288.69,3.69,-46.10,86.00,100%
288.70,3.69,-53.80,14.00,100%
288.72,3.69,-53.70,200.00,100%
288.75,3.69,-57.20,212.00,100%
288.78,3.67,-44.10,164.00,100%
288.81,3.69,-37.40,138.00,100%
288.82,3.69,-56.20,206.00,100%
288.84,3.69,-54.10,180.00,100%
288.87,3.69,-49.30,200.00,100%
288.90,3.66,54.30,210.00,100%
288.93,3.69,-34.00,124.00,100%
288.94,3.69,0.70,4.00,100%
288.97,3.69,-56.50,210.00,100%
289.00,3.69,-54.50,200.00,100%
289.02,3.67,-26.50,204.00,100%
289.05,3.69,-45.40,4.00,100%
289.06,3.69,-55.90,14.00,100%
289.09,3.69,-48.70,194.00,100%
289.12,3.69,-52.90,210.00,100%
289.15,3.67,-51.50,190.00,100%
289.18,3.69,-40.00,148.00,100%
289.18,3.69,-0.30,0.00,100%
289.21,3.69,-53.70,200.00,100%
289.24,3.69,-46.60,174.00,100%
289.27,3.65,-6.00,212.00,100%
289.30,3.69,-47.80,46.00,100%
289.30,3.69,-48.50,4.00,100%
289.33,3.69,-50.80,210.00,100%
289.36,3.69,-53.50,196.00,100%
289.39,3.68,-45.80,170.00,100%
289.42,3.69,-45.20,168.00,100%
289.42,3.69,-10.20,36.00,100%
289.44,3.69,-52.40,194.00,100%
289.47,3.69,-56.00,194.00,100%
289.50,3.70,-50.90,184.00,100%
289.53,3.68,-25.10,68.00,100%
289.54,3.70,-9.30,272.00,100%
289.56,3.69,-48.20,176.00,100%
289.59,3.69,-56.40,210.00,100%
289.62,3.67,-57.90,212.00,100%
289.65,3.69,3.20,14.00,100%
289.66,3.69,-12.50,46.00,100%
289.68,3.69,-55.60,190.00,100%
289.71,3.69,-51.50,180.00,100%
289.75,3.70,-48.30,206.00,100%
289.78,3.69,13.40,50.00,100%
289.78,3.69,80.00,292.00,100%
289.80,3.69,-54.90,204.00,100%
289.83,3.69,-57.60,212.00,100%
289.86,3.70,-48.60,180.00,100%
289.89,3.69,-4.70,68.00,100%
289.90,3.69,-27.70,278.00,100%
289.92,3.69,-53.10,180.00,100%
289.96,3.69,-47.00,204.00,100%
289.98,3.69,-58.30,216.00,100%
290.01,3.69,17.40,62.00,100%
290.02,3.69,77.50,282.00,100%
290.05,3.69,-58.60,216.00,100%
290.08,3.69,-51.80,190.00,100%
290.11,3.70,-46.00,200.00,100%
290.13,3.69,-22.10,58.00,100%
290.14,3.69,-31.60,288.00,100%
290.16,3.69,-49.30,186.00,100%
290.19,3.69,-56.90,210.00,100%
290.22,3.68,-53.50,196.00,100%
290.26,3.69,10.20,36.00,100%
290.26,3.69,73.60,268.00,100%
290.28,3.69,-57.40,212.00,100%
290.31,3.69,-47.70,176.00,100%
290.34,3.70,-50.50,210.00,100%
290.37,3.69,-37.30,58.00,100%
290.38,3.69,-13.90,292.00,100%
290.41,3.69,-52.90,196.00,100%
290.43,3.69,-58.50,216.00,100%
290.46,3.67,-52.70,194.00,100%
290.49,3.69,0.90,4.00,100%
290.50,3.69,-14.00,52.00,100%
290.53,3.69,-55.10,176.00,100%
290.55,3.69,-51.20,196.00,100%
290.58,3.69,-51.00,210.00,100%
290.61,3.69,14.80,56.00,100%
290.62,3.69,81.00,294.00,100%
290.64,3.69,-55.60,206.00,100%
290.67,3.69,-57.40,212.00,100%
290.70,3.70,-49.70,184.00,100%
290.73,3.69,-10.60,68.00,100%
290.74,3.69,-3.70,278.00,100%
290.76,3.69,-52.70,180.00,100%
290.79,3.69,-47.40,204.00,100%
290.82,3.68,-58.20,216.00,100%
290.85,3.69,17.10,62.00,100%
290.86,3.69,78.40,286.00,100%
290.88,3.69,-58.50,216.00,100%
290.91,3.70,-52.00,194.00,100%
290.94,3.70,-47.10,200.00,100%
290.97,3.69,-27.80,56.00,100%
290.98,3.69,5.50,292.00,100%
291.01,3.69,-47.90,190.00,100%
291.04,3.69,-57.20,212.00,100%
291.06,3.68,-50.70,186.00,100%
291.09,3.69,7.30,26.00,100%
291.10,3.69,2.50,10.00,100%
291.13,3.69,-55.70,206.00,100%
291.16,3.69,-46.90,190.00,100%
291.18,3.70,-53.50,210.00,100%
291.21,3.69,-42.90,78.00,100%
291.22,3.69,21.20,294.00,100%
291.25,3.69,-58.10,216.00,100%
291.28,3.69,-55.10,204.00,100%
291.30,3.66,-46.50,170.00,100%
291.33,3.69,-1.60,6.00,100%
291.34,3.69,12.20,46.00,100%
291.39,3.69,-48.00,184.00,100%
291.40,3.69,-53.90,220.00,100%
291.43,3.65,-52.90,196.00,100%
291.46,3.69,23.20,86.00,100%
291.46,3.69,71.80,262.00,100%
291.49,3.69,-55.60,206.00,100%
291.51,3.69,-49.80,184.00,100%
291.54,3.70,-53.60,200.00,100%
291.57,3.69,-18.80,92.00,100%
291.58,3.69,28.20,298.00,100%
291.60,3.69,-51.20,212.00,100%
291.63,3.69,-56.20,204.00,100%
291.66,3.68,-47.90,176.00,100%
291.69,3.69,6.10,22.00,100%
291.70,3.69,16.60,62.00,100%
291.72,3.69,-51.10,190.00,100%
291.75,3.69,-52.00,194.00,100%
291.78,3.69,-58.10,200.00,100%
291.79,3.69,-30.90,98.00,100%
291.81,3.69,32.10,268.00,100%
291.85,3.69,-55.50,210.00,100%
291.87,3.69,-49.90,184.00,100%
291.91,3.67,-52.60,194.00,100%
291.91,3.69,-0.20,0.00,100%
291.94,3.69,27.80,102.00,100%
291.96,3.69,-50.20,186.00,100%
291.99,3.69,-55.50,200.00,100%
292.02,3.70,-51.70,170.00,100%
292.05,3.69,-35.10,56.00,100%
292.06,3.69,35.00,268.00,100%
292.09,3.69,-50.90,186.00,100%
292.11,3.69,-53.00,196.00,100%
292.14,3.66,-57.60,212.00,100%
292.17,3.69,-7.40,26.00,100%
292.18,3.69,41.40,150.00,100%
292.20,3.69,-55.90,204.00,100%
292.23,3.69,-54.00,176.00,100%
292.27,3.69,-45.40,200.00,100%
292.29,3.69,3.90,14.00,100%
292.30,3.69,40.50,148.00,100%
292.33,3.69,-50.30,186.00,100%
292.36,3.69,-58.30,216.00,100%
292.38,3.70,-52.10,194.00,100%
292.41,3.69,-19.10,78.00,100%
292.42,3.69,54.30,262.00,100%
292.44,3.69,-56.40,180.00,100%
292.48,3.69,-48.90,184.00,100%
292.50,3.68,-58.10,216.00,100%
292.53,3.69,1.90,6.00,100%
292.54,3.69,64.60,236.00,100%
292.57,3.69,-53.40,196.00,100%
292.60,3.69,-57.20,212.00,100%
292.62,3.69,-50.80,174.00,100%
292.65,3.69,-34.50,72.00,100%
292.66,3.69,69.10,268.00,100%
292.68,3.69,-54.70,176.00,100%
292.72,3.69,-52.00,194.00,100%
292.74,3.66,-56.60,210.00,100%
292.77,3.69,-1.20,4.00,100%
292.78,3.69,75.00,276.00,100%
292.81,3.69,-53.10,196.00,100%
292.83,3.69,-56.20,190.00,100%
292.86,3.70,-50.50,170.00,100%
292.89,3.69,-35.70,42.00,100%
292.90,3.69,-54.50,240.00,100%
292.93,3.69,-51.10,190.00,100%
292.96,3.69,-48.90,180.00,100%
292.99,3.65,-56.70,210.00,100%
293.02,3.69,-16.10,58.00,100%
293.02,3.69,80.10,292.00,100%
293.05,3.69,-51.60,212.00,100%
293.08,3.69,-56.80,204.00,100%
293.10,3.68,-49.20,180.00,100%
293.13,3.69,6.80,26.00,100%
293.14,3.69,69.80,256.00,100%
293.17,3.69,-52.20,194.00,100%
293.19,3.69,-46.80,174.00,100%
293.23,3.70,-53.60,210.00,100%
293.25,3.69,-32.70,88.00,100%
293.25,3.69,79.40,292.00,100%
293.28,3.69,-48.20,206.00,100%
293.31,3.69,-55.00,210.00,100%
293.34,3.68,-51.10,190.00,100%
293.38,3.69,0.80,4.00,100%
293.38,3.69,71.70,262.00,100%
293.40,3.69,-52.80,196.00,100%
293.43,3.69,-46.10,170.00,100%
293.46,3.70,-56.80,220.00,100%
293.49,3.69,-46.40,68.00,100%
293.50,3.69,-48.10,294.00,100%
293.52,3.69,-56.70,210.00,100%
293.56,3.69,-56.70,210.00,100%
293.58,3.67,-48.80,180.00,100%
293.62,3.69,-6.30,22.00,100%
293.62,3.69,71.70,262.00,100%
293.65,3.69,-49.80,174.00,100%
293.68,3.69,-48.10,206.00,100%
293.70,3.69,-55.50,210.00,100%
293.73,3.69,-43.90,50.00,100%
293.74,3.69,77.70,286.00,100%
293.76,3.69,-58.40,216.00,100%
293.79,3.69,-52.20,194.00,100%
293.83,3.64,-47.70,176.00,100%
293.85,3.69,-23.40,86.00,100%
293.86,3.69,-54.60,294.00,100%
293.88,3.69,-50.90,194.00,100%
293.92,3.69,-51.60,210.00,100%
293.95,3.68,-52.30,194.00,100%
293.97,3.69,7.10,26.00,100%
293.98,3.69,73.00,266.00,100%
294.00,3.69,-56.80,210.00,100%
294.03,3.69,-49.30,184.00,100%
294.07,3.70,-51.80,210.00,100%
294.09,3.69,-41.20,72.00,100%
294.10,3.69,-50.70,292.00,100%
294.12,3.69,-49.10,210.00,100%
294.15,3.69,-55.30,204.00,100%
294.19,3.67,-49.00,180.00,100%
294.19,3.70,-1.00,4.00,100%
294.22,3.69,70.80,258.00,100%
294.25,3.70,-48.90,180.00,100%
294.28,3.69,-48.90,206.00,100%
294.30,3.69,-57.70,206.00,100%
294.34,3.69,-41.80,72.00,100%
294.34,3.69,-45.90,276.00,100%
294.37,3.69,-57.70,212.00,100%
294.39,3.69,-50.10,186.00,100%
294.42,3.65,-51.00,190.00,100%
294.45,3.69,-14.80,56.00,100%
294.46,3.69,-53.50,196.00,100%
294.48,3.69,-45.50,196.00,100%
294.51,3.69,-56.50,220.00,100%
294.55,3.69,-53.30,180.00,100%
294.57,3.69,9.10,32.00,100%
294.58,3.69,70.70,258.00,100%
294.60,3.69,-53.00,196.00,100%
294.63,3.69,-47.90,176.00,100%
294.66,3.70,-55.70,206.00,100%
294.69,3.69,-32.50,98.00,100%
294.70,3.69,-49.00,288.00,100%
294.72,3.69,-53.10,216.00,100%
294.75,3.69,-56.70,194.00,100%
294.78,3.67,-48.60,180.00,100%
294.81,3.68,-0.10,0.00,100%
294.82,3.69,73.50,268.00,100%
294.84,3.69,-50.20,186.00,100%
294.87,3.69,-53.20,196.00,100%
294.90,3.70,-57.90,194.00,100%
294.93,3.69,-38.60,78.00,100%
294.94,3.69,-48.90,268.00,100%
294.96,3.69,-55.50,206.00,100%
295.00,3.69,-50.30,186.00,100%
295.03,3.66,-53.30,196.00,100%
295.05,3.69,-7.90,30.00,100%
295.06,3.69,-49.00,180.00,100%
295.09,3.69,-50.70,186.00,100%
295.12,3.69,-56.00,196.00,100%
295.15,3.69,-51.30,176.00,100%
295.17,3.69,-35.80,16.00,100%
295.18,3.69,-54.70,266.00,100%
295.21,3.69,-51.40,190.00,100%
295.24,3.69,-52.60,194.00,100%
295.27,3.65,-57.70,212.00,100%
295.29,3.69,-20.50,76.00,100%
295.30,3.69,-49.20,266.00,100%
295.33,3.69,-56.70,204.00,100%
295.36,3.69,-53.00,180.00,100%
295.38,3.68,-39.60,200.00,100%
295.41,3.69,-0.70,4.00,100%
295.42,3.69,79.10,288.00,100%
295.45,3.69,-50.50,186.00,100%
295.48,3.69,-57.40,212.00,100%
295.50,3.69,-52.10,184.00,100%
295.53,3.69,-32.40,68.00,100%
295.54,3.69,-56.70,258.00,100%
295.57,3.69,-55.30,176.00,100%
295.59,3.69,-47.30,186.00,100%
295.62,3.67,-58.50,216.00,100%
295.65,3.69,-3.30,14.00,100%
295.66,3.69,81.70,298.00,100%
295.69,3.69,-55.90,206.00,100%
295.72,3.69,-55.70,206.00,100%
295.74,3.69,-49.60,194.00,100%
295.78,3.69,-43.80,16.00,100%
295.78,3.69,-56.70,282.00,100%
295.81,3.69,-47.90,176.00,100%
295.84,3.69,-57.90,212.00,100%
295.86,3.66,-56.10,206.00,100%
295.90,3.69,-16.70,62.00,100%
295.90,3.69,-53.80,196.00,100%
295.93,3.69,-55.90,186.00,100%
295.96,3.69,-49.60,184.00,100%
295.99,3.68,-46.20,210.00,100%
295.99,3.69,-44.40,6.00,100%
296.01,3.69,81.80,298.00,100%
296.05,3.69,-55.70,206.00,100%
296.07,3.69,-57.40,212.00,100%
296.10,3.65,-50.40,186.00,100%
296.13,3.68,-32.70,58.00,100%
296.14,3.69,-55.80,282.00,100%
296.17,3.69,-52.50,180.00,100%
296.20,3.69,-48.10,206.00,100%
296.23,3.67,-57.10,210.00,100%
296.23,3.69,-0.60,4.00,100%
296.26,3.69,75.90,278.00,100%
296.29,3.69,-58.70,216.00,100%
296.32,3.70,-50.30,186.00,100%
296.35,3.69,-50.80,210.00,100%
296.38,3.69,-45.00,42.00,100%
296.38,3.69,-50.90,298.00,100%
296.43,3.69,-48.20,206.00,100%
296.44,3.69,-56.10,206.00,100%
296.46,3.67,-48.00,176.00,100%
296.49,3.69,-12.60,46.00,100%
296.50,3.69,-57.70,212.00,100%
296.52,3.69,-50.50,186.00,100%
296.55,3.69,-50.10,206.00,100%
296.58,3.68,-56.60,200.00,100%
296.61,3.69,-38.10,46.00,100%
296.62,3.69,-46.90,272.00,100%
296.65,3.69,-58.10,216.00,100%
296.67,3.69,-49.20,180.00,100%
296.70,3.64,-53.00,196.00,100%
296.73,3.69,-32.80,122.00,100%
296.74,3.69,-49.40,180.00,100%
296.76,3.69,-49.00,206.00,100%
296.79,3.69,-57.50,210.00,100%
296.82,3.67,-48.80,180.00,100%
296.85,3.69,0.10,0.00,100%
296.86,3.69,70.40,256.00,100%
296.88,3.69,-49.50,184.00,100%
296.91,3.69,-50.30,186.00,100%
296.95,3.69,-56.10,206.00,100%
296.97,3.69,-41.30,92.00,100%
296.98,3.69,-47.30,272.00,100%
297.00,3.69,-53.90,210.00,100%
297.04,3.69,-55.30,184.00,100%
297.06,3.67,-50.30,186.00,100%
297.09,3.69,-11.80,42.00,100%
297.10,3.69,-55.00,200.00,100%
297.12,3.69,-48.70,180.00,100%
297.15,3.69,-53.60,200.00,100%
297.18,3.69,-58.40,194.00,100%
297.21,3.69,-39.40,58.00,100%
297.22,3.69,-48.50,268.00,100%
297.24,3.69,-56.00,206.00,100%
297.27,3.69,-51.10,190.00,100%
297.30,3.65,-53.00,196.00,100%
297.36,3.69,-29.00,108.00,100%
297.37,3.69,-52.10,190.00,100%
297.37,3.69,-45.30,200.00,100%
297.39,3.69,-55.80,216.00,100%
297.42,3.68,-49.10,180.00,100%
297.45,3.69,-37.40,16.00,100%
297.46,3.69,71.70,262.00,100%
297.48,3.69,-55.40,204.00,100%
297.51,3.69,-49.40,184.00,100%
297.55,3.69,-54.20,200.00,100%
297.57,3.69,-43.60,76.00,100%
297.58,3.69,-47.70,302.00,100%
297.60,3.69,-51.00,216.00,100%
297.63,3.69,-56.60,206.00,100%
297.66,3.67,-50.40,186.00,100%
297.69,3.69,-6.10,22.00,100%
297.70,3.69,-56.70,206.00,100%
297.72,3.69,-51.90,194.00,100%
297.75,3.69,-48.40,180.00,100%
297.78,3.69,-57.30,212.00,100%
297.81,3.69,-43.80,58.00,100%
297.82,3.69,-49.50,286.00,100%
297.85,3.69,-51.30,212.00,100%
297.90,3.69,-54.60,204.00,100%
297.91,3.66,-49.30,184.00,100%
297.91,3.69,-21.50,78.00,100%
297.93,3.69,-57.40,210.00,100%
297.96,3.69,-49.50,184.00,100%
297.99,3.69,-47.50,204.00,100%
298.02,3.68,-51.50,210.00,100%
298.05,3.69,-43.60,30.00,100%
298.08,3.69,-47.60,286.00,100%
298.09,3.69,-58.60,216.00,100%
298.11,3.69,-53.90,200.00,100%
298.14,3.65,-48.10,176.00,100%
298.17,3.69,-39.30,144.00,100%
298.18,3.69,-56.70,282.00,100%
298.24,3.69,-50.10,174.00,100%
298.24,3.69,-48.20,206.00,100%
298.26,3.66,-57.40,212.00,100%
298.29,3.69,-2.50,10.00,100%
298.30,3.69,77.30,282.00,100%
298.32,3.69,-56.90,210.00,100%
298.35,3.69,-54.50,200.00,100%
298.38,3.69,-47.50,194.00,100%
298.41,3.69,-41.30,32.00,100%
298.42,3.69,-58.60,276.00,100%
298.44,3.69,-49.10,174.00,100%
298.47,3.69,-46.50,206.00,100%
298.50,3.66,-56.10,206.00,100%
298.55,3.69,-17.70,66.00,100%
298.55,3.69,-51.20,186.00,100%
298.56,3.69,-57.20,212.00,100%
298.59,3.69,-53.60,180.00,100%
298.63,3.68,-46.60,194.00,100%
298.66,3.69,-43.80,4.00,100%
298.66,3.69,-56.60,286.00,100%
298.68,3.69,-47.50,176.00,100%
298.71,3.69,-57.20,212.00,100%
298.74,3.65,-56.40,210.00,100%
298.77,3.69,-32.10,118.00,100%
298.78,3.69,-51.90,190.00,100%
298.80,3.69,-55.50,196.00,100%
298.83,3.69,-53.90,186.00,100%
298.86,3.67,-54.20,200.00,100%
298.89,3.69,-44.30,4.00,100%
298.90,3.69,79.00,288.00,100%
298.92,3.69,-49.90,184.00,100%
298.95,3.69,-57.40,212.00,100%
298.98,3.69,-53.10,180.00,100%
299.01,3.68,-37.30,68.00,100%
299.02,3.69,-53.00,266.00,100%
299.04,3.69,-58.10,194.00,100%
299.07,3.69,-49.30,176.00,100%
299.10,3.67,-56.50,210.00,100%
299.11,3.69,-18.30,68.00,100%
299.13,3.69,-49.80,184.00,100%
299.16,3.69,-53.10,196.00,100%
299.19,3.69,-57.20,212.00,100%
299.23,3.68,-51.20,180.00,100%
299.23,3.69,-36.60,16.00,100%
299.26,3.69,-55.10,268.00,100%
299.28,3.69,-54.20,180.00,100%
299.31,3.69,-52.90,196.00,100%
299.34,3.65,-57.60,212.00,100%
299.37,3.69,-29.90,112.00,100%
299.38,3.69,-48.00,176.00,100%
299.41,3.69,-56.00,206.00,100%
299.43,3.69,-48.20,184.00,100%
299.46,3.69,-52.00,212.00,100%
299.49,3.69,0.30,82.00,100%
299.50,3.66,79.90,230.00,100%
299.52,3.69,-56.30,210.00,100%
299.56,3.69,-57.80,212.00,100%
299.58,3.69,-49.60,184.00,100%
299.61,3.69,19.30,72.00,100%
299.62,3.66,72.40,266.00,100%
299.64,3.69,-47.80,174.00,100%
299.67,3.69,-51.40,216.00,100%
299.70,3.69,-56.10,204.00,100%
299.74,3.69,25.80,96.00,100%
299.74,3.69,73.40,268.00,100%
299.76,3.69,-56.70,210.00,100%
299.80,3.69,-49.40,184.00,100%
299.83,3.68,-52.40,194.00,100%
299.86,3.68,4.50,82.00,100%
299.86,3.66,79.10,212.00,100%
299.88,3.69,-49.30,210.00,100%
299.91,3.69,-55.90,206.00,100%
299.94,3.70,-49.60,184.00,100%
299.97,3.69,21.10,78.00,100%
299.98,3.69,72.30,266.00,100%
300.00,3.69,-48.40,180.00,100%
300.03,3.69,-51.80,190.00,100%
300.06,3.69,-55.90,194.00,100%
300.10,3.69,1.40,102.00,100%
300.10,3.65,80.60,144.00,100%
300.12,3.69,-55.30,204.00,100%
300.16,3.69,-50.60,186.00,100%
300.19,3.70,-54.40,200.00,100%
300.21,3.69,9.20,32.00,100%
300.22,3.69,79.40,288.00,100%
300.28,3.69,-52.60,212.00,100%
300.28,3.69,-57.10,190.00,100%
300.30,3.70,-49.20,180.00,100%
300.33,3.69,-6.20,68.00,100%
300.34,3.69,75.00,276.00,100%
300.36,3.69,-48.70,180.00,100%
300.39,3.69,-55.70,206.00,100%
300.42,3.69,-56.40,210.00,100%
300.45,3.67,15.10,56.00,100%
300.46,3.65,76.70,98.00,100%
300.48,3.69,-58.10,190.00,100%
300.51,3.69,-47.00,184.00,100%
300.54,3.70,-50.40,210.00,100%
300.57,3.69,20.70,76.00,100%
300.58,3.69,81.30,298.00,100%
300.60,3.69,-57.50,212.00,100%
300.63,3.69,-54.80,204.00,100%
300.66,3.69,-47.50,200.00,100%
300.69,3.68,-0.30,58.00,100%
300.70,3.65,72.30,102.00,100%
300.73,3.69,-48.10,190.00,100%
300.75,3.69,-37.20,138.00,100%
300.79,3.68,6.50,22.00,100%
300.81,3.67,96.60,350.00,100%
300.82,3.67,28.70,104.00,100%
300.84,3.67,45.70,168.00,100%
300.87,3.66,40.50,52.00,100%
300.91,3.68,-4.50,262.00,100%
300.93,3.65,72.70,272.00,100%
300.94,3.68,18.30,40.00,100%
300.97,3.67,26.00,96.00,100%
300.99,3.67,46.80,170.00,100%
301.02,3.66,45.60,168.00,100%
301.05,3.67,115.30,420.00,100%
301.06,3.66,53.10,194.00,100%
301.09,3.67,51.50,170.00,100%
301.11,3.67,49.80,196.00,100%
301.14,3.67,62.50,232.00,100%
301.17,3.65,130.30,472.00,100%
301.18,3.67,54.60,200.00,100%
301.20,3.66,62.20,226.00,100%
301.24,3.67,51.40,186.00,100%
301.26,3.63,53.90,196.00,100%
301.29,3.63,142.70,504.00,100%
301.30,3.66,60.40,210.00,100%
301.36,3.66,59.60,246.00,100%
301.40,3.67,68.80,242.00,100%
301.40,3.64,104.70,384.00,100%
301.41,3.66,155.70,566.00,100%
301.42,3.66,79.90,292.00,100%
301.45,3.66,62.20,226.00,100%
301.47,3.66,67.20,246.00,100%
301.50,3.66,73.00,236.00,100%
301.53,3.63,139.30,502.00,100%
301.54,3.67,66.30,258.00,100%
301.56,3.66,74.90,242.00,100%
301.59,3.66,61.20,222.00,100%
301.62,3.66,70.60,258.00,100%
301.65,3.67,143.60,522.00,100%
301.66,3.66,62.90,230.00,100%
301.69,3.66,71.80,266.00,100%
301.71,3.66,70.70,232.00,100%
301.74,3.67,64.20,240.00,100%
301.78,3.64,154.00,540.00,100%
301.78,3.66,65.50,240.00,100%
301.81,3.66,62.90,230.00,100%
301.84,3.66,71.70,262.00,100%
301.86,3.63,67.80,250.00,100%
301.90,3.63,139.20,504.00,100%
301.93,3.66,73.70,268.00,100%
301.93,3.66,68.90,226.00,100%
301.96,3.66,45.40,242.00,100%
301.98,3.67,79.30,168.00,100%
302.04,3.65,147.70,534.00,100%
302.05,3.67,64.90,236.00,100%
302.05,3.66,68.30,250.00,100%
302.08,3.66,65.30,240.00,100%
302.10,3.66,61.90,246.00,100%
302.13,3.63,143.80,524.00,100%
302.14,3.66,67.60,226.00,100%
302.17,3.66,62.50,236.00,100%
302.19,3.66,72.10,262.00,100%
302.22,3.66,62.40,230.00,100%
302.26,3.66,136.20,494.00,100%
302.26,3.67,68.00,250.00,100%
302.28,3.66,66.20,242.00,100%
302.35,3.66,63.20,246.00,100%
302.35,3.67,69.20,258.00,100%
302.35,3.64,151.70,508.00,100%
302.37,3.66,64.50,240.00,100%
302.40,3.66,70.70,258.00,100%
302.43,3.66,64.30,236.00,100%
302.46,3.66,61.90,226.00,100%
302.49,3.67,146.20,530.00,100%
302.50,3.66,67.70,250.00,100%
302.52,3.67,64.70,256.00,100%
302.55,3.66,78.60,258.00,100%
302.59,3.66,79.40,268.00,100%
302.61,3.65,149.40,540.00,100%
302.62,3.66,73.50,268.00,100%
302.64,3.66,67.10,246.00,100%
302.68,3.66,65.50,240.00,100%
302.71,3.67,74.00,268.00,100%
302.73,3.63,145.90,514.00,100%
302.74,3.66,66.40,268.00,100%
302.76,3.66,74.30,268.00,100%
302.79,3.66,72.50,246.00,100%
302.83,3.67,71.00,258.00,100%
302.86,3.66,152.10,550.00,100%
302.86,3.66,68.10,250.00,100%
302.88,3.66,70.20,256.00,100%
302.91,3.66,78.60,288.00,100%
302.94,3.66,70.20,252.00,100%
302.98,3.63,145.70,544.00,100%
302.98,3.66,77.20,276.00,100%
303.01,3.66,73.90,250.00,100%
303.10,3.66,72.70,266.00,100%
303.10,3.66,77.00,282.00,100%
303.10,3.66,142.70,518.00,100%
303.10,3.66,71.10,258.00,100%
303.13,3.66,74.80,272.00,100%
303.16,3.66,74.90,226.00,100%
303.19,3.67,72.10,292.00,100%
303.22,3.64,163.80,544.00,100%
303.25,3.66,69.10,252.00,100%
303.25,3.66,74.90,272.00,100%
303.27,3.66,76.40,278.00,100%
303.30,3.65,69.00,252.00,100%
303.33,3.63,150.00,544.00,100%
303.34,3.66,79.10,258.00,100%
303.36,3.66,69.30,252.00,100%
303.39,3.66,73.40,286.00,100%
303.42,3.66,72.50,266.00,100%
303.45,3.66,143.80,522.00,100%
303.46,3.66,75.80,276.00,100%
303.49,3.66,73.80,268.00,100%
303.52,3.66,69.00,252.00,100%
303.54,3.67,78.00,286.00,100%
303.57,3.63,151.00,524.00,100%
303.58,3.66,68.10,258.00,100%
303.60,3.66,75.80,294.00,100%
303.64,3.66,79.80,258.00,100%
303.66,3.66,69.40,252.00,100%
303.70,3.66,153.60,558.00,100%
303.75,3.66,70.50,258.00,100%
303.76,3.66,72.00,262.00,100%
303.76,3.66,80.00,288.00,100%
303.78,3.63,217.90,258.00,100%
303.82,3.64,150.70,544.00,100%
303.82,3.66,77.30,282.00,100%
303.85,3.65,68.80,252.00,100%
303.87,3.66,70.30,256.00,100%
303.91,3.65,77.70,286.00,100%
303.94,3.66,144.40,524.00,100%
303.94,3.66,70.30,256.00,100%
303.96,3.66,79.50,272.00,100%
304.00,3.66,71.20,246.00,100%
304.03,3.67,70.20,282.00,100%
304.05,3.65,166.90,554.00,100%
304.06,3.66,68.40,250.00,100%
304.08,3.66,73.30,268.00,100%
304.11,3.66,78.60,288.00,100%
304.14,3.67,69.90,256.00,100%
304.17,3.63,147.20,550.00,100%
304.18,3.66,80.80,268.00,100%
304.20,3.66,69.60,242.00,100%
304.23,3.66,68.50,276.00,100%
304.26,3.66,72.70,266.00,100%
304.30,3.66,140.60,512.00,100%
304.30,3.66,60.10,220.00,100%
304.32,3.66,80.20,292.00,100%
304.35,3.66,67.60,246.00,100%
304.39,3.66,69.70,276.00,100%
304.41,3.64,154.90,528.00,100%
304.42,3.66,69.50,242.00,100%
304.44,3.66,68.20,276.00,100%
304.47,3.66,73.50,268.00,100%
304.50,3.66,68.10,250.00,100%
304.54,3.66,147.90,538.00,100%
304.57,3.66,75.80,276.00,100%
304.59,3.66,67.90,250.00,100%
304.60,3.66,72.10,278.00,100%
304.66,3.67,78.50,258.00,100%
304.66,3.64,155.60,522.00,100%
304.66,3.66,70.40,282.00,100%
304.68,3.66,72.50,266.00,100%
304.71,3.66,66.90,246.00,100%
304.74,3.65,73.10,266.00,100%
304.77,3.66,151.20,548.00,100%
304.78,3.66,68.60,250.00,100%
304.81,3.66,73.20,282.00,100%
304.83,3.66,77.60,256.00,100%
304.86,3.66,70.60,252.00,100%
304.89,3.65,151.40,548.00,100%
304.90,3.66,75.00,276.00,100%
304.92,3.66,72.10,262.00,100%
304.96,3.67,75.70,276.00,100%
304.99,3.67,75.20,276.00,100%
304.99,3.63,146.30,534.00,100%
305.01,3.66,74.90,288.00,100%
305.04,3.66,78.10,258.00,100%
305.07,3.66,70.80,258.00,100%
305.10,3.67,77.70,286.00,100%
305.13,3.66,147.40,534.00,100%
305.14,3.66,69.50,252.00,100%
305.17,3.66,76.60,278.00,100%
305.19,3.66,74.10,272.00,100%
305.22,3.66,71.20,276.00,100%
305.29,3.64,157.30,548.00,100%
305.29,3.66,74.60,250.00,100%
305.29,3.66,67.20,250.00,100%
305.31,3.66,72.90,266.00,100%
305.34,3.66,67.20,246.00,100%
305.37,3.66,141.00,512.00,100%
305.38,3.66,73.40,268.00,100%
305.40,3.66,69.10,252.00,100%
305.43,3.66,66.20,266.00,100%
305.46,3.66,56.70,262.00,100%
305.49,3.65,167.00,458.00,100%
305.50,3.66,66.40,278.00,100%
305.53,3.66,73.50,268.00,100%
305.56,3.66,66.70,246.00,100%
305.59,3.67,65.10,240.00,100%
305.59,3.63,147.20,534.00,100%
305.65,3.66,68.60,240.00,100%
305.65,3.66,65.30,262.00,100%
305.70,3.66,73.50,266.00,100%
305.71,3.66,70.90,240.00,100%
305.71,3.67,143.60,522.00,100%
305.73,3.66,73.60,268.00,100%
305.76,3.66,66.20,242.00,100%
305.79,3.66,66.70,242.00,100%
305.82,3.67,73.90,268.00,100%
305.86,3.64,148.70,512.00,100%
305.86,3.66,64.80,262.00,100%
305.89,3.66,74.90,268.00,100%
305.91,3.66,73.30,246.00,100%
305.95,3.66,69.80,256.00,100%
305.98,3.66,151.80,550.00,100%
305.98,3.65,66.60,242.00,100%
306.01,3.67,68.20,250.00,100%
306.03,3.66,72.40,266.00,100%
306.07,3.66,75.40,190.00,100%
306.07,3.65,156.60,570.00,100%
306.09,3.66,74.40,268.00,100%
306.13,3.66,65.80,240.00,100%
306.15,3.66,71.10,258.00,100%
306.18,3.67,73.70,268.00,100%
306.21,3.65,141.10,512.00,100%
306.22,3.67,69.80,256.00,100%
306.24,3.66,76.10,250.00,100%
306.27,3.66,66.10,240.00,100%
306.30,3.66,68.00,268.00,100%
306.33,3.65,162.10,524.00,100%
306.34,3.66,65.10,240.00,100%
306.36,3.66,73.00,266.00,100%
306.40,3.66,71.00,258.00,100%
306.43,3.61,65.10,240.00,100%
306.45,3.63,150.10,544.00,100%
306.46,3.66,74.20,246.00,100%
306.48,3.66,64.00,240.00,100%
306.54,3.66,71.40,278.00,100%
306.55,3.66,75.70,246.00,100%
306.55,3.66,139.50,504.00,100%
306.57,3.67,73.50,268.00,100%
306.60,3.66,66.80,246.00,100%
306.63,3.66,72.50,266.00,100%
306.67,3.67,80.30,292.00,100%
306.70,3.64,151.50,530.00,100%
306.70,3.66,64.30,258.00,100%
306.72,3.66,73.20,266.00,100%
306.79,3.66,65.30,240.00,100%
306.79,3.66,69.40,252.00,100%
306.79,3.66,148.30,538.00,100%
306.81,3.66,64.30,236.00,100%
306.84,3.66,69.00,252.00,100%
306.87,3.66,76.30,250.00,100%
306.90,3.67,64.50,232.00,100%
306.93,3.65,157.00,538.00,100%
306.94,3.66,76.30,252.00,100%
306.96,3.66,64.50,236.00,100%
306.99,3.66,71.20,258.00,100%
307.02,3.62,68.90,252.00,100%
307.06,3.66,140.30,508.00,100%
307.06,3.66,73.50,268.00,100%
307.08,3.66,73.50,242.00,100%
307.11,3.66,63.80,242.00,100%
307.14,3.66,72.40,276.00,100%
307.17,3.65,141.30,512.00,100%
307.18,3.66,65.40,240.00,100%
307.20,3.66,51.80,190.00,100%
307.25,3.66,72.90,266.00,100%
307.26,3.67,65.90,240.00,100%
307.29,3.63,154.50,534.00,100%
307.30,3.66,69.40,240.00,100%
307.33,3.66,64.50,258.00,100%
307.36,3.66,72.80,266.00,100%
307.39,3.66,64.80,236.00,100%
307.42,3.66,145.30,528.00,100%
307.42,3.66,74.50,272.00,100%
307.44,3.66,64.70,236.00,100%
307.48,3.66,67.90,250.00,100%
307.51,3.65,77.40,252.00,100%
307.54,3.65,151.30,498.00,100%
307.54,3.66,66.60,266.00,100%
307.57,3.66,74.80,258.00,100%
307.60,3.66,64.00,232.00,100%
307.62,3.66,70.90,258.00,100%
307.65,3.66,146.80,530.00,100%
307.66,3.66,64.80,236.00,100%
307.68,3.66,69.70,256.00,100%
307.71,3.66,76.40,252.00,100%
307.74,3.66,64.60,232.00,100%
307.77,3.67,152.80,530.00,100%
307.78,3.66,82.70,252.00,100%
307.80,3.66,70.70,258.00,100%
307.84,3.66,79.40,288.00,100%
307.86,3.66,70.40,256.00,100%
307.89,3.63,142.10,514.00,100%
307.90,3.66,71.00,258.00,100%
307.92,3.66,74.70,246.00,100%
307.95,3.66,65.10,236.00,100%
307.98,3.66,68.60,268.00,100%
308.01,3.65,143.30,522.00,100%
308.02,3.66,63.50,232.00,100%
308.04,3.66,73.70,268.00,100%
308.07,3.66,70.60,258.00,100%
308.10,3.67,65.10,240.00,100%
308.13,3.64,155.40,550.00,100%
308.14,3.66,73.70,240.00,100%
308.17,3.66,66.50,242.00,100%
308.19,3.66,68.90,266.00,100%
308.23,3.66,68.20,250.00,100%
308.25,3.66,141.20,512.00,100%
308.26,3.66,72.60,266.00,100%
308.28,3.66,72.00,262.00,100%
308.31,3.66,65.50,240.00,100%
308.34,3.66,71.20,282.00,100%
308.37,3.65,144.30,518.00,100%
308.38,3.66,73.80,210.00,100%
308.40,3.66,68.30,292.00,100%
308.44,3.66,68.50,250.00,100%
308.47,3.63,65.60,240.00,100%
308.50,3.66,147.30,534.00,100%
308.50,3.66,72.80,266.00,100%
308.53,3.66,66.20,242.00,100%
308.55,3.66,69.10,268.00,100%
308.58,3.66,75.20,246.00,100%
308.62,3.66,146.10,512.00,100%
308.62,3.66,71.90,262.00,100%
308.64,3.66,69.10,252.00,100%
308.67,3.66,65.10,240.00,100%
308.70,3.67,71.30,258.00,100%
308.73,3.63,154.20,560.00,100%
308.74,3.66,67.40,246.00,100%
308.76,3.66,67.90,262.00,100%
308.79,3.66,76.60,252.00,100%
308.82,3.67,68.30,240.00,100%
308.85,3.66,146.10,530.00,100%
308.86,3.66,70.10,256.00,100%
308.88,3.66,64.70,236.00,100%
308.92,3.67,71.40,262.00,100%
308.94,3.68,73.90,268.00,100%
308.97,3.65,158.60,508.00,100%
308.98,3.66,72.10,288.00,100%
309.00,3.66,76.70,266.00,100%
309.03,3.66,65.30,240.00,100%
309.07,3.66,70.70,258.00,100%
309.07,3.66,145.80,528.00,100%
309.09,3.66,63.80,232.00,100%
309.12,3.66,72.30,266.00,100%
309.15,3.66,73.70,242.00,100%
309.18,3.66,65.60,246.00,100%
309.21,3.66,153.30,550.00,100%
309.22,3.66,75.00,246.00,100%
309.25,3.66,66.40,242.00,100%
309.27,3.66,72.70,266.00,100%
309.30,3.66,67.80,250.00,100%
309.34,3.66,142.90,518.00,100%
309.34,3.66,73.70,268.00,100%
309.37,3.66,70.50,242.00,100%
309.43,3.66,64.50,256.00,100%
309.43,3.66,73.30,268.00,100%
309.46,3.64,141.20,530.00,100%
309.46,3.66,73.70,268.00,100%
309.49,3.66,65.80,240.00,100%
309.51,3.66,66.70,242.00,100%
309.54,3.66,72.00,262.00,100%
309.57,3.64,145.20,528.00,100%
309.58,3.66,73.20,294.00,100%
309.60,3.66,73.80,288.00,100%
309.63,3.66,70.60,240.00,100%
309.66,3.66,66.20,258.00,100%
309.69,3.63,149.00,540.00,100%
309.70,3.66,64.40,236.00,100%
309.72,3.66,68.50,250.00,100%
309.75,3.66,75.40,276.00,100%
309.78,3.66,66.70,242.00,100%
309.82,3.64,142.40,544.00,100%
309.82,3.66,72.40,250.00,100%
309.85,3.66,68.40,240.00,100%
309.87,3.66,67.20,268.00,100%
309.91,3.66,70.00,256.00,100%
309.94,3.63,140.70,512.00,100%
309.94,3.66,70.30,256.00,100%
309.97,3.66,73.40,268.00,100%
309.99,3.66,66.10,242.00,100%
310.02,3.66,69.70,268.00,100%
310.05,3.64,150.40,528.00,100%
310.06,3.66,67.30,240.00,100%
310.08,3.66,72.70,266.00,100%
310.11,3.65,68.20,250.00,100%
310.14,3.66,43.50,158.00,100%
310.17,3.64,155.40,560.00,100%
310.18,3.65,72.70,266.00,100%
310.21,3.66,67.20,252.00,100%
310.24,3.66,70.60,272.00,100%
310.27,3.66,74.80,246.00,100%
310.29,3.63,143.30,522.00,100%
310.30,3.66,72.10,262.00,100%
310.32,3.66,67.80,250.00,100%
310.35,3.66,64.70,236.00,100%
310.38,3.66,74.20,272.00,100%
310.41,3.63,144.80,524.00,100%
310.42,3.66,66.60,256.00,100%
310.44,3.66,70.70,268.00,100%
310.47,3.66,74.20,246.00,100%
310.50,3.66,66.90,246.00,100%
310.53,3.63,147.50,534.00,100%
310.54,3.66,69.20,252.00,100%
310.57,3.66,64.10,232.00,100%
310.59,3.66,73.50,268.00,100%
310.62,3.66,72.60,242.00,100%
310.66,3.64,140.60,528.00,100%
310.66,3.66,70.90,276.00,100%
310.68,3.67,75.40,246.00,100%
310.71,3.66,65.30,240.00,100%
310.74,3.66,78.20,286.00,100%
310.77,3.63,151.50,548.00,100%
310.78,3.66,65.10,240.00,100%
310.81,3.65,73.50,268.00,100%
310.84,3.66,74.30,246.00,100%
310.86,3.66,64.10,240.00,100%
310.90,3.64,145.90,550.00,100%
310.90,3.66,76.90,250.00,100%
310.92,3.66,64.00,232.00,100%
310.95,3.66,72.90,266.00,100%
310.98,3.66,68.80,252.00,100%
311.01,3.65,140.70,512.00,100%
311.02,3.66,73.70,272.00,100%
311.04,3.66,73.30,242.00,100%
311.08,3.66,64.80,246.00,100%
311.10,3.66,71.00,272.00,100%
311.14,3.63,142.60,518.00,100%
311.14,3.66,64.50,236.00,100%
311.17,3.66,73.30,268.00,100%
311.20,3.66,68.20,250.00,100%
311.23,3.66,65.30,240.00,100%
311.26,3.64,151.30,554.00,100%
311.32,3.66,70.50,232.00,100%
311.32,3.66,51.90,256.00,100%
311.32,3.66,80.20,256.00,100%
311.35,3.62,71.80,262.00,100%
311.38,3.63,142.30,514.00,100%
311.38,3.66,73.30,268.00,100%
311.44,3.66,67.80,250.00,100%
311.44,3.66,65.80,240.00,100%
311.47,3.65,73.90,266.00,100%
311.50,3.64,144.50,512.00,100%
311.50,3.66,65.60,258.00,100%
311.53,3.66,74.20,272.00,100%
311.55,3.66,64.40,236.00,100%
311.58,3.66,69.10,252.00,100%
311.61,3.65,150.80,548.00,100%
311.62,3.66,66.50,242.00,100%
311.65,3.66,68.10,266.00,100%
311.71,3.66,74.00,252.00,100%
311.71,3.66,68.40,240.00,100%
311.74,3.63,142.40,540.00,100%
311.74,3.66,71.30,258.00,100%
311.77,3.66,64.00,232.00,100%
311.79,3.66,71.70,262.00,100%
311.82,3.66,72.90,266.00,100%
311.85,3.63,141.40,512.00,100%
311.86,3.66,53.50,282.00,100%
311.88,3.66,80.00,160.00,100%
311.92,3.66,68.80,268.00,100%
311.95,3.66,69.90,272.00,100%
311.98,3.63,141.90,514.00,100%
311.98,3.66,65.70,240.00,100%
312.00,3.66,71.60,262.00,100%
312.04,3.66,69.30,252.00,100%
312.07,3.66,65.90,258.00,100%
312.10,3.64,148.40,544.00,100%
312.10,3.66,70.90,240.00,100%
312.16,3.66,65.90,256.00,100%
312.16,3.66,75.30,276.00,100%
312.19,3.66,64.80,236.00,100%
312.22,3.64,141.90,514.00,100%
312.22,3.66,75.10,276.00,100%
312.25,3.66,67.20,246.00,100%
312.28,3.66,67.70,268.00,100%
312.31,3.66,72.80,252.00,100%
312.34,3.63,144.50,514.00,100%
312.34,3.66,67.00,266.00,100%
312.36,3.66,71.60,262.00,100%
312.40,3.66,65.00,240.00,100%
312.43,3.67,68.80,252.00,100%
312.46,3.65,149.90,544.00,100%
312.46,3.66,73.00,268.00,100%
312.48,3.66,75.60,294.00,100%
312.52,3.65,75.00,268.00,100%
312.54,3.66,68.20,240.00,100%
312.58,3.63,145.60,528.00,100%
312.58,3.66,69.50,252.00,100%
312.61,3.66,65.80,240.00,100%
312.64,3.66,71.50,262.00,100%
312.66,3.66,73.20,268.00,100%
312.70,3.64,145.10,524.00,100%
312.70,3.66,76.80,258.00,100%
312.73,3.66,66.60,232.00,100%
312.76,3.66,66.60,268.00,100%
312.82,3.66,75.10,266.00,100%
312.82,3.64,138.90,504.00,100%
312.82,3.66,70.80,258.00,100%
312.84,3.66,73.20,268.00,100%
312.87,3.66,65.60,240.00,100%
312.91,3.66,68.60,266.00,100%
312.94,3.64,152.60,514.00,100%
312.94,3.66,67.10,236.00,100%
312.97,3.66,66.50,272.00,100%
312.99,3.66,71.70,262.00,100%
313.02,3.66,64.00,232.00,100%
313.06,3.64,148.60,538.00,100%
313.06,3.66,77.40,282.00,100%
313.08,3.66,72.70,266.00,100%
313.11,3.66,69.00,292.00,100%
313.14,3.66,73.90,250.00,100%
313.17,3.64,144.10,512.00,100%
313.18,3.66,67.30,266.00,100%
313.21,3.66,71.20,258.00,100%
313.24,3.66,65.00,240.00,100%
313.27,3.66,69.50,252.00,100%
313.30,3.64,152.90,554.00,100%
313.30,3.66,66.50,242.00,100%
313.32,3.66,68.30,268.00,100%
313.35,3.66,74.70,250.00,100%
313.38,3.66,68.40,240.00,100%
313.41,3.64,149.50,540.00,100%
313.42,3.66,70.20,256.00,100%
313.44,3.65,65.70,240.00,100%
313.47,3.66,70.20,256.00,100%
313.51,3.67,73.90,268.00,100%
313.54,3.64,145.00,518.00,100%
313.54,3.66,68.20,266.00,100%
313.57,3.66,76.60,252.00,100%
313.59,3.66,68.10,240.00,100%
313.66,3.66,73.70,268.00,100%
313.66,3.64,123.90,448.00,100%
313.66,3.66,71.60,262.00,100%
313.68,3.66,72.00,262.00,100%
313.71,3.66,73.50,268.00,100%
313.74,3.66,67.20,250.00,100%
313.77,3.64,143.10,530.00,100%
313.78,3.66,76.00,250.00,100%
313.80,3.66,67.90,240.00,100%
313.84,3.66,71.00,258.00,100%
313.86,3.66,70.60,258.00,100%
313.90,3.64,142.30,518.00,100%
313.90,3.66,72.90,266.00,100%
313.93,3.66,73.70,242.00,100%
313.95,3.66,65.70,246.00,100%
313.99,3.66,69.90,268.00,100%
314.02,3.64,150.70,512.00,100%
314.02,3.66,65.10,240.00,100%
314.04,3.66,72.60,266.00,100%
314.07,3.66,70.70,258.00,100%
314.10,3.66,65.10,240.00,100%
314.14,3.64,148.90,540.00,100%
314.14,3.66,75.90,250.00,100%
314.17,3.66,64.90,232.00,100%
314.19,3.67,67.80,266.00,100%
314.25,3.65,83.10,246.00,100%
314.26,3.64,146.30,530.00,100%
314.26,3.66,76.30,278.00,100%
314.28,3.66,72.10,262.00,100%
314.31,3.66,65.50,240.00,100%
314.35,3.66,69.20,266.00,100%
314.37,3.64,151.80,518.00,100%
314.38,3.66,66.80,236.00,100%
314.40,3.66,66.80,272.00,100%
314.43,3.66,71.40,262.00,100%
314.47,3.66,63.90,232.00,100%
314.49,3.64,149.30,540.00,100%
314.50,3.66,73.90,268.00,100%
314.52,3.66,66.00,242.00,100%
314.55,3.66,69.90,272.00,100%
314.58,3.66,75.30,246.00,100%
314.61,3.64,144.00,512.00,100%
314.62,3.66,67.80,272.00,100%
314.68,3.65,69.70,256.00,100%
314.70,3.66,65.10,240.00,100%
314.71,3.66,71.30,258.00,100%
314.74,3.64,150.80,548.00,100%
314.74,3.66,66.00,242.00,100%
314.76,3.67,70.00,268.00,100%
314.80,3.66,81.10,246.00,100%
314.82,3.66,73.80,266.00,100%
314.86,3.64,154.80,560.00,100%
314.86,3.66,68.40,250.00,100%
314.88,3.66,65.50,240.00,100%
314.95,3.66,72.10,262.00,100%
314.95,3.66,72.90,266.00,100%
314.98,3.64,144.30,522.00,100%
315.07,3.66,69.60,262.00,100%
315.07,3.66,75.50,250.00,100%
315.07,3.66,67.70,242.00,100%
315.07,3.66,71.80,262.00,100%
315.10,3.64,146.60,530.00,100%
315.10,3.66,64.70,236.00,100%
315.12,3.66,74.10,272.00,100%
315.16,3.66,71.20,258.00,100%
315.18,3.66,66.60,256.00,100%
315.21,3.64,146.10,540.00,100%
315.22,3.66,73.70,242.00,100%
315.25,3.66,67.50,246.00,100%
315.28,3.66,71.80,262.00,100%
315.30,3.66,68.10,250.00,100%
315.34,3.64,142.10,514.00,100%
315.34,3.66,72.50,266.00,100%
315.36,3.66,55.60,240.00,100%
315.40,3.66,71.80,246.00,100%
315.43,3.66,75.00,292.00,100%
315.46,3.64,147.00,512.00,100%
315.46,3.66,69.10,252.00,100%
315.49,3.66,73.70,268.00,100%
315.51,3.65,65.40,240.00,100%
315.54,3.66,67.80,246.00,100%
315.58,3.63,150.60,548.00,100%
315.58,3.66,68.20,242.00,100%
315.60,3.66,64.80,262.00,100%
315.63,3.65,74.10,258.00,100%
315.66,3.66,69.80,240.00,100%
315.69,3.64,148.60,538.00,100%
315.70,3.66,72.80,266.00,100%
315.72,3.66,64.30,236.00,100%
315.79,3.66,71.10,258.00,100%
315.79,3.66,74.80,246.00,100%
315.81,3.64,140.90,512.00,100%
315.82,3.66,69.40,268.00,100%
315.84,3.65,76.50,250.00,100%
315.87,3.65,64.90,236.00,100%
315.91,3.66,71.40,262.00,100%
315.94,3.64,146.40,530.00,100%
315.94,3.66,44.70,164.00,100%
315.97,3.65,80.50,294.00,100%
315.99,3.66,73.50,268.00,100%
316.03,3.66,64.00,242.00,100%
316.06,3.64,147.70,550.00,100%
316.06,3.66,75.60,246.00,100%
316.09,3.66,64.60,236.00,100%
316.11,3.66,74.00,268.00,100%
316.15,3.66,67.00,246.00,100%
316.18,3.64,142.30,514.00,100%
316.18,3.66,74.20,266.00,100%
316.21,3.66,70.60,236.00,100%
316.24,3.66,65.40,256.00,100%
316.27,3.66,73.70,276.00,100%
316.29,3.64,142.30,518.00,100%
316.30,3.66,66.00,242.00,100%
316.32,3.66,75.00,276.00,100%
316.35,3.66,66.80,246.00,100%
316.42,3.66,66.40,242.00,100%
316.42,3.64,150.50,538.00,100%
316.42,3.66,67.40,232.00,100%
316.47,3.66,66.20,262.00,100%
316.48,3.66,75.90,268.00,100%
316.50,3.67,64.10,232.00,100%
316.54,3.64,144.50,524.00,100%
316.54,3.66,81.10,294.00,100%
316.57,3.66,68.40,250.00,100%
316.59,3.66,67.60,268.00,100%
316.62,3.66,73.80,256.00,100%
316.66,3.64,143.50,508.00,100%
316.66,3.66,66.30,262.00,100%
316.69,3.66,73.00,266.00,100%
316.72,3.65,64.10,232.00,100%
316.74,3.66,68.80,252.00,100%
316.78,3.64,153.00,554.00,100%
316.78,3.66,67.10,246.00,100%
316.80,3.66,67.70,268.00,100%
316.83,3.66,72.30,252.00,100%
316.89,3.66,69.70,240.00,100%
316.90,3.64,142.30,538.00,100%
316.90,3.66,72.00,262.00,100%
316.93,3.66,65.80,240.00,100%
316.95,3.66,67.40,246.00,100%
316.98,3.66,75.60,276.00,100%
317.01,3.64,142.40,508.00,100%
317.02,3.66,66.60,266.00,100%
317.04,3.66,73.00,258.00,100%
317.07,3.67,69.40,240.00,100%
317.10,3.66,71.70,262.00,100%
317.14,3.64,155.60,564.00,100%
317.14,3.66,70.70,258.00,100%
317.17,3.66,68.80,252.00,100%
317.19,3.66,75.80,276.00,100%
317.26,3.66,68.10,242.00,100%
317.26,3.64,140.70,528.00,100%
317.26,3.66,74.40,258.00,100%
317.28,3.65,70.40,240.00,100%
317.32,3.66,71.10,258.00,100%
317.34,3.66,73.20,268.00,100%
317.37,3.64,142.50,518.00,100%
317.38,3.66,69.10,252.00,100%
317.40,3.66,76.20,250.00,100%
317.43,3.66,67.20,240.00,100%
317.47,3.66,66.30,262.00,100%
317.50,3.63,149.30,528.00,100%
317.50,3.65,64.90,236.00,100%
317.52,3.66,70.40,256.00,100%
317.55,3.66,73.50,268.00,100%
317.59,3.66,65.30,240.00,100%
317.62,3.63,144.20,522.00,100%
317.62,3.66,77.20,252.00,100%
317.64,3.66,65.40,232.00,100%
317.67,3.66,73.50,266.00,100%
317.70,3.66,82.10,286.00,100%
317.74,3.64,148.20,538.00,100%
317.74,3.66,71.80,262.00,100%
317.76,3.66,72.40,266.00,100%
317.83,3.66,65.40,240.00,100%
317.83,3.66,68.20,268.00,100%
317.86,3.63,150.80,518.00,100%
317.86,3.66,67.50,236.00,100%
317.88,3.66,66.10,268.00,100%
317.92,3.66,72.40,266.00,100%
317.94,3.65,64.10,236.00,100%
317.98,3.64,147.00,534.00,100%
317.98,3.66,75.10,276.00,100%
318.00,3.66,66.60,242.00,100%
318.03,3.66,68.10,268.00,100%
318.07,3.66,72.20,252.00,100%
318.10,3.64,144.50,512.00,100%
318.10,3.66,66.90,266.00,100%
318.12,3.66,71.70,262.00,100%
318.15,3.66,65.80,240.00,100%
318.18,3.66,67.40,246.00,100%
318.22,3.63,150.00,544.00,100%
318.22,3.66,67.50,240.00,100%
318.24,3.66,48.20,266.00,100%
318.27,3.65,79.80,212.00,100%
318.30,3.65,69.60,262.00,100%
318.33,3.64,147.00,530.00,100%
318.34,3.66,72.50,266.00,100%
318.37,3.66,66.00,242.00,100%
318.40,3.66,67.90,250.00,100%
318.43,3.65,75.40,276.00,100%
318.45,3.64,147.20,512.00,100%
318.46,3.66,64.70,262.00,100%
318.48,3.66,73.60,262.00,100%
318.58,3.65,71.00,240.00,100%
318.58,3.66,69.60,252.00,100%
318.58,3.64,149.10,540.00,100%
318.58,3.66,64.20,236.00,100%
318.60,3.66,68.40,250.00,100%
318.64,3.66,76.60,250.00,100%
318.67,3.66,66.60,236.00,100%
318.70,3.64,145.00,534.00,100%
318.70,3.66,74.60,256.00,100%
318.72,3.66,64.60,236.00,100%
318.75,3.66,71.60,262.00,100%
318.78,3.66,72.00,262.00,100%
318.82,3.64,140.00,508.00,100%
318.82,3.65,50.90,186.00,100%
318.84,3.66,82.50,180.00,100%
318.87,3.66,64.20,258.00,100%
318.90,3.66,68.90,268.00,100%
318.94,3.64,153.10,524.00,100%
318.94,3.66,63.50,232.00,100%
318.96,3.66,73.00,266.00,100%
318.99,3.66,69.20,252.00,100%
319.03,3.66,64.60,236.00,100%
319.06,3.64,152.20,548.00,100%
319.06,3.66,72.00,240.00,100%
319.09,3.66,65.90,250.00,100%
319.11,3.66,72.00,278.00,100%
319.15,3.66,66.00,242.00,100%
319.18,3.64,141.30,512.00,100%
319.18,3.66,73.10,266.00,100%
319.21,3.66,68.30,250.00,100%
319.24,3.66,65.40,240.00,100%
319.27,3.66,74.10,268.00,100%
319.29,3.64,147.90,504.00,100%
319.30,3.66,65.60,252.00,100%
319.32,3.66,75.50,276.00,100%
319.36,3.66,65.00,236.00,100%
319.39,3.66,67.10,246.00,100%
319.42,3.64,125.40,456.00,100%
319.42,3.66,74.80,272.00,100%
319.45,3.66,79.70,292.00,100%
319.48,3.66,74.20,268.00,100%
319.50,3.66,63.90,240.00,100%
319.54,3.64,146.40,586.00,100%
319.54,3.66,76.50,246.00,100%
319.56,3.66,64.20,236.00,100%
319.59,3.66,74.00,268.00,100%
319.62,3.66,68.20,250.00,100%
319.65,3.64,140.40,508.00,100%
319.66,3.66,74.20,276.00,100%
319.68,3.66,72.10,236.00,100%
319.72,3.66,66.10,246.00,100%
319.75,3.66,70.80,278.00,100%
319.78,3.63,135.20,488.00,100%
319.78,3.66,64.50,236.00,100%
319.81,3.66,71.90,262.00,100%
319.87,3.66,70.20,256.00,100%
319.87,3.66,65.40,240.00,100%
319.90,3.64,148.40,764.00,100%
319.90,3.66,72.00,236.00,100%
319.92,3.66,66.10,242.00,100%
319.96,3.66,75.10,276.00,100%
319.98,3.66,66.10,242.00,100%
320.02,3.63,116.20,420.00,100%
320.02,3.66,78.60,288.00,100%
320.04,3.66,70.40,256.00,100%
320.07,3.66,66.60,262.00,100%
320.10,3.66,72.30,266.00,100%
320.14,3.64,148.30,560.00,100%
320.14,3.66,66.80,250.00,100%
320.16,3.66,74.30,272.00,100%
320.19,3.66,66.80,242.00,100%
320.26,3.66,65.30,240.00,100%
320.26,3.64,148.20,538.00,100%
320.26,3.66,68.50,236.00,100%
320.29,3.66,65.80,268.00,100%
320.32,3.66,73.00,262.00,100%
320.34,3.65,70.40,240.00,100%
320.37,3.64,139.60,502.00,100%
320.38,3.66,72.50,266.00,100%
320.41,3.66,65.40,240.00,100%
320.44,3.66,68.90,252.00,100%
320.46,3.65,75.30,276.00,100%
320.50,3.64,143.00,708.00,100%
320.50,3.66,65.80,258.00,100%
320.53,3.66,77.00,252.00,100%
320.55,3.66,64.90,236.00,100%
320.58,3.66,69.00,252.00,100%
320.61,3.64,150.10,540.00,100%
320.62,3.66,66.40,242.00,100%
320.64,3.66,72.60,266.00,100%
320.67,3.66,74.10,242.00,100%
320.70,3.65,64.50,242.00,100%
320.74,3.64,146.90,580.00,100%
320.74,3.66,75.60,246.00,100%
320.77,3.66,65.20,240.00,100%
320.79,3.66,73.30,268.00,100%
320.83,3.66,66.70,242.00,100%
320.85,3.64,140.30,508.00,100%
320.86,3.66,73.10,262.00,100%
320.88,3.66,69.90,240.00,100%
320.92,3.66,64.90,258.00,100%
320.95,3.65,74.30,272.00,100%
320.98,3.63,134.90,484.00,100%
320.98,3.66,66.70,242.00,100%
321.01,3.66,75.70,276.00,100%
321.03,3.66,66.40,242.00,100%
321.07,3.66,66.60,242.00,100%
321.10,3.63,150.50,750.00,100%
321.10,3.66,66.80,232.00,100%
321.13,3.67,65.70,266.00,100%
321.16,3.65,81.90,266.00,100%
321.18,3.65,70.50,258.00,100%
321.22,3.64,148.50,538.00,100%
321.22,3.66,73.80,268.00,100%
321.25,3.66,65.80,240.00,100%
321.28,3.66,68.80,268.00,100%
321.31,3.65,72.80,250.00,100%
321.34,3.64,143.20,550.00,100%
321.34,3.65,67.10,268.00,100%
321.36,3.66,70.30,256.00,100%
321.40,3.66,64.80,236.00,100%
321.42,3.66,69.80,256.00,100%
321.45,3.64,149.20,540.00,100%
321.46,3.66,66.00,240.00,100%
321.48,3.66,68.80,268.00,100%
321.51,3.66,75.10,250.00,100%
321.54,3.66,67.50,240.00,100%
321.57,3.64,142.60,512.00,100%
321.58,3.66,69.00,252.00,100%
321.60,3.66,64.80,236.00,100%
321.63,3.66,72.50,266.00,100%
321.67,3.65,72.40,266.00,100%
321.69,3.64,142.00,740.00,100%
321.70,3.67,69.10,268.00,100%
321.72,3.66,81.50,242.00,100%
321.75,3.66,72.90,266.00,100%
321.79,3.66,77.70,286.00,100%
321.82,3.64,143.50,518.00,100%
321.82,3.66,64.00,232.00,100%
321.85,3.66,73.60,268.00,100%
321.88,3.66,73.00,242.00,100%
321.94,3.66,64.30,242.00,100%
321.94,3.64,146.80,514.00,100%
321.94,3.66,75.60,242.00,100%
321.97,3.66,64.80,236.00,100%
322.00,3.66,73.40,268.00,100%
322.03,3.66,67.30,246.00,100%
322.05,3.64,140.20,508.00,100%
322.06,3.66,73.10,266.00,100%
322.08,3.66,70.20,236.00,100%
322.12,3.66,64.80,256.00,100%
322.15,3.66,73.50,272.00,100%
322.18,3.63,135.70,488.00,100%
322.18,3.66,66.20,242.00,100%
322.21,3.66,74.80,272.00,100%
322.24,3.66,66.90,246.00,100%
322.27,3.66,66.20,242.00,100%
322.30,3.64,149.90,708.00,100%
322.30,3.66,73.70,230.00,100%
322.33,3.66,71.80,288.00,100%
322.36,3.66,77.90,286.00,100%
322.38,3.65,63.70,232.00,100%
322.42,3.64,145.70,528.00,100%
322.42,3.66,73.70,268.00,100%
322.45,3.66,65.80,240.00,100%
322.48,3.66,69.40,268.00,100%
322.50,3.66,74.60,246.00,100%
322.54,3.64,142.40,512.00,100%
322.54,3.66,67.90,266.00,100%
322.57,3.65,69.10,252.00,100%
322.60,3.66,65.10,240.00,100%
322.63,3.66,71.30,258.00,100%
322.65,3.64,147.90,538.00,100%
322.66,3.66,66.20,246.00,100%
322.69,3.66,70.00,276.00,100%
322.71,3.66,75.00,246.00,100%
322.75,3.66,66.90,242.00,100%
322.77,3.64,142.90,514.00,100%
322.78,3.66,67.20,246.00,100%
322.80,3.65,64.60,236.00,100%
322.83,3.67,72.00,262.00,100%
322.87,3.66,70.60,258.00,100%
322.89,3.64,148.60,708.00,100%
322.90,3.66,77.90,294.00,100%
322.93,3.66,73.50,262.00,100%
322.95,3.66,67.40,246.00,100%
322.98,3.66,73.80,268.00,100%
323.02,3.64,142.70,518.00,100%
323.02,3.66,65.50,240.00,100%
323.05,3.66,73.40,268.00,100%
323.08,3.66,70.40,240.00,100%
323.11,3.66,63.90,256.00,100%
323.14,3.64,147.90,512.00,100%
323.14,3.66,72.10,240.00,100%
323.17,3.66,68.50,250.00,100%
323.19,3.66,75.20,276.00,100%
323.22,3.66,64.70,236.00,100%
323.26,3.64,143.20,522.00,100%
323.26,3.65,77.10,252.00,100%
323.28,3.66,66.40,232.00,100%
323.31,3.66,66.90,266.00,100%
323.34,3.66,75.10,258.00,100%
323.37,3.64,133.60,482.00,100%
323.38,3.66,72.00,262.00,100%
323.41,3.66,71.60,262.00,100%
323.44,3.65,77.00,282.00,100%
323.46,3.66,73.50,286.00,100%
323.49,3.64,147.00,558.00,100%
323.50,3.66,73.10,240.00,100%
323.52,3.65,66.80,246.00,100%
323.55,3.66,74.30,272.00,100%
323.58,3.66,67.60,246.00,100%
323.62,3.64,143.00,518.00,100%
323.62,3.66,72.90,266.00,100%
323.64,3.66,70.80,242.00,100%
323.67,3.66,64.40,252.00,100%
323.71,3.66,74.00,272.00,100%
323.74,3.63,148.70,512.00,100%
323.74,3.66,66.20,242.00,100%
323.77,3.66,75.80,276.00,100%
323.80,3.65,66.30,242.00,100%
323.83,3.66,65.30,240.00,100%
323.86,3.64,151.30,534.00,100%
323.86,3.66,70.20,236.00,100%
323.88,3.66,65.30,252.00,100%
323.92,3.66,73.40,276.00,100%
323.95,3.65,65.90,240.00,100%
323.97,3.64,140.40,508.00,100%
323.98,3.66,73.30,268.00,100%
324.00,3.66,74.20,272.00,100%
324.04,3.66,72.10,262.00,100%
324.06,3.66,75.10,294.00,100%
324.10,3.64,145.10,504.00,100%
324.10,3.66,65.90,250.00,100%
324.12,3.66,75.80,276.00,100%
324.16,3.66,65.30,240.00,100%
324.18,3.66,65.80,240.00,100%
324.22,3.64,151.00,548.00,100%
324.25,3.65,68.80,252.00,100%
324.25,3.66,66.70,266.00,100%
324.27,3.66,72.70,262.00,100%
324.30,3.65,72.10,240.00,100%
324.34,3.64,142.00,524.00,100%
324.34,3.66,73.60,268.00,100%
324.40,3.66,66.80,242.00,100%
324.40,3.66,65.00,236.00,100%
324.42,3.66,73.30,268.00,100%
324.46,3.64,147.50,512.00,100%
324.46,3.66,64.90,262.00,100%
324.51,3.66,73.30,266.00,100%
324.52,3.65,71.40,240.00,100%
324.54,3.66,68.60,250.00,100%
324.58,3.64,150.90,548.00,100%
324.58,3.65,65.30,240.00,100%
324.61,3.66,73.80,268.00,100%
324.64,3.65,76.10,276.00,100%
324.66,3.66,67.60,236.00,100%
324.69,3.64,140.90,538.00,100%
324.70,3.66,73.80,258.00,100%
324.72,3.65,64.50,236.00,100%
324.75,3.66,70.00,256.00,100%
324.78,3.65,73.50,268.00,100%
324.81,3.64,143.20,518.00,100%
324.82,3.66,68.50,250.00,100%
324.85,3.65,77.20,252.00,100%
324.87,3.66,65.50,232.00,100%
324.90,3.66,66.70,262.00,100%
324.94,3.63,145.90,528.00,100%
324.94,3.66,63.40,232.00,100%
324.97,3.66,72.00,262.00,100%
325.00,3.66,72.60,266.00,100%
325.03,3.65,65.60,240.00,100%
325.06,3.64,147.70,544.00,100%
325.06,3.66,74.50,242.00,100%
325.09,3.66,67.40,240.00,100%
325.12,3.66,67.70,262.00,100%
325.15,3.65,69.20,252.00,100%
325.18,3.64,146.10,530.00,100%
325.18,3.66,76.50,278.00,100%
325.21,3.66,73.80,268.00,100%
325.23,3.66,67.40,242.00,100%
325.26,3.66,66.50,262.00,100%
325.30,3.64,149.70,528.00,100%
325.30,3.66,69.40,240.00,100%
325.33,3.66,71.10,258.00,100%
325.35,3.66,72.90,266.00,100%
325.38,3.66,64.30,236.00,100%
325.42,3.64,146.40,530.00,100%
325.42,3.66,76.20,250.00,100%
325.45,3.66,66.90,236.00,100%
325.48,3.66,66.00,266.00,100%
325.51,3.66,74.20,262.00,100%
325.53,3.64,140.20,508.00,100%
325.54,3.66,68.90,252.00,100%
325.56,3.66,74.60,272.00,100%
325.59,3.66,66.30,242.00,100%
325.63,3.66,66.70,242.00,100%
325.65,3.64,149.90,530.00,100%
325.66,3.66,67.80,232.00,100%
325.68,3.66,65.60,258.00,100%
325.72,3.65,74.20,272.00,100%
325.75,3.65,70.50,258.00,100%
325.78,3.64,152.10,550.00,100%
325.78,3.66,73.30,268.00,100%
325.81,3.65,68.00,250.00,100%
325.83,3.66,66.80,268.00,100%
325.86,3.66,71.50,258.00,100%
325.89,3.63,146.70,512.00,100%
325.90,3.66,66.70,250.00,100%
325.92,3.66,74.20,272.00,100%
325.96,3.66,67.20,246.00,100%
325.98,3.66,64.50,236.00,100%
326.02,3.64,150.90,548.00,100%
326.02,3.66,71.50,242.00,100%
326.05,3.65,64.20,250.00,100%
326.08,3.66,72.60,278.00,100%
326.11,3.66,75.40,242.00,100%
326.13,3.64,141.10,512.00,100%
326.14,3.66,73.20,266.00,100%
326.16,3.66,68.50,250.00,100%
326.20,3.66,64.90,236.00,100%
326.22,3.66,73.00,276.00,100%
326.26,3.64,149.00,512.00,100%
326.26,3.66,66.00,242.00,100%
326.28,3.66,59.70,266.00,100%
326.31,3.65,72.60,266.00,100%
326.35,3.66,71.10,258.00,100%
326.38,3.64,148.40,538.00,100%
326.38,3.66,73.50,268.00,100%
326.41,3.66,66.10,240.00,100%
326.43,3.66,67.70,266.00,100%
326.47,3.66,73.30,252.00,100%
326.49,3.63,144.90,512.00,100%
326.50,3.66,70.90,258.00,100%
326.52,3.66,72.30,266.00,100%
326.55,3.65,65.50,240.00,100%
326.58,3.66,66.90,246.00,100%
326.62,3.63,150.70,544.00,100%
326.62,3.66,69.60,240.00,100%
326.64,3.66,64.30,256.00,100%
326.68,3.66,73.80,272.00,100%
326.70,3.65,65.70,240.00,100%
326.74,3.64,143.30,518.00,100%
326.74,3.66,73.40,268.00,100%
326.77,3.66,68.00,250.00,100%
326.79,3.66,65.30,240.00,100%
326.82,3.66,75.30,272.00,100%
326.85,3.64,145.80,504.00,100%
326.86,3.65,47.10,246.00,100%
326.88,3.66,78.10,216.00,100%
326.92,3.65,72.70,266.00,100%
326.95,3.66,65.50,240.00,100%
326.98,3.64,147.70,534.00,100%
326.98,3.65,71.00,258.00,100%
327.01,3.66,66.60,252.00,100%
327.03,3.66,69.10,266.00,100%
327.07,3.65,76.00,250.00,100%
327.10,3.64,143.40,512.00,100%
327.10,3.66,72.50,266.00,100%
327.12,3.65,71.60,262.00,100%
327.15,3.66,64.20,236.00,100%
327.18,3.66,69.90,256.00,100%
327.22,3.64,151.10,522.00,100%
327.22,3.66,65.90,232.00,100%
327.25,3.66,66.70,268.00,100%
327.28,3.65,74.70,258.00,100%
327.31,3.65,63.60,232.00,100%
327.33,3.64,148.20,538.00,100%
327.34,3.66,73.70,268.00,100%
327.36,3.66,66.00,242.00,100%
327.39,3.66,66.90,262.00,100%
327.43,3.65,73.20,256.00,100%
327.46,3.64,123.60,508.00,100%
327.46,3.65,72.50,194.00,100%
327.49,3.66,80.70,294.00,100%
327.52,3.65,64.80,236.00,100%
327.55,3.66,66.40,242.00,100%
327.58,3.64,151.30,548.00,100%
327.58,3.66,69.10,252.00,100%
327.61,3.66,66.00,262.00,100%
327.63,3.66,72.60,268.00,100%
327.67,3.65,73.20,242.00,100%
327.70,3.64,144.00,522.00,100%
327.70,3.66,71.60,262.00,100%
327.73,3.65,68.20,250.00,100%
327.76,3.66,64.80,236.00,100%
327.79,3.66,74.30,272.00,100%
327.82,3.63,148.00,512.00,100%
327.82,3.66,63.90,242.00,100%
327.85,3.66,71.30,272.00,100%
327.88,3.66,67.10,246.00,100%
327.91,3.66,64.00,232.00,100%
327.94,3.64,150.30,544.00,100%
327.94,3.66,68.40,250.00,100%
327.97,3.66,64.70,236.00,100%
327.99,3.66,74.10,276.00,100%
328.06,3.65,49.20,232.00,100%
328.06,3.64,148.40,440.00,100%
328.06,3.66,70.40,292.00,100%
328.08,3.65,66.50,242.00,100%
328.11,3.66,65.60,240.00,100%
328.15,3.66,72.40,266.00,100%
328.18,3.63,148.50,538.00,100%
328.18,3.66,66.50,250.00,100%
328.21,3.66,68.80,262.00,100%
328.24,3.66,76.20,250.00,100%
328.27,3.66,68.20,240.00,100%
328.30,3.64,150.20,544.00,100%
328.30,3.66,70.90,258.00,100%
328.33,3.66,64.10,232.00,100%
328.35,3.66,70.00,256.00,100%
328.39,3.66,75.80,246.00,100%
328.42,3.64,141.90,508.00,100%
328.42,3.66,66.70,272.00,100%
328.45,3.66,74.60,258.00,100%
328.48,3.65,64.10,236.00,100%
328.50,3.66,69.60,256.00,100%
328.54,3.64,150.30,544.00,100%
328.57,3.66,66.00,242.00,100%
328.57,3.66,66.40,268.00,100%
328.60,3.66,71.60,262.00,100%
328.62,3.66,75.90,176.00,100%
328.66,3.64,143.60,550.00,100%
328.66,3.66,76.60,278.00,100%
328.72,3.66,65.30,240.00,100%
328.72,3.66,65.50,240.00,100%
328.75,3.66,72.70,266.00,100%
328.78,3.63,145.00,524.00,100%
328.78,3.66,66.10,256.00,100%
328.81,3.66,70.60,272.00,100%
328.83,3.65,74.40,246.00,100%
328.87,3.66,65.70,240.00,100%
328.90,3.64,149.30,540.00,100%
328.90,3.66,70.00,256.00,100%
328.96,3.66,64.60,236.00,100%
328.96,3.66,72.00,262.00,100%
328.99,3.66,75.00,246.00,100%
329.01,3.64,139.10,504.00,100%
329.02,3.66,68.10,268.00,100%
329.05,3.66,69.30,252.00,100%
329.11,3.66,63.20,230.00,100%
329.11,3.66,72.40,266.00,100%
329.13,3.63,150.60,548.00,100%
329.14,3.66,65.40,240.00,100%
329.17,3.67,68.90,272.00,100%
329.19,3.66,79.90,236.00,100%
329.23,3.66,72.40,262.00,100%
329.26,3.64,142.30,554.00,100%
329.26,3.66,71.70,262.00,100%
329.28,3.65,66.00,242.00,100%
329.31,3.66,66.20,242.00,100%
329.38,3.65,73.60,268.00,100%
329.38,3.64,144.90,512.00,100%
329.38,3.66,64.40,256.00,100%
329.41,3.66,74.40,272.00,100%
329.44,3.66,74.30,240.00,100%
329.47,3.66,72.30,262.00,100%
329.50,3.64,144.70,524.00,100%
329.50,3.66,65.20,240.00,100%
329.52,3.66,69.60,252.00,100%
329.56,3.66,74.90,272.00,100%
329.59,3.66,68.30,240.00,100%
329.62,3.64,139.90,498.00,100%
329.62,3.66,73.30,266.00,100%
329.65,3.65,72.00,240.00,100%
329.68,3.66,67.30,246.00,100%
329.71,3.66,76.40,278.00,100%
329.74,3.64,142.00,514.00,100%
329.74,3.67,65.00,236.00,100%
329.77,3.67,75.00,268.00,100%
329.80,3.66,77.70,222.00,100%
329.83,3.66,70.20,272.00,100%
329.86,3.64,148.60,528.00,100%
329.86,3.66,66.50,242.00,100%
329.89,3.66,65.50,240.00,100%
329.92,3.66,71.60,262.00,100%
329.95,3.66,72.50,266.00,100%
329.98,3.64,142.30,612.00,100%
329.98,3.66,67.20,262.00,100%
330.00,3.66,74.10,256.00,100%
330.07,3.66,69.60,236.00,100%
330.07,3.65,70.30,256.00,100%
330.10,3.64,149.60,540.00,100%
330.10,3.66,64.80,236.00,100%
330.13,3.66,66.60,242.00,100%
330.15,3.65,74.20,256.00,100%
330.19,3.66,68.80,236.00,100%
330.22,3.64,143.10,504.00,100%
330.22,3.66,73.60,272.00,100%
330.25,3.65,65.10,240.00,100%
330.28,3.66,65.30,240.00,100%
330.31,3.66,72.10,262.00,100%
330.34,3.65,145.00,528.00,100%
330.34,3.67,64.90,252.00,100%
330.37,3.66,77.80,276.00,100%
330.39,3.65,79.70,268.00,100%
330.43,3.65,67.10,252.00,100%
330.46,3.63,148.20,534.00,100%
330.46,3.65,70.10,256.00,100%
330.49,3.65,64.80,236.00,100%
330.51,3.66,68.20,250.00,100%
330.54,3.66,74.30,272.00,100%
330.58,3.63,143.30,518.00,100%
330.58,3.66,64.10,262.00,100%
330.61,3.66,74.20,268.00,100%
330.64,3.66,65.50,240.00,100%
330.66,3.66,65.10,236.00,100%
330.70,3.64,148.00,538.00,100%
330.70,3.66,69.00,252.00,100%
330.72,3.66,65.00,236.00,100%
330.76,3.66,72.80,278.00,100%
330.78,3.66,72.80,236.00,100%
330.82,3.64,144.60,492.00,100%
330.82,3.66,72.40,266.00,100%
330.85,3.65,69.20,252.00,100%
330.88,3.65,65.20,240.00,100%
330.91,3.67,69.60,256.00,100%
330.94,3.64,150.70,548.00,100%
330.94,3.66,74.90,240.00,100%
330.97,3.66,70.20,286.00,100%
330.99,3.66,72.70,282.00,100%
331.03,3.65,65.50,240.00,100%
331.06,3.64,141.20,512.00,100%
331.06,3.66,75.30,276.00,100%
331.08,3.66,67.60,246.00,100%
331.12,3.66,64.90,236.00,100%
331.15,3.65,74.10,276.00,100%
331.18,3.63,148.70,462.00,100%
331.18,3.66,66.60,242.00,100%
331.20,3.66,68.00,266.00,100%
331.23,3.66,68.90,252.00,100%
331.27,3.65,65.50,240.00,100%
331.30,3.64,143.60,522.00,100%
331.30,3.65,75.30,276.00,100%
331.32,3.66,68.60,242.00,100%
331.35,3.65,64.10,258.00,100%
331.38,3.65,73.20,268.00,100%
331.42,3.64,151.10,492.00,100%
331.42,3.66,66.00,240.00,100%
331.45,3.66,74.10,272.00,100%
331.48,3.67,66.90,242.00,100%
331.51,3.66,64.50,236.00,100%
331.54,3.63,156.80,602.00,100%
331.54,3.66,78.40,262.00,100%
331.57,3.66,66.30,266.00,100%
331.60,3.66,69.60,268.00,100%
331.63,3.65,67.10,246.00,100%
331.66,3.64,140.40,508.00,100%
331.66,3.66,70.70,258.00,100%
331.69,3.66,73.20,266.00,100%
331.71,3.66,67.10,242.00,100%
331.75,3.66,66.60,258.00,100%
331.78,3.64,151.60,508.00,100%
331.78,3.65,70.20,236.00,100%
331.81,3.66,69.50,252.00,100%
331.83,3.66,74.10,272.00,100%
331.86,3.65,65.00,236.00,100%
331.90,3.64,141.10,512.00,100%
331.90,3.66,73.70,258.00,100%
331.92,3.66,69.00,236.00,100%
331.95,3.66,65.50,258.00,100%
332.02,3.66,73.10,276.00,100%
332.02,3.63,140.50,508.00,100%
332.02,3.66,65.10,240.00,100%
332.05,3.67,71.30,258.00,100%
332.08,3.66,69.60,256.00,100%
332.10,3.66,72.00,250.00,100%
332.14,3.64,153.60,544.00,100%
332.14,3.66,74.80,266.00,100%
332.17,3.65,67.10,240.00,100%
332.20,3.66,72.80,266.00,100%
332.23,3.66,70.10,256.00,100%
332.26,3.64,139.30,504.00,100%
332.26,3.66,69.00,252.00,100%
332.29,3.66,75.50,246.00,100%
332.32,3.66,67.30,240.00,100%
332.35,3.66,65.30,266.00,100%
332.38,3.64,151.90,512.00,100%
332.38,3.65,64.60,236.00,100%
332.44,3.66,66.60,242.00,100%
332.44,3.66,72.80,266.00,100%
332.47,3.66,67.90,250.00,100%
332.50,3.64,140.50,602.00,100%
332.50,3.65,74.20,268.00,100%
332.53,3.66,71.20,236.00,100%
332.56,3.65,65.90,246.00,100%
332.59,3.65,72.80,266.00,100%
332.62,3.64,142.50,518.00,100%
332.62,3.66,64.50,236.00,100%
332.65,3.66,72.60,266.00,100%
332.68,3.65,79.40,292.00,100%
332.71,3.66,73.40,272.00,100%
332.74,3.64,144.90,530.00,100%
332.74,3.66,76.80,252.00,100%
332.77,3.66,64.50,236.00,100%
332.80,3.66,71.00,258.00,100%
332.82,3.65,72.80,266.00,100%
332.86,3.64,140.80,512.00,100%
332.86,3.66,67.30,246.00,100%
332.89,3.65,75.10,256.00,100%
332.92,3.66,67.10,232.00,100%
332.95,3.65,65.60,258.00,100%
332.98,3.64,149.40,540.00,100%
332.98,3.66,64.50,236.00,100%
333.01,3.66,66.20,242.00,100%
333.04,3.66,73.20,266.00,100%
333.07,3.65,69.60,256.00,100%
333.10,3.64,143.00,522.00,100%
333.10,3.66,70.20,268.00,100%
333.12,3.65,74.80,242.00,100%
333.15,3.66,65.50,240.00,100%
333.18,3.65,70.60,258.00,100%
333.22,3.65,146.30,530.00,100%
333.22,3.66,64.50,236.00,100%
333.25,3.65,76.50,278.00,100%
333.28,3.66,83.20,276.00,100%
333.31,3.66,65.30,250.00,100%
333.34,3.64,144.10,518.00,100%
333.34,3.65,72.10,262.00,100%
333.36,3.66,63.80,232.00,100%
333.40,3.66,68.20,250.00,100%
333.43,3.66,74.70,272.00,100%
333.46,3.63,143.00,600.00,100%
333.46,3.66,66.40,266.00,100%
333.49,3.66,71.90,262.00,100%
333.52,3.66,73.30,242.00,100%
333.55,3.66,66.50,242.00,100%
333.58,3.64,146.50,530.00,100%
333.61,3.66,69.80,256.00,100%
333.61,3.66,63.70,232.00,100%
333.64,3.65,71.40,258.00,100%
333.67,3.66,75.80,246.00,100%
333.70,3.64,143.00,476.00,100%
333.70,3.66,67.20,266.00,100%
333.76,3.66,74.10,258.00,100%
333.76,3.65,63.30,232.00,100%
333.78,3.67,69.50,252.00,100%
333.82,3.63,149.90,544.00,100%
333.82,3.65,74.20,272.00,100%
333.88,3.66,71.80,292.00,100%
333.88,3.66,72.40,276.00,100%
333.91,3.65,73.30,242.00,100%
333.94,3.63,145.30,512.00,100%
333.94,3.66,71.20,258.00,100%
333.97,3.66,70.40,256.00,100%
334.00,3.66,63.70,232.00,100%
334.03,3.66,70.40,256.00,100%
334.06,3.64,153.60,514.00,100%
334.06,3.66,65.20,230.00,100%
334.09,3.66,66.60,268.00,100%
334.12,3.65,74.50,266.00,100%
334.21,3.65,64.00,232.00,100%
334.21,3.64,143.90,522.00,100%
334.21,3.66,71.70,262.00,100%
334.21,3.66,68.30,250.00,100%
334.24,3.66,66.50,258.00,100%
334.27,3.66,71.00,266.00,100%
334.30,3.64,153.30,498.00,100%
334.30,3.65,67.50,240.00,100%
334.33,3.66,72.40,266.00,100%
334.36,3.66,72.20,262.00,100%
334.39,3.66,63.80,232.00,100%
334.42,3.64,149.80,652.00,100%
334.42,3.66,79.80,286.00,100%
334.45,3.66,68.40,246.00,100%
334.48,3.66,66.00,256.00,100%
334.51,3.66,72.60,278.00,100%
334.54,3.63,140.70,512.00,100%
334.54,3.65,65.30,240.00,100%
334.57,3.66,71.10,258.00,100%
334.60,3.66,73.20,268.00,100%
334.66,3.66,67.20,240.00,100%
334.66,3.64,143.10,508.00,100%
334.66,3.66,73.10,266.00,100%
334.69,3.65,73.00,240.00,100%
334.72,3.66,65.10,236.00,100%
334.75,3.65,73.40,268.00,100%
334.78,3.64,143.70,522.00,100%
334.78,3.66,64.80,236.00,100%
334.80,3.66,70.90,278.00,100%
334.83,3.65,75.20,246.00,100%
334.87,3.66,68.20,240.00,100%
334.90,3.64,144.30,530.00,100%
334.93,3.66,72.70,266.00,100%
334.93,3.67,66.00,242.00,100%
334.96,3.66,64.40,236.00,100%
334.99,3.66,78.70,288.00,100%
335.02,3.63,154.00,544.00,100%
335.02,3.66,64.70,256.00,100%
335.05,3.66,69.10,268.00,100%
335.08,3.65,74.60,256.00,100%
335.11,3.65,63.60,232.00,100%
335.14,3.64,145.70,528.00,100%
335.14,3.66,73.80,268.00,100%
335.17,3.66,66.60,242.00,100%
335.23,3.66,66.10,266.00,100%
335.23,3.66,73.70,262.00,100%
335.26,3.63,150.80,492.00,100%
335.26,3.66,67.00,242.00,100%
335.29,3.66,71.20,258.00,100%
335.31,3.66,70.10,256.00,100%
335.35,3.66,64.10,232.00,100%
335.38,3.64,144.50,524.00,100%
335.38,3.66,76.70,250.00,100%
335.41,3.66,66.90,236.00,100%
335.44,3.66,65.50,266.00,100%
335.47,3.66,74.60,268.00,100%
335.53,3.63,140.20,508.00,100%
335.53,3.67,65.60,240.00,100%
335.53,3.66,71.30,258.00,100%
335.56,3.66,76.80,282.00,100%
335.59,3.66,69.00,272.00,100%
335.62,3.64,147.40,514.00,100%
335.62,3.66,76.00,252.00,100%
335.65,3.66,69.30,240.00,100%
335.68,3.66,70.40,256.00,100%
335.70,3.66,74.10,268.00,100%
335.74,3.63,140.50,512.00,100%
335.74,3.66,65.50,240.00,100%
335.77,3.66,73.00,262.00,100%
335.80,3.66,70.60,236.00,100%
335.82,3.66,65.70,250.00,100%
335.86,3.64,148.70,538.00,100%
335.86,3.65,67.60,246.00,100%
335.89,3.66,64.40,236.00,100%
335.91,3.66,70.60,258.00,100%
335.95,3.66,73.90,268.00,100%
335.98,3.64,144.80,502.00,100%
335.98,3.65,65.70,266.00,100%
336.01,3.66,72.50,262.00,100%
336.04,3.65,72.10,240.00,100%
336.07,3.66,66.50,242.00,100%
336.10,3.65,148.00,538.00,100%
336.10,3.65,66.00,240.00,100%
336.12,3.66,71.50,262.00,100%
336.15,3.65,74.30,298.00,100%
336.19,3.66,74.90,250.00,100%
336.22,3.64,144.90,488.00,100%
336.22,3.66,66.60,268.00,100%
336.25,3.66,71.70,262.00,100%
336.28,3.65,65.00,240.00,100%
336.31,3.66,65.80,240.00,100%
336.34,3.64,147.90,534.00,100%
336.34,3.66,70.30,236.00,100%
336.37,3.66,65.20,250.00,100%
336.40,3.66,70.40,268.00,100%
336.43,3.65,76.70,250.00,100%
336.46,3.64,139.20,504.00,100%
336.46,3.66,71.80,262.00,100%
336.49,3.66,72.50,266.00,100%
336.52,3.66,65.50,240.00,100%
336.55,3.66,66.90,266.00,100%
336.58,3.63,148.80,502.00,100%
336.58,3.66,69.80,236.00,100%
336.61,3.66,66.50,252.00,100%
336.64,3.66,75.00,276.00,100%
336.67,3.66,66.90,246.00,100%
336.70,3.63,129.40,468.00,100%
336.70,3.67,79.40,288.00,100%
336.72,3.66,74.90,266.00,100%
336.76,3.66,65.80,240.00,100%
336.78,3.66,66.70,262.00,100%
336.82,3.63,149.10,528.00,100%
336.82,3.65,64.30,236.00,100%
336.85,3.66,67.80,246.00,100%
336.88,3.66,74.60,272.00,100%
336.91,3.66,67.80,250.00,100%
336.94,3.63,140.50,504.00,100%
336.94,3.66,72.40,272.00,100%
337.00,3.66,73.80,242.00,100%
337.00,3.66,67.30,240.00,100%
337.03,3.66,71.10,258.00,100%
337.06,3.63,146.30,530.00,100%
337.06,3.65,64.40,236.00,100%
337.09,3.66,68.20,250.00,100%
337.12,3.65,74.50,250.00,100%
337.15,3.66,68.20,236.00,100%
337.18,3.64,140.60,508.00,100%
337.18,3.66,74.00,272.00,100%
337.20,3.65,65.00,236.00,100%
337.24,3.66,65.40,240.00,100%
337.27,3.65,49.50,180.00,100%
337.30,3.64,151.70,550.00,100%
337.30,3.66,65.50,268.00,100%
337.33,3.66,68.50,268.00,100%
337.36,3.66,73.50,252.00,100%
337.39,3.66,69.10,236.00,100%
337.42,3.64,145.50,528.00,100%
337.42,3.66,73.60,268.00,100%
337.45,3.65,65.40,240.00,100%
337.48,3.66,65.50,240.00,100%
337.51,3.66,73.30,262.00,100%
337.54,3.63,146.40,488.00,100%
337.54,3.66,65.20,246.00,100%
337.57,3.66,69.80,268.00,100%
337.60,3.66,68.00,250.00,100%
337.63,3.66,64.40,236.00,100%
337.66,3.64,145.90,528.00,100%
337.66,3.66,74.20,272.00,100%
337.69,3.66,67.00,236.00,100%
337.71,3.66,65.50,266.00,100%
337.75,3.65,72.70,262.00,100%
337.78,3.63,147.70,508.00,100%
337.78,3.66,66.40,242.00,100%
337.81,3.65,73.20,266.00,100%
337.83,3.65,49.00,180.00,100%
337.87,3.65,71.40,262.00,100%
337.90,3.64,147.30,530.00,100%
337.90,3.66,74.30,242.00,100%
337.93,3.66,66.60,240.00,100%
337.96,3.66,67.20,266.00,100%
338.02,3.65,71.00,258.00,100%
338.02,3.63,141.30,512.00,100%
338.02,3.66,66.60,242.00,100%
338.05,3.66,73.50,268.00,100%
338.08,3.66,69.00,236.00,100%
338.11,3.66,64.80,256.00,100%
338.14,3.64,148.80,528.00,100%
338.14,3.65,74.80,242.00,100%
338.16,3.66,64.30,236.00,100%
338.19,3.66,72.30,262.00,100%
338.26,3.66,69.50,252.00,100%
338.26,3.64,140.10,508.00,100%
338.26,3.66,70.70,272.00,100%
338.29,3.66,75.20,246.00,100%
338.31,3.66,67.40,240.00,100%
338.35,3.66,67.00,266.00,100%
338.38,3.64,146.20,530.00,100%
338.38,3.66,65.00,236.00,100%
338.41,3.66,69.60,256.00,100%
338.44,3.66,80.00,292.00,100%
338.47,3.66,68.60,262.00,100%
338.50,3.64,140.40,508.00,100%
338.50,3.66,73.70,272.00,100%
338.53,3.66,74.10,242.00,100%
338.56,3.66,64.60,236.00,100%
338.59,3.66,72.90,266.00,100%
338.62,3.64,143.00,518.00,100%
338.62,3.66,64.60,236.00,100%
338.65,3.66,72.10,276.00,100%
338.68,3.66,74.10,240.00,100%
338.71,3.66,66.60,242.00,100%
338.74,3.64,145.50,534.00,100%
338.74,3.65,69.40,252.00,100%
338.77,3.66,64.90,236.00,100%
338.80,3.66,68.10,250.00,100%
338.83,3.66,75.00,272.00,100%
338.86,3.63,143.40,472.00,100%
338.86,3.66,64.80,262.00,100%
338.89,3.66,75.10,268.00,100%
338.92,3.65,73.10,240.00,100%
338.95,3.66,65.50,240.00,100%
338.98,3.64,148.90,540.00,100%
338.98,3.65,74.30,272.00,100%
339.01,3.66,71.40,258.00,100%
339.04,3.65,72.80,298.00,100%
339.06,3.66,73.40,240.00,100%
339.10,3.64,142.30,502.00,100%
339.10,3.66,67.70,272.00,100%
339.12,3.65,69.90,256.00,100%
339.16,3.66,65.30,240.00,100%
339.19,3.66,67.20,246.00,100%
339.22,3.64,150.90,548.00,100%
339.22,3.66,69.00,240.00,100%
339.25,3.66,64.10,256.00,100%
339.28,3.65,74.20,272.00,100%
339.31,3.65,74.30,240.00,100%
339.34,3.63,140.10,508.00,100%
339.34,3.66,73.70,268.00,100%
339.37,3.66,68.30,250.00,100%
339.40,3.66,64.80,236.00,100%
339.43,3.66,72.40,278.00,100%
339.46,3.63,149.60,492.00,100%
339.46,3.66,64.10,262.00,100%
339.49,3.65,73.30,268.00,100%
339.52,3.65,65.70,240.00,100%
339.55,3.67,65.00,236.00,100%
339.58,3.64,173.60,626.00,100%
339.58,3.66,75.90,278.00,100%
339.61,3.66,70.80,258.00,100%
339.63,3.66,72.40,294.00,100%
339.67,3.66,73.70,242.00,100%
339.70,3.64,142.40,734.00,100%
339.70,3.66,72.80,266.00,100%
339.72,3.66,70.70,258.00,100%
339.76,3.65,65.10,240.00,100%
339.79,3.66,67.70,246.00,100%
339.82,3.63,142.40,760.00,100%
339.82,3.66,69.30,240.00,100%
339.85,3.66,63.90,256.00,100%
339.88,3.66,73.60,272.00,100%
339.91,3.65,65.60,240.00,100%
339.94,3.64,199.00,720.00,100%
339.94,3.66,72.60,266.00,100%
339.97,3.66,69.50,252.00,100%
340.00,3.66,65.30,240.00,100%
340.03,3.65,71.50,278.00,100%
340.06,3.64,149.80,658.00,100%
340.06,3.65,67.10,240.00,100%
340.09,3.66,73.80,268.00,100%
340.12,3.66,70.60,258.00,100%
340.18,3.66,64.80,236.00,100%
340.18,3.64,148.90,544.00,100%
340.18,3.65,78.00,286.00,100%
340.21,3.66,68.50,250.00,100%
340.24,3.66,64.60,258.00,100%
340.27,3.66,73.90,268.00,100%
340.30,3.63,200.50,724.00,100%
340.30,3.66,65.30,240.00,100%
340.33,3.66,73.00,266.00,100%
340.36,3.65,68.40,250.00,100%
340.39,3.66,65.10,240.00,100%
340.42,3.64,143.20,550.00,100%
340.42,3.66,72.70,240.00,100%
340.45,3.66,66.30,242.00,100%
340.48,3.66,72.00,262.00,100%
340.51,3.65,68.30,250.00,100%
340.54,3.64,156.30,564.00,100%
340.54,3.66,70.60,258.00,100%
340.57,3.66,74.60,272.00,100%
340.59,3.66,66.50,240.00,100%
340.62,3.66,65.90,268.00,100%
340.66,3.64,149.00,802.00,100%
340.66,3.65,64.70,236.00,100%
340.69,3.67,67.70,246.00,100%
340.71,3.66,68.60,250.00,100%
340.75,3.66,73.70,268.00,100%
340.78,3.64,138.30,498.00,100%
340.78,3.65,74.70,272.00,100%
340.81,3.66,70.40,236.00,100%
340.84,3.66,65.90,246.00,100%
340.87,3.66,72.60,266.00,100%
340.90,3.64,185.20,672.00,100%
340.90,3.66,64.50,236.00,100%
340.93,3.66,73.20,266.00,100%
340.96,3.65,72.60,266.00,100%
340.99,3.65,65.80,246.00,100%
341.02,3.64,143.10,708.00,100%
341.02,3.65,76.80,250.00,100%
341.05,3.66,64.50,236.00,100%
341.08,3.66,70.70,258.00,100%
341.11,3.66,73.20,268.00,100%
341.14,3.63,129.30,376.00,100%
341.14,3.66,66.40,242.00,100%
341.17,3.65,73.90,258.00,100%
341.20,3.66,69.60,236.00,100%
341.23,3.66,65.80,252.00,100%
341.26,3.64,213.80,774.00,100%
341.26,3.66,66.70,242.00,100%
341.29,3.66,48.50,176.00,100%
341.32,3.66,79.10,288.00,100%
341.35,3.65,74.60,272.00,100%
341.38,3.63,137.10,548.00,100%
341.38,3.66,66.00,262.00,100%
341.41,3.65,73.40,258.00,100%
341.44,3.65,64.50,236.00,100%
341.47,3.66,67.30,246.00,100%
341.50,3.64,165.40,596.00,100%
341.50,3.66,67.70,246.00,100%
341.53,3.66,65.50,240.00,100%
341.56,3.66,73.40,272.00,100%
341.59,3.66,73.20,242.00,100%
341.62,3.63,141.70,756.00,100%
341.62,3.66,72.60,266.00,100%
341.65,3.65,70.50,258.00,100%
341.68,3.65,65.20,240.00,100%
341.71,3.66,67.20,246.00,100%
341.74,3.63,144.00,482.00,100%
341.74,3.66,70.00,240.00,100%
341.77,3.66,64.20,250.00,100%
341.80,3.65,71.00,272.00,100%
341.83,3.65,67.40,246.00,100%
341.86,3.64,185.40,672.00,100%
341.86,3.65,49.30,180.00,100%
341.89,3.66,80.70,294.00,100%
341.92,3.65,67.40,246.00,100%
341.95,3.66,66.40,268.00,100%
341.98,3.63,148.90,718.00,100%
341.98,3.65,72.30,240.00,100%
342.01,3.65,66.30,242.00,100%
342.04,3.66,71.20,258.00,100%
342.07,3.66,69.90,256.00,100%
342.10,3.64,128.70,462.00,100%
342.10,3.65,69.80,256.00,100%
342.13,3.65,77.20,252.00,100%
342.15,3.66,66.60,232.00,100%
342.18,3.66,65.70,262.00,100%
342.22,3.64,216.80,786.00,100%
342.22,3.66,65.00,236.00,100%
342.25,3.66,65.00,236.00,100%
342.28,3.66,72.50,266.00,100%
342.31,3.65,72.50,266.00,100%
342.34,3.64,136.50,544.00,100%
342.34,3.66,65.70,258.00,100%
342.37,3.65,73.80,258.00,100%
342.40,3.65,64.70,236.00,100%
342.43,3.66,66.60,242.00,100%
342.46,3.63,139.10,502.00,100%
342.46,3.66,75.20,276.00,100%
342.49,3.66,65.10,240.00,100%
342.52,3.65,72.00,282.00,100%
342.55,3.66,74.20,242.00,100%
342.58,3.64,143.30,760.00,100%
342.58,3.66,72.00,262.00,100%
342.61,3.66,72.30,266.00,100%
342.64,3.65,65.90,242.00,100%
342.67,3.66,65.00,236.00,100%
342.70,3.63,142.10,472.00,100%
342.70,3.66,72.40,242.00,100%
342.73,3.66,63.60,240.00,100%
342.76,3.66,68.90,266.00,100%
342.79,3.66,69.10,252.00,100%
342.82,3.63,191.50,694.00,100%
342.82,3.66,70.60,258.00,100%
342.85,3.66,74.30,272.00,100%
342.88,3.66,66.60,242.00,100%
342.91,3.65,66.90,268.00,100%
342.94,3.64,148.50,684.00,100%
342.94,3.65,73.10,240.00,100%
342.97,3.66,66.80,242.00,100%
343.00,3.65,70.80,258.00,100%
343.02,3.65,49.60,180.00,100%
343.06,3.63,138.50,498.00,100%
343.06,3.66,69.20,252.00,100%
343.09,3.65,77.20,252.00,100%
343.12,3.66,66.10,230.00,100%
343.15,3.65,65.70,262.00,100%
343.18,3.64,150.40,764.00,100%
343.18,3.65,64.30,236.00,100%
343.21,3.66,66.50,242.00,100%
343.24,3.66,71.60,262.00,100%
343.27,3.65,70.10,256.00,100%
343.30,3.64,136.70,528.00,100%
343.30,3.66,68.40,268.00,100%
343.33,3.65,76.70,250.00,100%
343.36,3.65,68.90,236.00,100%
343.39,3.66,70.90,258.00,100%
343.42,3.64,171.30,620.00,100%
343.42,3.66,64.60,236.00,100%
343.45,3.66,66.30,242.00,100%
343.48,3.66,74.20,262.00,100%
343.51,3.66,69.30,232.00,100%
343.54,3.64,141.90,730.00,100%
343.54,3.66,71.70,276.00,100%
343.57,3.66,66.10,242.00,100%
343.60,3.65,45.40,168.00,100%
343.62,3.66,78.00,286.00,100%
343.66,3.64,141.80,512.00,100%
343.66,3.66,66.60,240.00,100%
343.69,3.66,66.60,258.00,100%
343.72,3.66,73.70,258.00,100%
343.75,3.65,70.80,240.00,100%
343.78,3.64,205.50,744.00,100%
343.78,3.66,75.00,272.00,100%
343.81,3.65,66.50,242.00,100%
343.84,3.66,64.70,236.00,100%
343.87,3.66,74.00,268.00,100%
343.90,3.64,147.60,636.00,100%
343.90,3.66,65.60,242.00,100%
343.93,3.66,68.00,266.00,100%
343.96,3.65,69.20,252.00,100%
343.99,3.65,63.90,232.00,100%
344.02,3.64,142.90,514.00,100%
344.02,3.66,75.30,276.00,100%
344.05,3.66,67.50,246.00,100%
344.08,3.65,65.30,262.00,100%
344.14,3.66,72.80,266.00,100%
344.14,3.63,148.90,764.00,100%
344.14,3.66,65.30,240.00,100%
344.17,3.66,53.10,194.00,100%
344.20,3.66,77.80,286.00,100%
344.23,3.66,65.10,240.00,100%
344.26,3.64,138.30,658.00,100%
344.26,3.65,74.80,256.00,100%
344.29,3.66,67.80,232.00,100%
344.32,3.65,65.80,256.00,100%
344.35,3.66,75.70,276.00,100%
344.38,3.63,177.50,642.00,100%
344.38,3.66,64.90,236.00,100%
344.41,3.66,72.30,262.00,100%
344.44,3.65,73.80,268.00,100%
344.47,3.66,67.40,242.00,100%
344.50,3.64,139.80,720.00,100%
344.50,3.65,72.70,266.00,100%
344.53,3.65,65.60,240.00,100%
344.55,3.66,65.10,240.00,100%
344.59,3.66,73.20,266.00,100%
344.62,3.63,135.20,488.00,100%
344.62,3.66,64.90,236.00,100%
344.65,3.66,70.90,268.00,100%
344.68,3.65,74.20,242.00,100%
344.71,3.65,68.30,236.00,100%
344.74,3.64,204.00,740.00,100%
344.74,3.65,64.00,232.00,100%
344.77,3.66,73.60,268.00,100%
344.80,3.66,64.50,236.00,100%
344.83,3.66,73.90,268.00,100%
344.86,3.63,145.10,580.00,100%
344.86,3.65,64.10,236.00,100%
344.89,3.66,68.10,266.00,100%
344.92,3.65,74.80,256.00,100%
344.95,3.65,63.20,230.00,100%
344.98,3.64,156.80,564.00,100%
344.98,3.66,74.10,268.00,100%
345.01,3.66,67.00,246.00,100%
345.04,3.65,66.80,266.00,100%
345.07,3.66,72.70,266.00,100%
345.10,3.63,148.60,776.00,100%
345.10,3.66,67.30,242.00,100%
345.13,3.65,70.60,258.00,100%
345.16,3.65,70.30,256.00,100%
345.19,3.66,63.50,232.00,100%
345.22,3.64,139.60,502.00,100%
345.22,3.66,76.70,250.00,100%
345.25,3.66,67.20,232.00,100%
345.28,3.66,65.40,266.00,100%
345.31,3.65,63.90,272.00,100%
345.34,3.63,184.60,668.00,100%
345.34,3.66,72.00,262.00,100%
345.37,3.66,71.60,262.00,100%
345.40,3.66,70.40,256.00,100%
345.43,3.66,65.70,246.00,100%
345.46,3.64,144.40,698.00,100%
345.46,3.66,75.60,250.00,100%
345.52,3.66,68.30,240.00,100%
345.52,3.66,71.30,258.00,100%
345.55,3.66,72.80,266.00,100%
345.58,3.63,134.10,484.00,100%
345.58,3.66,65.90,240.00,100%
345.61,3.66,72.90,266.00,100%
345.64,3.66,71.00,240.00,100%
345.67,3.66,64.30,246.00,100%
345.70,3.64,144.80,790.00,100%
345.70,3.65,67.60,246.00,100%
345.73,3.66,63.60,232.00,100%
345.76,3.66,72.00,262.00,100%
345.79,3.66,73.20,266.00,100%
345.82,3.64,136.80,524.00,100%
345.82,3.66,66.90,272.00,100%
345.85,3.66,70.90,258.00,100%
345.88,3.66,66.50,240.00,100%
345.91,3.66,72.90,266.00,100%
345.94,3.64,185.30,668.00,100%
345.94,3.65,70.10,256.00,100%
345.97,3.65,64.80,236.00,100%
346.00,3.65,69.10,252.00,100%
346.03,3.66,74.40,252.00,100%
346.06,3.64,142.00,638.00,100%
346.06,3.66,65.50,256.00,100%
346.09,3.66,75.30,276.00,100%
346.12,3.65,65.60,240.00,100%
346.15,3.65,65.50,240.00,100%
346.21,3.64,138.80,498.00,100%
346.21,3.65,73.10,266.00,100%
346.21,3.66,67.60,240.00,100%
346.24,3.66,64.40,262.00,100%
346.27,3.66,73.20,262.00,100%
346.30,3.63,147.10,718.00,100%
346.30,3.66,65.50,240.00,100%
346.33,3.66,73.90,268.00,100%
346.36,3.66,67.50,246.00,100%
346.39,3.66,64.70,236.00,100%
346.42,3.64,144.80,662.00,100%
346.42,3.66,74.40,240.00,100%
346.45,3.66,57.00,240.00,100%
346.48,3.66,73.70,272.00,100%
346.51,3.66,78.50,286.00,100%
346.54,3.63,151.60,548.00,100%
346.57,3.66,64.60,236.00,100%
346.57,3.66,72.50,266.00,100%
346.60,3.66,70.70,236.00,100%
346.63,3.66,64.70,246.00,100%
346.66,3.64,145.70,820.00,100%
346.66,3.66,76.90,250.00,100%
346.69,3.65,63.80,232.00,100%
346.72,3.66,71.50,262.00,100%
346.75,3.66,72.30,262.00,100%
346.78,3.64,136.10,492.00,100%
346.78,3.66,66.70,258.00,100%
346.81,3.65,73.10,258.00,100%
346.84,3.66,69.40,236.00,100%
346.87,3.66,65.60,252.00,100%
346.90,3.63,193.60,702.00,100%
346.90,3.65,65.90,240.00,100%
346.93,3.66,64.90,236.00,100%
346.96,3.66,73.10,266.00,100%
347.02,3.66,72.40,266.00,100%
347.02,3.64,141.60,250.00,100%
347.02,3.66,50.60,262.00,100%
347.05,3.65,80.60,252.00,100%
347.08,3.65,71.60,262.00,100%
347.11,3.66,68.80,252.00,100%
347.14,3.63,142.10,512.00,100%
347.14,3.65,66.60,242.00,100%
347.17,3.66,65.10,240.00,100%
347.20,3.66,75.40,268.00,100%
347.23,3.66,70.20,232.00,100%
347.26,3.64,140.90,754.00,100%
347.26,3.66,73.20,266.00,100%
347.29,3.66,67.30,246.00,100%
347.32,3.66,65.00,236.00,100%
347.35,3.66,70.80,258.00,100%
347.38,3.63,143.90,564.00,100%
347.38,3.66,67.60,240.00,100%
347.41,3.66,64.40,262.00,100%
347.44,3.66,73.60,258.00,100%
347.47,3.65,71.80,240.00,100%
347.50,3.64,169.70,612.00,100%
347.50,3.66,76.60,278.00,100%
347.53,3.66,66.80,242.00,100%
347.56,3.66,64.50,236.00,100%
347.59,3.66,74.40,272.00,100%
347.62,3.63,128.60,748.00,100%
347.62,3.65,73.30,232.00,100%
347.65,3.66,68.30,292.00,100%
347.68,3.65,68.60,250.00,100%
347.71,3.66,65.00,236.00,100%
347.74,3.64,135.90,488.00,100%
347.74,3.66,75.10,276.00,100%
347.77,3.66,68.30,240.00,100%
347.80,3.66,64.60,262.00,100%
347.83,3.65,73.70,268.00,100%
347.86,3.63,148.40,724.00,100%
347.86,3.66,65.30,240.00,100%
347.89,3.66,73.30,268.00,100%
347.92,3.65,67.30,246.00,100%
347.95,3.66,64.70,236.00,100%
348.01,3.64,147.00,666.00,100%
348.01,3.66,73.40,240.00,100%
348.01,3.66,66.10,240.00,100%
348.04,3.66,68.10,266.00,100%
348.07,3.65,68.80,252.00,100%
348.10,3.63,144.00,522.00,100%
348.10,3.66,69.80,256.00,100%
348.13,3.66,74.60,272.00,100%
348.16,3.66,66.70,236.00,100%
348.19,3.66,49.10,266.00,100%
348.22,3.64,153.60,750.00,100%
348.22,3.65,70.60,262.00,100%
348.25,3.65,68.30,250.00,100%
348.28,3.66,74.50,272.00,100%
348.32,3.66,66.20,242.00,100%
348.34,3.64,135.60,488.00,100%
348.34,3.66,72.40,266.00,100%
348.37,3.66,71.40,240.00,100%
348.40,3.66,64.70,250.00,100%
348.42,3.66,70.70,272.00,100%
348.46,3.63,179.30,648.00,100%
348.46,3.66,63.80,232.00,100%
348.49,3.66,73.50,268.00,100%
348.52,3.66,71.30,258.00,100%
348.55,3.66,65.40,240.00,100%
348.58,3.64,144.50,724.00,100%
348.58,3.65,72.10,246.00,100%
348.61,3.65,68.00,236.00,100%
348.64,3.66,72.00,262.00,100%
348.67,3.66,71.60,262.00,100%
348.70,3.63,129.40,466.00,100%
348.70,3.66,66.50,242.00,100%
348.73,3.65,73.20,266.00,100%
348.76,3.66,53.10,240.00,100%
348.79,3.66,70.30,246.00,100%
348.82,3.64,148.00,796.00,100%
348.82,3.66,66.30,242.00,100%
348.85,3.66,64.10,232.00,100%
348.88,3.65,72.30,262.00,100%
348.91,3.66,69.90,256.00,100%
348.94,3.63,136.30,616.00,100%
348.94,3.66,71.70,268.00,100%
348.97,3.65,73.80,240.00,100%
349.00,3.66,67.20,236.00,100%
349.03,3.65,73.00,266.00,100%
349.06,3.63,160.00,576.00,100%
349.06,3.65,65.30,240.00,100%
349.09,3.66,67.30,246.00,100%
349.12,3.66,75.50,276.00,100%
349.15,3.66,69.40,240.00,100%
349.18,3.64,139.10,770.00,100%
349.18,3.66,73.40,272.00,100%
349.21,3.66,65.80,240.00,100%
349.27,3.66,64.40,236.00,100%
349.27,3.66,73.30,268.00,100%
349.30,3.64,140.10,504.00,100%
349.30,3.66,64.60,236.00,100%
349.36,3.66,69.20,282.00,100%
349.36,3.66,80.30,262.00,100%
349.39,3.65,67.50,262.00,100%
349.42,3.63,142.30,712.00,100%
349.42,3.66,71.10,258.00,100%
349.45,3.65,65.90,240.00,100%
349.48,3.66,72.50,266.00,100%
349.51,3.65,70.20,256.00,100%
349.54,3.63,189.70,246.00,100%
349.54,3.66,70.30,282.00,100%
349.57,3.65,74.70,246.00,100%
349.60,3.65,67.90,236.00,100%
349.63,3.66,71.70,262.00,100%
349.66,3.64,138.40,504.00,100%
349.66,3.65,65.70,240.00,100%
349.69,3.66,65.90,240.00,100%
349.72,3.65,72.60,266.00,100%
349.75,3.65,71.80,240.00,100%
349.78,3.64,194.50,278.00,100%
349.78,3.66,69.40,272.00,100%
349.81,3.65,68.40,250.00,100%
349.84,3.66,63.50,232.00,100%
349.87,3.66,71.40,258.00,100%
349.90,3.64,173.10,242.00,100%
349.90,3.66,66.30,240.00,100%
349.93,3.66,74.30,272.00,100%
349.96,3.66,77.50,282.00,100%
349.99,3.65,71.40,262.00,100%
350.02,3.63,218.40,792.00,100%
350.02,3.66,71.70,262.00,100%
350.05,3.65,68.20,250.00,100%
350.08,3.66,64.50,236.00,100%
350.11,3.65,72.10,262.00,100%
350.14,3.64,218.60,250.00,100%
350.14,3.66,64.50,240.00,100%
350.17,3.66,66.90,266.00,100%
350.20,3.65,70.70,258.00,100%
350.23,3.66,63.40,232.00,100%
350.26,3.63,155.10,564.00,100%
350.26,3.66,74.30,272.00,100%
350.29,3.65,67.20,246.00,100%
350.35,3.66,66.50,266.00,100%
350.35,3.65,72.30,258.00,100%
350.38,3.64,199.80,720.00,100%
350.41,3.66,66.20,242.00,100%
350.41,3.66,71.10,258.00,100%
350.44,3.66,69.20,252.00,100%
350.47,3.66,64.10,232.00,100%
350.50,3.64,190.70,276.00,100%
350.50,3.66,82.80,252.00,100%
350.53,3.66,70.40,256.00,100%
350.56,3.66,66.20,286.00,100%
350.59,3.66,71.60,262.00,100%
350.62,3.64,133.10,484.00,100%
350.62,3.66,68.20,250.00,100%
350.65,3.66,75.60,276.00,100%
350.68,3.65,67.80,250.00,100%
350.71,3.66,66.30,262.00,100%
350.74,3.64,206.20,304.00,100%
350.74,3.65,73.70,242.00,100%
350.77,3.66,65.90,240.00,100%
350.80,3.66,71.10,258.00,100%
350.83,3.66,70.70,258.00,100%
350.86,3.63,163.00,594.00,100%
350.86,3.66,69.60,282.00,100%
350.89,3.66,76.90,252.00,100%
350.95,3.66,65.40,230.00,100%
350.95,3.66,65.60,266.00,100%
350.98,3.64,229.30,832.00,100%
350.98,3.65,63.90,232.00,100%
351.01,3.65,67.20,246.00,100%
351.04,3.67,72.80,266.00,100%
351.07,3.66,68.10,250.00,100%
351.10,3.64,220.00,256.00,100%
351.10,3.66,73.90,294.00,100%
351.13,3.66,74.50,252.00,100%
351.16,3.66,65.30,240.00,100%
351.19,3.66,70.40,256.00,100%
351.22,3.64,162.00,590.00,100%
351.22,3.66,64.10,236.00,100%
351.25,3.66,68.90,252.00,100%
351.28,3.65,77.20,252.00,100%
351.31,3.66,65.70,230.00,100%
351.34,3.64,105.70,386.00,100%
351.37,3.66,72.80,266.00,100%
351.37,3.65,63.60,232.00,100%
351.40,3.65,67.70,246.00,100%
351.43,3.66,72.10,262.00,100%
351.46,3.63,192.30,242.00,100%
351.46,3.66,66.30,268.00,100%
351.49,3.66,70.80,262.00,100%
351.52,3.66,73.40,242.00,100%
351.55,3.65,65.60,240.00,100%
351.58,3.64,148.70,544.00,100%
351.58,3.65,70.20,256.00,100%
351.61,3.66,64.10,232.00,100%
351.64,3.66,54.40,200.00,100%
351.67,3.66,83.60,170.00,100%
351.70,3.64,204.00,304.00,100%
351.70,3.66,65.90,268.00,100%
351.73,3.65,72.50,266.00,100%
351.76,3.65,63.60,232.00,100%
351.79,3.66,67.30,246.00,100%
351.82,3.64,174.50,632.00,100%
351.82,3.65,69.00,252.00,100%
351.85,3.66,66.50,256.00,100%
351.88,3.65,69.80,268.00,100%
351.91,3.66,74.90,246.00,100%
351.94,3.63,126.40,462.00,100%
351.94,3.65,71.90,262.00,100%
351.97,3.66,72.40,266.00,100%
352.00,3.66,64.80,236.00,100%
352.03,3.65,67.20,246.00,100%
352.06,3.64,217.90,276.00,100%
352.06,3.66,67.40,232.00,100%
352.09,3.66,65.40,252.00,100%
352.12,3.66,75.30,276.00,100%
352.15,3.66,66.00,242.00,100%
352.18,3.64,158.00,576.00,100%
352.18,3.65,71.80,262.00,100%
352.21,3.65,51.40,186.00,100%
352.24,3.65,74.50,168.00,100%
352.27,3.65,64.40,278.00,100%
352.30,3.64,118.50,432.00,100%
352.30,3.65,65.10,240.00,100%
352.33,3.66,65.60,240.00,100%
352.36,3.66,73.40,268.00,100%
352.39,3.65,69.00,252.00,100%
352.42,3.63,191.80,266.00,100%
352.42,3.66,71.20,286.00,100%
352.45,3.66,74.30,242.00,100%
352.48,3.65,68.20,236.00,100%
352.51,3.66,71.10,258.00,100%
352.54,3.64,161.20,586.00,100%
352.54,3.66,66.40,242.00,100%
352.57,3.66,64.40,236.00,100%
352.60,3.66,73.20,266.00,100%
352.63,3.66,74.40,246.00,100%
352.66,3.64,204.40,328.00,100%
352.66,3.66,66.40,268.00,100%
352.69,3.65,72.00,262.00,100%
352.72,3.65,63.90,232.00,100%
352.75,3.65,66.70,242.00,100%
352.78,3.64,182.50,662.00,100%
352.78,3.65,50.40,242.00,100%
352.81,3.65,73.00,190.00,100%
352.84,3.66,68.00,286.00,100%
352.87,3.65,76.40,250.00,100%
352.90,3.63,136.00,494.00,100%
352.90,3.65,69.40,252.00,100%
352.93,3.66,74.30,272.00,100%
352.96,3.65,65.80,240.00,100%
352.99,3.65,65.60,240.00,100%
353.02,3.64,217.20,298.00,100%
353.02,3.65,70.70,236.00,100%
353.05,3.66,66.00,242.00,100%
353.08,3.66,72.90,266.00,100%
353.11,3.66,68.40,250.00,100%
353.14,3.64,157.50,574.00,100%
353.14,3.66,69.10,252.00,100%
353.17,3.65,75.50,276.00,100%
353.20,3.66,68.40,240.00,100%
353.23,3.66,63.90,258.00,100%
353.26,3.64,130.10,476.00,100%
353.26,3.65,65.80,240.00,100%
353.29,3.66,64.30,236.00,100%
353.32,3.66,71.60,262.00,100%
353.35,3.65,70.90,258.00,100%
353.38,3.64,182.20,266.00,100%
353.38,3.66,76.10,294.00,100%
353.41,3.65,72.40,272.00,100%
353.44,3.66,68.70,236.00,100%
353.47,3.66,69.90,256.00,100%
353.50,3.64,169.00,616.00,100%
353.50,3.65,66.70,242.00,100%
353.53,3.66,64.90,236.00,100%
353.56,3.66,73.20,268.00,100%
353.59,3.65,73.50,242.00,100%
353.62,3.64,191.80,386.00,100%
353.62,3.66,67.20,262.00,100%
353.65,3.65,70.30,256.00,100%
353.68,3.65,63.90,232.00,100%
353.71,3.66,67.40,246.00,100%
353.74,3.64,189.20,266.00,100%
353.74,3.65,68.60,242.00,100%
353.77,3.66,65.30,256.00,100%
353.80,3.66,71.20,276.00,100%
353.83,3.65,75.00,246.00,100%
353.86,3.64,148.30,540.00,100%
353.86,3.65,72.00,262.00,100%
353.89,3.66,71.90,262.00,100%
353.92,3.66,65.00,236.00,100%
353.95,3.66,73.50,262.00,100%
353.98,3.63,217.90,452.00,100%
354.01,3.66,69.70,262.00,100%
354.04,3.66,65.70,250.00,100%
354.04,3.65,74.90,272.00,100%
354.07,3.65,67.10,246.00,100%
354.10,3.64,164.90,600.00,100%
354.10,3.66,71.90,262.00,100%
354.16,3.66,73.90,242.00,100%
354.16,3.66,65.50,236.00,100%
354.22,3.66,66.90,266.00,100%
354.22,3.63,152.50,258.00,100%
354.22,3.65,65.90,240.00,100%
354.25,3.66,68.20,250.00,100%
354.28,3.66,74.40,272.00,100%
354.31,3.66,67.50,246.00,100%
354.34,3.64,213.80,298.00,100%
354.34,3.65,72.20,266.00,100%
354.37,3.66,74.00,242.00,100%
354.40,3.66,67.10,240.00,100%
354.43,3.66,70.20,256.00,100%
354.46,3.63,185.10,672.00,100%
354.46,3.66,63.20,230.00,100%
354.49,3.66,68.00,250.00,100%
354.52,3.66,82.90,252.00,100%
354.55,3.66,72.90,258.00,100%
354.58,3.64,178.40,484.00,100%
354.58,3.66,74.10,268.00,100%
354.61,3.66,64.10,232.00,100%
354.64,3.66,65.70,240.00,100%
354.67,3.66,70.80,258.00,100%
354.70,3.64,199.70,258.00,100%
354.70,3.66,66.00,256.00,100%
354.73,3.65,68.60,258.00,100%
354.76,3.65,75.70,250.00,100%
354.79,3.65,68.10,236.00,100%
354.82,3.64,166.40,606.00,100%
354.82,3.66,73.20,268.00,100%
354.85,3.66,64.20,236.00,100%
354.88,3.66,66.10,242.00,100%
354.91,3.65,74.20,258.00,100%
354.94,3.63,198.90,528.00,100%
354.94,3.66,65.40,252.00,100%
355.00,3.66,71.70,272.00,100%
355.00,3.66,65.80,240.00,100%
355.03,3.65,65.10,240.00,100%
355.06,3.65,187.90,682.00,100%
355.06,3.66,72.50,266.00,100%
355.09,3.66,74.10,216.00,100%
355.12,3.65,68.90,286.00,100%
355.15,3.66,73.40,268.00,100%
355.18,3.63,152.40,558.00,100%
355.18,3.66,67.70,246.00,100%
355.21,3.66,74.80,272.00,100%
355.27,3.65,67.20,246.00,100%
355.27,3.66,64.60,236.00,100%
355.33,3.64,209.10,412.00,100%
355.33,3.66,72.60,240.00,100%
355.36,3.65,66.70,240.00,100%
355.36,3.66,73.00,266.00,100%
355.39,3.66,70.90,258.00,100%
355.42,3.63,159.70,580.00,100%
355.42,3.65,65.70,240.00,100%
355.45,3.65,72.70,266.00,100%
355.48,3.66,70.90,240.00,100%
355.51,3.66,63.10,242.00,100%
355.54,3.64,167.00,534.00,100%
355.54,3.66,69.20,252.00,100%
355.57,3.65,63.10,230.00,100%
355.63,3.66,72.10,262.00,100%
355.63,3.66,72.80,266.00,100%
355.66,3.65,195.80,282.00,100%
355.66,3.65,74.20,230.00,100%
355.69,3.65,74.10,278.00,100%
355.72,3.65,70.30,242.00,100%
355.75,3.66,67.90,250.00,100%
355.78,3.64,199.60,724.00,100%
355.78,3.65,68.10,250.00,100%
355.81,3.66,64.10,232.00,100%
355.84,3.65,72.20,262.00,100%
355.87,3.66,74.60,242.00,100%
355.90,3.64,189.00,616.00,100%
355.90,3.66,66.60,272.00,100%
355.93,3.65,71.20,258.00,100%
355.96,3.65,63.70,232.00,100%
355.99,3.66,68.00,250.00,100%
356.02,3.64,174.40,626.00,100%
356.02,3.65,68.00,250.00,100%
356.05,3.66,66.20,262.00,100%
356.08,3.66,70.80,266.00,100%
356.11,3.65,74.30,242.00,100%
356.14,3.64,159.20,580.00,100%
356.14,3.66,73.00,266.00,100%
356.17,3.66,71.00,258.00,100%
356.20,3.66,64.50,236.00,100%
356.23,3.65,45.80,168.00,100%
356.26,3.63,214.40,370.00,100%
356.26,3.66,67.50,258.00,100%
356.29,3.65,65.40,258.00,100%
356.32,3.66,74.40,272.00,100%
356.35,3.66,65.00,236.00,100%
356.38,3.64,167.90,610.00,100%
356.38,3.66,71.30,258.00,100%
356.41,3.65,71.70,262.00,100%
356.44,3.65,66.40,246.00,100%
356.47,3.65,66.20,262.00,100%
356.50,3.63,157.80,558.00,100%
356.50,3.65,66.50,242.00,100%
356.53,3.66,67.40,246.00,100%
356.56,3.66,75.60,276.00,100%
356.59,3.65,67.20,246.00,100%
356.62,3.64,216.60,324.00,100%
356.62,3.66,73.20,282.00,100%
356.65,3.66,72.50,236.00,100%
356.68,3.65,66.60,236.00,100%
356.71,3.65,73.70,268.00,100%
356.74,3.63,189.40,684.00,100%
356.77,3.65,65.10,240.00,100%
356.77,3.66,66.80,242.00,100%
356.80,3.65,52.80,194.00,100%
356.83,3.65,77.30,174.00,100%
356.86,3.64,174.80,512.00,100%
356.86,3.66,70.10,276.00,100%
356.89,3.65,68.30,250.00,100%
356.92,3.66,63.00,230.00,100%
356.95,3.66,71.00,258.00,100%
356.98,3.64,201.50,730.00,100%
356.98,3.66,66.30,266.00,100%
357.01,3.66,66.40,268.00,100%
357.04,3.65,73.00,262.00,100%
357.07,3.65,72.40,240.00,100%
357.10,3.64,160.20,584.00,100%
357.10,3.66,70.70,258.00,100%
357.13,3.65,70.50,258.00,100%
357.16,3.66,64.60,236.00,100%
357.19,3.65,68.50,250.00,100%
357.22,3.64,213.00,426.00,100%
357.22,3.66,66.60,236.00,100%
357.25,3.66,65.10,258.00,100%
357.28,3.66,74.90,272.00,100%
357.31,3.65,65.00,236.00,100%
357.34,3.64,169.50,612.00,100%
357.34,3.66,72.60,266.00,100%
357.37,3.65,55.40,204.00,100%
357.40,3.65,73.70,230.00,100%
357.43,3.65,65.90,286.00,100%
357.46,3.63,155.00,586.00,100%
357.46,3.65,66.40,242.00,100%
357.49,3.66,67.20,246.00,100%
357.52,3.65,75.80,276.00,100%
357.55,3.66,67.30,246.00,100%
357.58,3.64,206.60,358.00,100%
357.58,3.66,73.70,278.00,100%
357.61,3.66,72.10,236.00,100%
357.64,3.66,66.10,240.00,100%
357.67,3.66,72.10,262.00,100%
357.70,3.63,163.50,594.00,100%
357.70,3.65,65.20,240.00,100%
357.73,3.66,67.50,246.00,100%
357.76,3.65,73.50,268.00,100%
357.79,3.66,70.00,240.00,100%
357.82,3.64,173.50,512.00,100%
357.82,3.66,71.40,282.00,100%
357.85,3.65,67.00,246.00,100%
357.88,3.66,63.20,230.00,100%
357.91,3.66,73.40,268.00,100%
357.94,3.63,203.20,734.00,100%
357.94,3.65,61.80,226.00,100%
357.97,3.65,75.10,288.00,100%
358.00,3.65,71.30,272.00,100%
358.03,3.66,69.60,236.00,100%
358.06,3.63,164.10,596.00,100%
358.06,3.65,73.40,268.00,100%
358.09,3.65,67.20,246.00,100%
358.12,3.66,64.30,236.00,100%
358.15,3.65,73.30,268.00,100%
358.18,3.63,213.10,432.00,100%
358.18,3.66,63.70,240.00,100%
358.21,3.66,68.00,266.00,100%
358.24,3.65,69.60,252.00,100%
358.27,3.65,63.30,232.00,100%
358.30,3.64,168.40,606.00,100%
358.30,3.66,74.10,268.00,100%
358.33,3.65,66.30,242.00,100%
358.36,3.66,66.40,268.00,100%
358.39,3.66,70.30,258.00,100%
358.42,3.63,155.20,312.00,100%
358.42,3.66,66.40,250.00,100%
358.45,3.66,71.90,262.00,100%
358.48,3.65,69.10,252.00,100%
358.51,3.66,63.50,232.00,100%
358.54,3.63,203.10,374.00,100%
358.54,3.66,82.60,278.00,100%
358.57,3.66,64.90,252.00,100%
358.60,3.66,66.20,268.00,100%
358.63,3.65,74.40,266.00,100%
358.66,3.63,127.00,462.00,100%
358.66,3.66,66.40,242.00,100%
358.72,3.66,70.50,256.00,100%
358.72,3.65,70.80,258.00,100%
358.75,3.66,66.70,246.00,100%
358.78,3.64,183.00,286.00,100%
358.78,3.65,73.30,266.00,100%
358.81,3.65,71.10,236.00,100%
358.84,3.65,65.70,240.00,100%
358.87,3.66,73.30,268.00,100%
358.90,3.64,189.80,692.00,100%
358.90,3.66,64.10,232.00,100%
358.93,3.65,70.90,276.00,100%
358.99,3.65,74.10,242.00,100%
358.99,3.66,67.90,236.00,100%
359.08,3.64,223.90,812.00,100%
359.08,3.66,72.50,266.00,100%
359.08,3.65,66.60,242.00,100%
359.08,3.66,63.10,230.00,100%
359.11,3.66,79.90,292.00,100%
359.14,3.63,214.00,278.00,100%
359.14,3.65,64.40,266.00,100%
359.17,3.65,66.80,268.00,100%
359.20,3.65,74.10,258.00,100%
359.23,3.65,63.10,230.00,100%
359.26,3.64,150.80,550.00,100%
359.26,3.66,71.70,262.00,100%
359.29,3.65,68.30,250.00,100%
359.32,3.66,65.40,252.00,100%
359.35,3.65,69.10,272.00,100%
359.38,3.63,164.80,810.00,100%
359.38,3.65,68.40,236.00,100%
359.41,3.66,69.40,252.00,100%
359.44,3.66,73.70,268.00,100%
359.47,3.65,64.90,236.00,100%
359.50,3.64,104.30,380.00,100%
359.50,3.65,75.10,272.00,100%
359.53,3.66,67.10,240.00,100%
359.56,3.66,63.90,256.00,100%
359.59,3.66,72.40,262.00,100%
359.62,3.61,63.50,232.00,100%
359.65,3.66,99.50,360.00,100%
359.65,3.66,72.60,266.00,100%
359.68,3.65,68.50,250.00,100%
359.71,3.66,71.50,262.00,100%
359.74,3.64,79.30,288.00,100%
359.77,3.65,73.60,576.00,100%
359.77,3.66,68.60,236.00,100%
359.80,3.66,65.90,252.00,100%
359.83,3.66,73.50,268.00,100%
359.86,3.63,65.90,240.00,100%
359.89,3.66,67.50,246.00,100%
359.89,3.66,71.10,258.00,100%
359.92,3.66,74.60,242.00,100%
359.95,3.65,64.50,230.00,100%
359.98,3.61,95.60,266.00,100%
360.01,3.65,133.20,482.00,100%
360.01,3.65,63.10,230.00,100%
360.04,3.66,65.20,240.00,100%
360.07,3.66,70.40,256.00,100%
360.10,3.61,127.20,240.00,100%
360.13,3.66,67.70,558.00,100%
360.13,3.66,66.00,258.00,100%
360.16,3.65,73.30,252.00,100%
360.19,3.66,70.00,232.00,100%
360.22,3.62,70.40,256.00,100%
360.25,3.67,89.90,324.00,100%
360.25,3.66,66.50,242.00,100%
360.28,3.66,71.20,262.00,100%
360.31,3.66,76.60,302.00,100%
360.34,3.63,220.90,258.00,100%
360.37,3.66,67.50,522.00,100%
360.37,3.65,65.00,258.00,100%
360.40,3.66,72.10,262.00,100%
360.43,3.66,65.00,236.00,100%
360.46,3.64,96.30,350.00,100%
360.46,3.66,73.60,266.00,100%
360.49,3.66,72.70,236.00,100%
360.52,3.66,65.30,232.00,100%
360.55,3.66,64.50,266.00,100%
360.58,3.61,70.90,258.00,100%
360.61,3.65,99.60,360.00,100%
360.61,3.66,64.00,232.00,100%
360.64,3.66,70.90,258.00,100%
360.67,3.66,69.40,252.00,100%
360.70,3.64,68.90,242.00,100%
360.73,3.65,68.90,574.00,100%
360.73,3.65,71.40,250.00,100%
360.76,3.65,69.20,232.00,100%
360.79,3.66,66.60,242.00,100%
360.82,3.63,79.80,292.00,100%
360.85,3.65,71.00,258.00,100%
360.88,3.66,71.50,262.00,100%
360.88,3.66,72.50,266.00,100%
360.91,3.65,75.90,256.00,100%
360.94,3.62,85.00,232.00,100%
360.97,3.66,64.30,482.00,100%
360.97,3.65,74.10,268.00,100%
361.00,3.65,64.40,236.00,100%
361.03,3.65,63.70,232.00,100%
361.06,3.65,71.20,258.00,100%
361.09,3.65,73.90,550.00,100%
361.09,3.66,66.40,236.00,100%
361.12,3.65,63.30,258.00,100%
361.15,3.65,72.40,262.00,100%
361.18,3.61,63.20,230.00,100%
361.18,3.65,82.10,298.00,100%
361.21,3.66,71.40,258.00,100%
361.24,3.66,69.70,256.00,100%
361.27,3.66,64.10,232.00,100%
361.30,3.64,72.00,256.00,100%
361.33,3.65,72.10,540.00,100%
361.33,3.65,69.00,232.00,100%
361.36,3.66,65.20,246.00,100%
361.39,3.67,70.90,258.00,100%
361.42,3.63,54.00,196.00,100%
361.45,3.66,72.80,266.00,100%
361.45,3.66,73.20,266.00,100%
361.48,3.66,74.30,246.00,100%
361.51,3.65,64.00,226.00,100%
361.54,3.61,101.50,266.00,100%
361.57,3.65,111.10,404.00,100%
361.57,3.65,62.50,230.00,100%
361.60,3.66,66.90,242.00,100%
361.63,3.66,70.70,258.00,100%
361.66,3.64,69.60,232.00,100%
361.66,3.66,67.60,576.00,100%
361.69,3.66,70.40,266.00,100%
361.72,3.66,73.20,242.00,100%
361.75,3.65,66.30,236.00,100%
361.78,3.62,72.80,266.00,100%
361.78,3.66,76.70,278.00,100%
361.81,3.66,62.90,230.00,100%
361.84,3.66,66.60,242.00,100%
361.87,3.65,75.20,250.00,100%
361.90,3.62,77.10,232.00,100%
361.90,3.66,64.20,494.00,100%
361.93,3.66,71.90,268.00,100%
361.96,3.66,64.20,236.00,100%
361.99,3.65,46.20,168.00,100%
362.02,3.63,78.30,286.00,100%
362.02,3.66,73.90,268.00,100%
362.05,3.65,64.00,232.00,100%
362.08,3.66,67.70,266.00,100%
362.11,3.65,74.30,246.00,100%
362.14,3.61,63.40,232.00,100%
362.17,3.66,92.00,334.00,100%
362.17,3.66,71.50,262.00,100%
362.20,3.66,64.30,236.00,100%
362.23,3.66,64.40,236.00,100%
362.26,3.64,78.10,258.00,100%
362.26,3.65,72.00,534.00,100%
362.29,3.66,62.40,240.00,100%
362.32,3.66,69.30,268.00,100%
362.35,3.65,66.90,246.00,100%
362.38,3.62,80.10,292.00,100%
362.41,3.66,74.00,268.00,100%
362.41,3.66,71.40,262.00,100%
362.44,3.65,64.80,236.00,100%
362.47,3.66,67.10,262.00,100%
362.50,3.62,100.20,256.00,100%
362.53,3.65,68.80,410.00,100%
362.53,3.66,60.60,250.00,100%
362.56,3.65,57.10,206.00,100%
362.62,3.66,74.80,272.00,100%
362.62,3.64,65.80,240.00,100%
362.62,3.65,73.60,268.00,100%
362.65,3.66,73.70,242.00,100%
362.68,3.66,63.40,230.00,100%
362.71,3.66,66.40,258.00,100%
362.74,3.61,73.30,268.00,100%
362.77,3.65,73.50,266.00,100%
362.77,3.65,68.00,250.00,100%
362.80,3.65,70.60,258.00,100%
362.83,3.66,66.60,242.00,100%
362.86,3.63,189.90,250.00,100%
362.89,3.65,70.60,530.00,100%
362.89,3.65,72.90,240.00,100%
362.92,3.66,66.40,236.00,100%
362.95,3.66,71.10,258.00,100%
362.98,3.63,106.00,386.00,100%
363.01,3.66,64.90,236.00,100%
363.01,3.66,65.70,240.00,100%
363.04,3.65,73.30,256.00,100%
363.07,3.66,69.00,232.00,100%
363.10,3.62,111.30,246.00,100%
363.13,3.66,61.60,380.00,100%
363.13,3.65,49.20,180.00,100%
363.16,3.65,70.30,256.00,100%
363.19,3.66,70.10,256.00,100%
363.22,3.64,77.10,282.00,100%
363.25,3.65,68.90,550.00,100%
363.25,3.66,64.60,256.00,100%
363.28,3.66,70.00,266.00,100%
363.31,3.65,73.90,242.00,100%
363.34,3.62,62.50,230.00,100%
363.37,3.66,74.80,272.00,100%
363.37,3.66,72.50,266.00,100%
363.40,3.66,64.70,236.00,100%
363.43,3.66,64.80,236.00,100%
363.46,3.63,87.30,256.00,100%
363.49,3.65,69.50,458.00,100%
363.49,3.66,64.80,240.00,100%
363.52,3.65,71.00,258.00,100%
363.55,3.66,68.30,250.00,100%
363.58,3.63,62.80,230.00,100%
363.61,3.66,67.60,246.00,100%
363.61,3.66,71.70,262.00,100%
363.64,3.66,70.40,236.00,100%
363.67,3.66,62.60,236.00,100%
363.70,3.61,119.70,262.00,100%
363.70,3.65,84.20,232.00,100%
363.73,3.65,69.90,256.00,100%
363.76,3.66,70.30,256.00,100%
363.79,3.66,73.00,266.00,100%
363.82,3.63,72.40,266.00,100%
363.82,3.66,67.20,564.00,100%
363.85,3.66,71.10,262.00,100%
363.88,3.66,73.30,240.00,100%
363.91,3.66,66.50,236.00,100%
363.94,3.61,70.40,256.00,100%
363.94,3.66,72.90,266.00,100%
363.97,3.65,63.70,232.00,100%
364.00,3.66,64.60,236.00,100%
364.03,3.65,71.70,256.00,100%
364.06,3.62,99.40,226.00,100%
364.09,3.66,63.90,412.00,100%
364.09,3.66,67.40,262.00,100%
364.12,3.65,68.40,250.00,100%
364.15,3.65,62.80,230.00,100%
364.18,3.63,67.20,246.00,100%
364.21,3.66,74.80,272.00,100%
364.21,3.65,66.90,246.00,100%
364.24,3.66,64.60,256.00,100%
364.27,3.65,45.70,266.00,100%
364.30,3.60,153.10,158.00,100%
364.33,3.66,84.20,304.00,100%
364.36,3.66,70.70,258.00,100%
364.36,3.66,71.70,262.00,100%
364.39,3.65,64.30,236.00,100%
364.45,3.63,74.50,266.00,100%
364.45,3.65,72.90,534.00,100%
364.45,3.65,68.40,226.00,100%
364.48,3.66,64.50,240.00,100%
364.51,3.66,68.10,262.00,100%
364.54,3.62,68.80,252.00,100%
364.57,3.65,66.10,240.00,100%
364.57,3.66,66.80,242.00,100%
364.60,3.66,74.70,272.00,100%
364.63,3.66,68.40,236.00,100%
364.66,3.63,104.50,252.00,100%
364.69,3.66,71.60,394.00,100%
364.69,3.65,74.80,242.00,100%
364.72,3.66,62.10,226.00,100%
364.75,3.66,71.90,262.00,100%
364.78,3.64,149.80,548.00,100%
364.81,3.65,66.10,240.00,100%
364.81,3.66,65.50,258.00,100%
364.84,3.66,47.30,256.00,100%
364.87,3.65,78.20,154.00,100%
364.90,3.62,79.80,292.00,100%
364.90,3.66,76.00,276.00,100%
364.93,3.65,68.10,250.00,100%
364.96,3.65,63.30,232.00,100%
364.99,3.66,67.30,246.00,100%
365.02,3.63,88.20,250.00,100%
365.05,3.66,67.90,468.00,100%
365.05,3.66,62.70,250.00,100%
365.08,3.65,71.00,272.00,100%
365.11,3.65,65.70,240.00,100%
365.14,3.62,64.40,236.00,100%
365.17,3.66,73.50,268.00,100%
365.17,3.66,71.70,262.00,100%
365.20,3.66,64.50,236.00,100%
365.26,3.66,66.50,266.00,100%
365.26,3.65,70.40,252.00,100%
365.26,3.65,69.80,314.00,100%
365.29,3.66,65.30,242.00,100%
365.32,3.66,70.50,256.00,100%
365.35,3.65,68.00,250.00,100%
365.38,3.64,149.70,548.00,100%
365.41,3.65,71.00,258.00,100%
365.41,3.65,54.00,246.00,100%
365.44,3.65,72.40,160.00,100%
365.47,3.66,65.00,292.00,100%
365.50,3.61,70.60,258.00,100%
365.53,3.65,65.30,236.00,100%
365.53,3.66,65.30,240.00,100%
365.56,3.66,70.60,258.00,100%
365.59,3.66,68.70,250.00,100%
365.62,3.63,182.20,240.00,100%
365.62,3.66,68.30,458.00,100%
365.65,3.66,74.60,246.00,100%
365.68,3.65,67.60,232.00,100%
365.71,3.66,69.10,252.00,100%
365.74,3.63,73.90,268.00,100%
365.77,3.65,66.60,242.00,100%
365.77,3.66,64.00,232.00,100%
365.80,3.65,72.90,266.00,100%
365.83,3.65,71.60,240.00,100%
365.89,3.62,128.60,236.00,100%
365.89,3.66,66.30,314.00,100%
365.92,3.65,69.50,252.00,100%
365.92,3.65,62.20,226.00,100%
365.95,3.66,67.50,246.00,100%
365.98,3.64,80.30,292.00,100%
366.01,3.65,47.10,170.00,100%
366.04,3.65,73.20,190.00,100%
366.04,3.65,69.30,292.00,100%
366.07,3.65,73.50,240.00,100%
366.10,3.61,62.40,226.00,100%
366.13,3.66,72.10,262.00,100%
366.13,3.65,71.40,262.00,100%
366.16,3.66,62.80,230.00,100%
366.19,3.66,65.40,240.00,100%
366.22,3.63,109.40,252.00,100%
366.25,3.66,68.00,380.00,100%
366.25,3.66,64.60,250.00,100%
366.28,3.66,69.90,262.00,100%
366.31,3.65,65.40,240.00,100%
366.34,3.63,65.30,240.00,100%
366.34,3.66,70.90,258.00,100%
366.37,3.66,72.80,266.00,100%
366.40,3.66,65.70,232.00,100%
366.43,3.65,64.40,262.00,100%
366.46,3.61,142.50,262.00,100%
366.49,3.65,71.30,268.00,100%
366.49,3.66,64.70,236.00,100%
366.52,3.66,70.70,258.00,100%
366.55,3.65,68.80,252.00,100%
366.58,3.60,64.00,232.00,100%
366.61,3.65,76.00,476.00,100%
366.61,3.65,76.10,278.00,100%
366.64,3.66,65.40,226.00,100%
366.67,3.66,64.30,256.00,100%
366.70,3.61,72.50,266.00,100%
366.76,3.66,65.80,240.00,100%
366.76,3.65,64.20,236.00,100%
366.76,3.66,71.60,262.00,100%
366.79,3.65,71.50,262.00,100%
366.82,3.64,110.60,232.00,100%
366.85,3.66,63.90,370.00,100%
366.88,3.65,71.90,262.00,100%
366.88,3.65,71.00,232.00,100%
366.91,3.66,64.50,236.00,100%
366.94,3.63,74.50,272.00,100%
366.97,3.66,69.30,252.00,100%
366.97,3.65,63.40,232.00,100%
367.00,3.66,68.60,262.00,100%
367.03,3.65,72.20,246.00,100%
367.06,3.62,223.30,232.00,100%
367.09,3.66,66.60,570.00,100%
367.09,3.66,73.20,266.00,100%
367.12,3.66,64.30,236.00,100%
367.15,3.65,53.20,194.00,100%
367.18,3.64,92.80,338.00,100%
367.21,3.65,75.50,538.00,100%
367.21,3.65,65.60,240.00,100%
367.24,3.65,64.70,256.00,100%
367.27,3.65,73.00,256.00,100%
367.30,3.61,62.50,230.00,100%
367.33,3.66,128.00,462.00,100%
367.33,3.65,75.10,276.00,100%
367.36,3.65,66.60,242.00,100%
367.39,3.66,63.70,232.00,100%
367.42,3.63,122.30,266.00,100%
367.45,3.65,74.10,544.00,100%
367.45,3.65,66.40,236.00,100%
367.48,3.65,66.00,262.00,100%
367.51,3.65,70.50,258.00,100%
367.54,3.63,67.50,246.00,100%
367.57,3.66,85.40,308.00,100%
367.57,3.66,71.20,258.00,100%
367.60,3.66,70.60,236.00,100%
367.63,3.66,63.90,240.00,100%
367.66,3.62,154.40,266.00,100%
367.69,3.65,74.90,558.00,100%
367.69,3.66,62.60,230.00,100%
367.72,3.66,50.80,186.00,100%
367.75,3.65,81.00,294.00,100%
367.78,3.64,86.50,258.00,100%
367.81,3.66,66.50,544.00,100%
367.81,3.66,73.50,268.00,100%
367.84,3.66,71.00,232.00,100%
367.87,3.65,64.90,236.00,100%
367.90,3.61,70.20,256.00,100%
367.93,3.65,123.50,446.00,100%
367.93,3.65,63.90,232.00,100%
367.96,3.66,66.50,242.00,100%
367.99,3.65,71.80,262.00,100%
368.02,3.63,126.40,226.00,100%
368.05,3.66,64.00,558.00,100%
368.05,3.66,69.90,268.00,100%
368.08,3.65,75.90,242.00,100%
368.11,3.66,62.00,226.00,100%
368.14,3.63,75.80,276.00,100%
368.14,3.66,89.50,324.00,100%
368.17,3.65,65.40,240.00,100%
368.20,3.66,65.20,262.00,100%
368.23,3.66,71.90,262.00,100%
368.26,3.61,164.90,240.00,100%
368.29,3.66,45.20,534.00,100%
368.29,3.65,49.10,180.00,100%
368.32,3.65,77.30,282.00,100%
368.38,3.65,63.70,232.00,100%
368.38,3.64,82.70,302.00,100%
368.38,3.65,73.50,544.00,100%
368.41,3.65,69.40,236.00,100%
368.44,3.65,63.00,242.00,100%
368.47,3.66,68.90,266.00,100%
368.50,3.61,66.70,242.00,100%
368.56,3.65,110.80,404.00,100%
368.56,3.66,69.50,252.00,100%
368.56,3.66,73.90,268.00,100%
368.59,3.65,66.30,242.00,100%
368.62,3.63,127.20,252.00,100%
368.65,3.65,71.60,580.00,100%
368.65,3.65,73.50,242.00,100%
368.68,3.65,66.50,232.00,100%
368.71,3.66,70.60,258.00,100%
368.74,3.63,78.60,288.00,100%
368.77,3.65,77.10,278.00,100%
368.77,3.66,64.70,236.00,100%
368.80,3.65,72.30,258.00,100%
368.83,3.65,69.60,230.00,100%
368.86,3.61,134.40,242.00,100%
368.89,3.65,76.60,458.00,100%
368.89,3.65,75.50,276.00,100%
368.92,3.65,63.10,230.00,100%
368.95,3.65,67.90,250.00,100%
368.98,3.61,104.10,246.00,100%
369.01,3.65,68.40,524.00,100%
369.01,3.66,64.90,258.00,100%
369.04,3.65,70.70,266.00,100%
369.07,3.66,73.10,240.00,100%
369.10,3.62,63.80,232.00,100%
369.13,3.66,111.20,404.00,100%
369.13,3.66,70.70,258.00,100%
369.16,3.66,63.70,232.00,100%
369.19,3.66,66.00,240.00,100%
369.22,3.63,173.80,250.00,100%
369.25,3.65,68.20,550.00,100%
369.25,3.66,64.60,250.00,100%
369.28,3.65,70.40,272.00,100%
369.31,3.65,65.00,236.00,100%
369.34,3.63,63.00,230.00,100%
369.37,3.66,81.20,294.00,100%
369.37,3.65,71.80,262.00,100%
369.40,3.65,65.20,236.00,100%
369.43,3.66,49.60,256.00,100%
369.46,3.61,104.10,168.00,100%
369.49,3.65,72.60,538.00,100%
369.49,3.66,69.60,292.00,100%
369.52,3.65,66.70,242.00,100%
369.55,3.65,64.00,232.00,100%
369.58,3.66,67.70,246.00,100%
369.61,3.63,157.20,570.00,100%
369.61,3.66,66.40,232.00,100%
369.64,3.66,63.90,256.00,100%
369.67,3.66,72.30,266.00,100%
369.73,3.66,73.60,240.00,100%
369.73,3.66,138.30,502.00,100%
369.73,3.66,71.70,262.00,100%
369.76,3.66,70.30,256.00,100%
369.79,3.66,64.30,236.00,100%
369.82,3.67,66.20,242.00,100%
369.85,3.65,159.40,522.00,100%
369.85,3.65,67.40,230.00,100%
369.88,3.66,64.60,246.00,100%
369.91,3.66,71.80,262.00,100%
369.94,3.66,66.20,242.00,100%
369.97,3.66,138.50,502.00,100%
369.97,3.66,67.40,246.00,100%
370.00,3.65,74.20,272.00,100%
370.03,3.66,57.90,236.00,100%
370.06,3.65,70.50,180.00,100%
370.06,3.66,148.50,566.00,100%
370.09,3.65,74.10,246.00,100%
370.12,3.66,62.50,230.00,100%
370.15,3.66,71.30,258.00,100%
370.18,3.66,69.80,256.00,100%
370.18,3.64,147.30,534.00,100%
370.21,3.66,66.20,258.00,100%
370.24,3.65,72.40,252.00,100%
370.27,3.65,68.30,232.00,100%
370.30,3.66,64.70,246.00,100%
370.33,3.66,148.80,538.00,100%
370.33,3.65,65.20,240.00,100%
370.36,3.66,63.50,232.00,100%
370.39,3.66,71.10,258.00,100%
370.42,3.67,72.60,266.00,100%
370.42,3.65,152.20,504.00,100%
370.45,3.65,63.70,252.00,100%
370.48,3.65,71.90,258.00,100%
370.51,3.65,70.30,232.00,100%
370.54,3.66,65.40,240.00,100%
370.54,3.65,147.80,534.00,100%
370.57,3.66,65.70,240.00,100%
370.60,3.66,62.70,230.00,100%
370.63,3.65,80.10,256.00,100%
370.66,3.66,76.10,262.00,100%
370.69,3.65,135.10,518.00,100%
370.69,3.66,66.30,262.00,100%
370.72,3.65,69.20,252.00,100%
370.75,3.65,63.00,230.00,100%
370.78,3.65,66.10,242.00,100%
370.78,3.66,155.20,560.00,100%
370.81,3.65,67.20,246.00,100%
370.84,3.65,64.60,252.00,100%
370.87,3.65,69.90,266.00,100%
370.90,3.66,73.50,240.00,100%
370.90,3.65,138.90,504.00,100%
370.93,3.66,71.00,258.00,100%
370.96,3.66,70.90,258.00,100%
370.99,3.66,63.60,232.00,100%
371.02,3.67,66.50,242.00,100%
371.05,3.65,161.20,524.00,100%
371.05,3.66,66.80,226.00,100%
371.08,3.66,64.50,252.00,100%
371.11,3.66,71.20,272.00,100%
371.14,3.66,64.50,236.00,100%
371.17,3.66,140.40,508.00,100%
371.17,3.66,70.20,256.00,100%
371.20,3.66,80.00,292.00,100%
371.26,3.66,71.30,262.00,100%
371.26,3.66,65.40,276.00,100%
371.26,3.65,140.20,530.00,100%
371.29,3.65,69.70,236.00,100%
371.32,3.66,67.20,246.00,100%
371.35,3.66,72.80,266.00,100%
371.38,3.65,66.60,242.00,100%
371.41,3.66,148.10,538.00,100%
371.41,3.65,71.00,258.00,100%
371.44,3.66,74.10,242.00,100%
371.47,3.66,63.60,226.00,100%
371.50,3.65,66.00,262.00,100%
371.53,3.65,146.10,530.00,100%
371.53,3.65,62.50,230.00,100%
371.56,3.66,66.90,242.00,100%
371.59,3.66,70.90,258.00,100%
371.62,3.66,67.60,246.00,100%
371.65,3.65,153.50,524.00,100%
371.65,3.66,68.80,266.00,100%
371.68,3.66,74.60,246.00,100%
371.71,3.65,67.60,232.00,100%
371.74,3.62,68.80,252.00,100%
371.77,3.65,149.40,540.00,100%
371.77,3.65,73.50,268.00,100%
371.80,3.66,71.60,262.00,100%
371.83,3.66,71.80,262.00,100%
371.86,3.66,72.90,240.00,100%
371.89,3.66,132.30,504.00,100%
371.89,3.66,65.00,262.00,100%
371.92,3.65,72.40,266.00,100%
371.95,3.65,63.30,232.00,100%
371.98,3.66,64.50,236.00,100%
372.01,3.66,155.80,564.00,100%
372.01,3.66,72.10,262.00,100%
372.04,3.66,66.60,240.00,100%
372.07,3.66,63.30,256.00,100%
372.10,3.66,72.90,268.00,100%
372.10,3.65,140.50,508.00,100%
372.13,3.66,62.60,230.00,100%
372.16,3.65,71.10,258.00,100%
372.19,3.66,71.80,262.00,100%
372.22,3.65,65.30,240.00,100%
372.25,3.65,152.40,530.00,100%
372.25,3.66,72.00,268.00,100%
372.28,3.65,72.30,236.00,100%
372.31,3.66,66.00,232.00,100%
372.34,3.66,70.40,256.00,100%
372.37,3.65,154.10,560.00,100%
372.37,3.65,73.40,268.00,100%
372.40,3.66,63.70,232.00,100%
372.46,3.65,71.10,258.00,100%
372.46,3.66,74.60,242.00,100%
372.46,3.66,133.50,498.00,100%
372.49,3.66,64.60,256.00,100%
372.52,3.66,71.60,272.00,100%
372.55,3.65,65.40,240.00,100%
372.58,3.66,64.30,236.00,100%
372.61,3.66,151.70,550.00,100%
372.61,3.66,72.10,262.00,100%
372.64,3.66,68.60,232.00,100%
372.67,3.65,64.20,242.00,100%
372.70,3.66,67.70,266.00,100%
372.70,3.65,104.80,524.00,100%
372.73,3.65,64.10,232.00,100%
372.76,3.66,64.40,236.00,100%
372.79,3.66,71.10,258.00,100%
372.82,3.65,70.10,256.00,100%
372.82,3.65,154.00,508.00,100%
372.85,3.66,66.40,266.00,100%
372.88,3.66,71.20,256.00,100%
372.91,3.65,50.70,236.00,100%
372.94,3.66,44.10,160.00,100%
372.97,3.66,153.30,554.00,100%
372.97,3.66,73.30,268.00,100%
373.00,3.66,64.40,236.00,100%
373.03,3.66,63.50,232.00,100%
373.06,3.66,72.10,272.00,100%
373.09,3.65,143.30,508.00,100%
373.09,3.66,66.40,232.00,100%
373.12,3.66,64.90,256.00,100%
373.15,3.66,73.70,268.00,100%
373.18,3.66,67.00,246.00,100%
373.21,3.65,145.90,528.00,100%
373.21,3.66,69.20,252.00,100%
373.24,3.65,74.70,272.00,100%
373.27,3.66,68.50,236.00,100%
373.30,3.66,64.00,250.00,100%
373.33,3.66,102.40,530.00,100%
373.33,3.65,73.60,250.00,100%
373.36,3.65,62.40,226.00,100%
373.39,3.66,67.20,246.00,100%
373.42,3.62,71.20,258.00,100%
373.45,3.64,158.70,576.00,100%
373.45,3.65,65.70,240.00,100%
373.48,3.66,40.50,258.00,100%
373.51,3.65,80.90,184.00,100%
373.54,3.66,73.90,268.00,100%
373.57,3.65,137.60,498.00,100%
373.57,3.66,68.90,252.00,100%
373.60,3.66,74.00,268.00,100%
373.63,3.65,66.90,242.00,100%
373.66,3.66,65.30,250.00,100%
373.69,3.66,141.10,530.00,100%
373.69,3.66,70.70,250.00,100%
373.72,3.65,69.90,236.00,100%
373.75,3.66,65.60,240.00,100%
373.78,3.66,71.10,258.00,100%
373.78,3.66,153.80,558.00,100%
373.81,3.65,63.60,232.00,100%
373.84,3.66,64.50,236.00,100%
373.87,3.66,74.30,266.00,100%
373.90,3.66,70.80,236.00,100%
373.96,3.66,102.70,504.00,100%
373.96,3.66,65.90,262.00,100%
373.96,3.66,71.00,258.00,100%
373.99,3.65,64.50,236.00,100%
374.02,3.65,64.00,232.00,100%
374.05,3.66,161.60,586.00,100%
374.05,3.65,54.50,200.00,100%
374.08,3.66,74.30,150.00,100%
374.11,3.66,65.30,286.00,100%
374.14,3.63,80.00,268.00,100%
374.17,3.65,140.10,508.00,100%
374.17,3.66,62.80,230.00,100%
374.20,3.66,72.70,266.00,100%
374.23,3.65,71.00,258.00,100%
374.26,3.66,65.30,232.00,100%
374.29,3.66,143.10,538.00,100%
374.29,3.65,72.20,258.00,100%
374.32,3.65,72.00,240.00,100%
374.35,3.65,66.50,236.00,100%
374.38,3.66,71.60,262.00,100%
374.41,3.66,153.50,558.00,100%
374.41,3.65,64.20,236.00,100%
374.44,3.66,64.40,236.00,100%
374.47,3.65,73.00,266.00,100%
374.50,3.66,69.90,230.00,100%
374.56,3.65,105.90,504.00,100%
374.56,3.66,64.80,262.00,100%
374.56,3.66,73.00,266.00,100%
374.59,3.65,63.90,232.00,100%
374.62,3.66,62.70,230.00,100%
374.65,3.66,160.00,580.00,100%
374.65,3.66,81.50,298.00,100%
374.68,3.66,74.30,266.00,100%
374.71,3.66,63.00,266.00,100%
374.74,3.66,69.90,272.00,100%
374.77,3.66,88.50,522.00,100%
374.77,3.65,62.80,230.00,100%
374.80,3.65,66.50,242.00,100%
374.83,3.66,71.50,262.00,100%
374.86,3.67,69.50,252.00,100%
374.89,3.65,144.50,508.00,100%
374.89,3.66,66.50,262.00,100%
374.92,3.66,72.10,256.00,100%
374.95,3.65,71.90,236.00,100%
374.98,3.66,63.20,230.00,100%
375.01,3.66,151.20,548.00,100%
375.01,3.66,72.60,266.00,100%
375.04,3.66,64.20,232.00,100%
375.07,3.66,64.00,232.00,100%
375.10,3.66,72.10,268.00,100%
375.13,3.65,117.80,504.00,100%
375.13,3.65,66.10,236.00,100%
375.16,3.66,65.60,258.00,100%
375.19,3.66,72.50,266.00,100%
375.22,3.65,66.90,242.00,100%
375.22,3.65,158.70,576.00,100%
375.25,3.66,77.40,282.00,100%
375.28,3.65,74.40,272.00,100%
375.31,3.66,68.00,236.00,100%
375.34,3.66,64.70,252.00,100%
375.37,3.66,85.90,538.00,100%
375.37,3.65,67.70,246.00,100%
375.40,3.65,62.30,226.00,100%
375.43,3.66,68.50,250.00,100%
375.46,3.64,71.90,262.00,100%
375.49,3.66,150.00,544.00,100%
375.49,3.65,65.60,252.00,100%
375.52,3.66,68.40,258.00,100%
375.55,3.65,75.40,250.00,100%
375.58,3.66,63.80,232.00,100%
375.58,3.66,146.10,528.00,100%
375.61,3.66,74.20,272.00,100%
375.64,3.65,66.60,242.00,100%
375.70,3.66,63.90,232.00,100%
375.70,3.67,70.00,256.00,100%
375.70,3.65,127.90,512.00,100%
375.73,3.66,65.00,226.00,100%
375.76,3.66,64.30,256.00,100%
375.79,3.65,73.80,268.00,100%
375.82,3.65,48.30,176.00,100%
375.85,3.65,158.70,574.00,100%
375.85,3.66,70.20,256.00,100%
375.88,3.66,72.70,266.00,100%
375.91,3.66,66.10,236.00,100%
375.94,3.65,66.80,266.00,100%
375.97,3.65,93.60,534.00,100%
375.97,3.65,72.00,236.00,100%
376.00,3.65,64.40,236.00,100%
376.03,3.65,70.30,256.00,100%
376.06,3.64,68.30,250.00,100%
376.09,3.66,150.30,544.00,100%
376.09,3.66,67.50,246.00,100%
376.12,3.65,73.40,252.00,100%
376.15,3.66,66.70,226.00,100%
376.18,3.63,68.60,250.00,100%
376.21,3.66,150.80,548.00,100%
376.21,3.65,65.00,236.00,100%
376.24,3.66,64.20,236.00,100%
376.27,3.66,69.90,256.00,100%
376.30,3.66,72.90,266.00,100%
376.30,3.66,129.00,508.00,100%
376.33,3.66,64.80,262.00,100%
376.36,3.66,46.90,262.00,100%
376.39,3.65,79.70,150.00,100%
376.42,3.62,72.30,262.00,100%
376.45,3.66,157.30,570.00,100%
376.45,3.65,69.90,256.00,100%
376.48,3.66,63.90,232.00,100%
376.51,3.65,66.60,242.00,100%
376.54,3.66,72.50,252.00,100%
376.57,3.65,93.50,502.00,100%
376.57,3.66,64.60,250.00,100%
376.60,3.65,70.00,266.00,100%
376.63,3.65,66.20,242.00,100%
376.66,3.64,64.30,236.00,100%
376.69,3.66,156.10,564.00,100%
376.69,3.66,74.60,272.00,100%
376.72,3.66,67.10,232.00,100%
376.75,3.66,64.30,252.00,100%
376.78,3.66,70.90,272.00,100%
376.78,3.65,80.60,518.00,100%
376.81,3.66,64.10,232.00,100%
376.84,3.66,68.30,250.00,100%
376.87,3.66,74.20,272.00,100%
376.90,3.64,66.30,242.00,100%
376.93,3.66,133.90,524.00,100%
376.96,3.66,66.70,272.00,100%
376.96,3.65,80.50,184.00,100%
376.99,3.65,70.60,262.00,100%
377.05,3.66,73.20,266.00,100%
377.05,3.66,155.80,564.00,100%
377.05,3.66,65.50,240.00,100%
377.08,3.65,62.90,230.00,100%
377.11,3.66,71.40,258.00,100%
377.14,3.66,74.10,242.00,100%
377.17,3.66,100.40,502.00,100%
377.17,3.66,63.20,258.00,100%
377.20,3.66,72.70,268.00,100%
377.23,3.65,65.40,240.00,100%
377.26,3.65,64.40,236.00,100%
377.26,3.66,160.50,580.00,100%
377.29,3.66,71.50,262.00,100%
377.32,3.66,64.90,236.00,100%
377.35,3.65,66.10,268.00,100%
377.38,3.66,72.60,258.00,100%
377.41,3.66,82.60,512.00,100%
377.41,3.66,66.30,236.00,100%
377.44,3.66,72.10,262.00,100%
377.47,3.65,70.90,258.00,100%
377.50,3.65,64.20,236.00,100%
377.53,3.66,142.70,514.00,100%
377.53,3.65,79.40,292.00,100%
377.56,3.66,79.00,266.00,100%
377.59,3.66,63.10,256.00,100%
377.62,3.66,67.70,262.00,100%
377.65,3.65,150.80,548.00,100%
377.65,3.65,62.80,230.00,100%
377.68,3.66,67.00,246.00,100%
377.71,3.66,71.40,258.00,100%
377.74,3.65,69.40,252.00,100%
377.77,3.66,111.10,518.00,100%
377.77,3.65,67.80,266.00,100%
377.80,3.65,73.30,252.00,100%
377.83,3.65,69.20,236.00,100%
377.86,3.65,67.10,246.00,100%
377.89,3.66,163.00,590.00,100%
377.89,3.65,67.30,246.00,100%
377.92,3.66,64.00,232.00,100%
377.95,3.66,69.60,252.00,100%
377.98,3.66,74.10,246.00,100%
378.01,3.66,81.70,508.00,100%
378.01,3.66,65.30,256.00,100%
378.04,3.65,72.40,276.00,100%
378.07,3.65,65.30,240.00,100%
378.10,3.61,63.90,232.00,100%
378.13,3.66,161.00,584.00,100%
378.13,3.66,80.80,294.00,100%
378.16,3.66,66.50,258.00,100%
378.19,3.65,64.80,262.00,100%
378.22,3.66,73.20,268.00,100%
378.22,3.65,75.40,522.00,100%
378.25,3.66,64.90,236.00,100%
378.28,3.66,72.10,262.00,100%
378.31,3.65,71.60,262.00,100%
378.34,3.63,64.40,236.00,100%
378.37,3.65,123.80,534.00,100%
378.37,3.65,73.90,262.00,100%
378.40,3.66,68.90,230.00,100%
378.43,3.66,65.50,250.00,100%
378.46,3.63,72.30,262.00,100%
378.58,3.65,153.90,558.00,100%
378.58,3.65,64.20,232.00,100%
378.58,3.65,68.10,250.00,100%
378.58,3.66,75.00,272.00,100%
378.58,3.66,67.80,232.00,100%
378.61,3.65,87.60,522.00,100%
378.61,3.65,70.10,268.00,100%
378.64,3.65,74.40,242.00,100%
378.67,3.66,64.60,236.00,100%
378.70,3.64,53.40,194.00,100%
378.73,3.65,166.50,602.00,100%
378.73,3.65,63.80,232.00,100%
378.76,3.66,65.10,236.00,100%
378.79,3.66,73.00,266.00,100%
378.82,3.66,69.60,230.00,100%
378.85,3.65,70.40,518.00,100%
378.85,3.66,68.10,262.00,100%
378.88,3.65,69.30,252.00,100%
378.91,3.65,63.20,230.00,100%
378.94,3.64,67.00,246.00,100%
378.94,3.66,141.70,514.00,100%
378.97,3.65,68.30,250.00,100%
379.00,3.65,66.10,256.00,100%
379.03,3.66,69.00,266.00,100%
379.09,3.65,75.30,250.00,100%
379.09,3.65,139.70,504.00,100%
379.09,3.65,69.70,256.00,100%
379.12,3.66,74.20,272.00,100%
379.15,3.65,64.90,236.00,100%
379.18,3.64,64.60,236.00,100%
379.18,3.64,158.60,540.00,100%
379.21,3.65,72.90,240.00,100%
379.24,3.66,41.90,236.00,100%
379.27,3.65,73.40,180.00,100%
379.30,3.64,78.90,288.00,100%
379.30,3.65,140.70,508.00,100%
379.33,3.66,65.90,240.00,100%
379.36,3.66,71.30,258.00,100%
379.39,3.65,70.70,258.00,100%
379.42,3.66,66.30,246.00,100%
379.45,3.65,153.30,530.00,100%
379.45,3.66,73.80,258.00,100%
379.48,3.65,70.80,236.00,100%
379.51,3.66,72.90,266.00,100%
379.54,3.65,67.70,246.00,100%
379.57,3.62,140.30,508.00,100%
379.57,3.66,67.50,246.00,100%
379.63,3.66,74.10,268.00,100%
379.63,3.66,68.60,236.00,100%
379.66,3.61,117.20,252.00,100%
379.69,3.64,146.80,554.00,100%
379.72,3.65,74.70,242.00,100%
379.72,3.65,64.10,232.00,100%
379.75,3.66,70.80,258.00,100%
379.78,3.66,73.10,266.00,100%
379.81,3.63,140.10,508.00,100%
379.81,3.66,65.30,240.00,100%
379.84,3.66,66.50,268.00,100%
379.87,3.65,77.40,160.00,100%
379.90,3.65,68.80,268.00,100%
379.93,3.63,143.40,548.00,100%
379.93,3.65,69.30,252.00,100%
379.96,3.65,64.50,236.00,100%
379.99,3.66,66.40,242.00,100%
380.02,3.66,73.20,266.00,100%
380.05,3.64,144.50,514.00,100%
380.05,3.65,65.70,252.00,100%
380.08,3.66,68.40,272.00,100%
380.11,3.66,75.90,250.00,100%
380.14,3.66,64.50,236.00,100%
380.17,3.63,144.10,522.00,100%
380.17,3.66,74.90,272.00,100%
380.20,3.65,64.80,236.00,100%
380.23,3.66,64.50,236.00,100%
380.26,3.65,74.50,268.00,100%
380.29,3.64,146.80,514.00,100%
380.29,3.65,65.10,240.00,100%
380.32,3.66,67.50,262.00,100%
380.35,3.65,69.90,256.00,100%
380.38,3.65,63.50,232.00,100%
380.41,3.64,143.30,518.00,100%
380.44,3.66,72.40,266.00,100%
380.44,3.65,75.50,276.00,100%
380.47,3.66,73.10,286.00,100%
380.50,3.65,69.30,292.00,100%
380.53,3.63,150.10,524.00,100%
380.56,3.65,67.70,236.00,100%
380.56,3.66,70.50,256.00,100%
380.59,3.66,73.00,266.00,100%
380.62,3.66,64.00,232.00,100%
380.65,3.64,140.80,512.00,100%
380.65,3.66,72.60,262.00,100%
380.68,3.66,71.00,236.00,100%
380.71,3.65,64.00,242.00,100%
380.74,3.65,68.50,266.00,100%
380.80,3.62,144.00,522.00,100%
380.80,3.65,63.00,230.00,100%
380.80,3.66,70.00,256.00,100%
380.83,3.65,73.80,268.00,100%
380.86,3.67,66.40,242.00,100%
380.89,3.64,142.10,548.00,100%
380.89,3.65,70.90,258.00,100%
380.92,3.65,71.80,240.00,100%
380.95,3.65,66.00,242.00,100%
380.98,3.65,71.90,262.00,100%
381.01,3.62,143.10,518.00,100%
381.01,3.65,47.00,170.00,100%
381.04,3.66,77.50,282.00,100%
381.07,3.65,74.30,272.00,100%
381.10,3.66,67.50,240.00,100%
381.13,3.64,139.40,538.00,100%
381.13,3.66,72.30,262.00,100%
381.16,3.65,72.50,236.00,100%
381.19,3.66,64.70,236.00,100%
381.22,3.66,72.80,266.00,100%
381.25,3.63,143.70,522.00,100%
381.25,3.66,64.70,236.00,100%
381.28,3.65,70.90,276.00,100%
381.31,3.65,76.10,250.00,100%
381.34,3.66,66.80,236.00,100%
381.37,3.63,141.40,540.00,100%
381.37,3.65,74.20,272.00,100%
381.40,3.65,65.10,236.00,100%
381.43,3.66,65.50,240.00,100%
381.46,3.66,73.20,268.00,100%
381.49,3.62,147.50,534.00,100%
381.49,3.66,67.10,242.00,100%
381.52,3.66,66.10,258.00,100%
381.55,3.65,73.30,262.00,100%
381.58,3.65,57.30,240.00,100%
381.61,3.62,118.50,430.00,100%
381.61,3.66,78.90,288.00,100%
381.64,3.65,70.20,256.00,100%
381.67,3.66,65.00,236.00,100%
381.70,3.66,70.90,258.00,100%
381.73,3.64,152.50,530.00,100%
381.73,3.66,65.60,230.00,100%
381.76,3.65,65.90,266.00,100%
381.79,3.65,73.90,266.00,100%
381.85,3.65,64.10,232.00,100%
381.85,3.63,143.10,518.00,100%
381.85,3.66,72.40,266.00,100%
381.88,3.65,70.20,256.00,100%
381.91,3.66,66.30,250.00,100%
381.94,3.65,70.30,272.00,100%
381.97,3.63,152.30,534.00,100%
381.97,3.65,69.10,240.00,100%
382.00,3.65,71.40,258.00,100%
382.03,3.65,74.20,272.00,100%
382.06,3.65,67.70,246.00,100%
382.12,3.65,141.20,512.00,100%
382.12,3.65,74.00,268.00,100%
382.12,3.65,75.30,246.00,100%
382.15,3.66,65.70,236.00,100%
382.18,3.65,74.00,266.00,100%
382.21,3.62,154.70,558.00,100%
382.24,3.65,68.80,252.00,100%
382.24,3.65,67.00,246.00,100%
382.27,3.66,73.50,268.00,100%
382.30,3.67,70.00,256.00,100%
382.33,3.64,140.80,530.00,100%
382.36,3.66,71.20,272.00,100%
382.36,3.65,73.20,246.00,100%
382.42,3.66,69.20,240.00,100%
382.42,3.66,66.80,258.00,100%
382.45,3.63,149.10,540.00,100%
382.45,3.65,68.00,250.00,100%
382.48,3.66,63.90,232.00,100%
382.54,3.65,72.60,266.00,100%
382.54,3.66,74.70,242.00,100%
382.57,3.63,140.60,514.00,100%
382.57,3.66,65.90,268.00,100%
382.60,3.65,72.90,266.00,100%
382.63,3.65,65.70,240.00,100%
382.66,3.66,64.90,236.00,100%
382.69,3.64,147.30,534.00,100%
382.69,3.66,70.20,256.00,100%
382.72,3.67,65.00,236.00,100%
382.75,3.66,76.70,272.00,100%
382.78,3.65,79.60,276.00,100%
382.81,3.63,144.40,538.00,100%
382.81,3.66,66.20,252.00,100%
382.84,3.66,73.70,268.00,100%
382.87,3.65,66.20,242.00,100%
382.90,3.66,63.80,232.00,100%
382.93,3.65,146.20,530.00,100%
382.93,3.65,73.70,268.00,100%
382.96,3.66,66.80,236.00,100%
382.99,3.66,63.90,258.00,100%
383.02,3.65,74.10,266.00,100%
383.05,3.62,140.10,508.00,100%
383.05,3.66,63.50,232.00,100%
383.08,3.66,72.10,262.00,100%
383.11,3.65,69.60,252.00,100%
383.14,3.66,64.50,236.00,100%
383.17,3.63,150.70,544.00,100%
383.17,3.66,71.10,240.00,100%
383.20,3.65,63.50,236.00,100%
383.23,3.65,68.80,266.00,100%
383.26,3.65,74.30,250.00,100%
383.29,3.63,137.70,498.00,100%
383.29,3.66,68.80,252.00,100%
383.35,3.65,73.50,268.00,100%
383.35,3.65,73.60,268.00,100%
383.38,3.65,71.90,262.00,100%
383.41,3.63,149.70,570.00,100%
383.41,3.65,72.50,236.00,100%
383.44,3.65,66.20,236.00,100%
383.47,3.66,72.40,266.00,100%
383.50,3.66,70.60,258.00,100%
383.53,3.64,142.10,514.00,100%
383.53,3.66,64.30,236.00,100%
383.59,3.66,71.70,262.00,100%
383.59,3.65,71.00,236.00,100%
383.62,3.66,64.20,240.00,100%
383.65,3.64,143.20,538.00,100%
383.65,3.66,73.50,252.00,100%
383.68,3.65,63.30,230.00,100%
383.71,3.66,67.50,246.00,100%
383.74,3.65,74.70,272.00,100%
383.77,3.64,144.40,524.00,100%
383.77,3.65,64.20,236.00,100%
383.80,3.65,73.20,272.00,100%
383.83,3.66,71.80,232.00,100%
383.86,3.66,66.10,236.00,100%
383.89,3.63,141.90,538.00,100%
383.89,3.65,70.00,256.00,100%
383.92,3.65,44.60,164.00,100%
383.95,3.65,72.30,262.00,100%
383.98,3.65,71.60,262.00,100%
384.01,3.63,147.70,504.00,100%
384.01,3.66,64.80,246.00,100%
384.04,3.66,67.50,258.00,100%
384.07,3.65,73.10,250.00,100%
384.10,3.65,64.10,232.00,100%
384.13,3.64,144.20,522.00,100%
384.13,3.66,74.20,272.00,100%
384.19,3.65,64.70,236.00,100%
384.19,3.66,64.50,236.00,100%
384.22,3.65,74.70,266.00,100%
384.25,3.63,146.50,504.00,100%
384.25,3.65,65.10,240.00,100%
384.28,3.66,67.10,262.00,100%
384.31,3.65,68.80,252.00,100%
384.34,3.65,63.00,230.00,100%
384.37,3.64,146.10,528.00,100%
384.37,3.66,74.90,272.00,100%
384.40,3.65,67.80,250.00,100%
384.43,3.66,65.60,256.00,100%
384.46,3.65,69.20,266.00,100%
384.49,3.64,149.70,514.00,100%
384.49,3.66,74.90,174.00,100%
384.52,3.66,78.40,286.00,100%
384.55,3.65,75.20,276.00,100%
384.58,3.65,64.20,232.00,100%
384.61,3.63,143.20,518.00,100%
384.61,3.65,71.70,262.00,100%
384.64,3.65,71.40,236.00,100%
384.67,3.66,64.00,236.00,100%
384.70,3.66,67.10,262.00,100%
384.73,3.63,144.80,524.00,100%
384.73,3.65,62.80,230.00,100%
384.76,3.65,68.10,250.00,100%
384.79,3.66,71.30,258.00,100%
384.82,3.66,67.90,250.00,100%
384.85,3.63,143.10,524.00,100%
384.85,3.65,69.50,268.00,100%
384.88,3.65,75.10,246.00,100%
384.91,3.65,67.70,236.00,100%
384.94,3.66,69.90,256.00,100%
384.97,3.64,149.70,540.00,100%
384.97,3.65,65.60,240.00,100%
385.00,3.65,64.40,236.00,100%
385.03,3.65,73.40,268.00,100%
385.06,3.66,73.10,242.00,100%
385.09,3.64,145.90,502.00,100%
385.09,3.66,74.50,292.00,100%
385.12,3.65,74.30,282.00,100%
385.15,3.65,62.80,230.00,100%
385.18,3.66,68.20,250.00,100%
385.24,3.64,152.30,550.00,100%
385.24,3.66,67.50,246.00,100%
385.24,3.65,64.40,236.00,100%
385.27,3.65,71.50,272.00,100%
385.30,3.65,73.20,240.00,100%
385.33,3.63,141.50,504.00,100%
385.33,3.66,71.90,262.00,100%
385.36,3.66,71.20,258.00,100%
385.39,3.65,65.50,240.00,100%
385.42,3.66,64.10,232.00,100%
385.45,3.63,148.50,538.00,100%
385.45,3.65,72.20,240.00,100%
385.48,3.65,64.10,236.00,100%
385.51,3.66,67.80,266.00,100%
385.54,3.65,74.00,252.00,100%
385.57,3.64,138.80,504.00,100%
385.57,3.65,67.50,246.00,100%
385.60,3.66,74.40,272.00,100%
385.63,3.66,66.60,242.00,100%
385.66,3.65,45.10,164.00,100%
385.69,3.63,155.90,476.00,100%
385.69,3.66,71.80,258.00,100%
385.72,3.65,66.20,240.00,100%
385.75,3.65,66.60,266.00,100%
385.81,3.65,70.30,256.00,100%
385.81,3.64,143.10,518.00,100%
385.84,3.65,64.70,236.00,100%
385.84,3.66,71.70,262.00,100%
385.87,3.65,70.10,256.00,100%
385.90,3.65,65.30,246.00,100%
385.93,3.64,142.90,534.00,100%
385.93,3.65,76.10,250.00,100%
385.96,3.65,64.30,236.00,100%
385.99,3.65,68.60,250.00,100%
386.02,3.65,74.70,272.00,100%
386.05,3.63,143.30,518.00,100%
386.05,3.66,64.60,236.00,100%
386.08,3.65,74.40,268.00,100%
386.11,3.65,71.80,236.00,100%
386.14,3.65,65.70,240.00,100%
386.17,3.64,141.90,530.00,100%
386.17,3.65,70.30,256.00,100%
386.20,3.66,63.30,230.00,100%
386.23,3.65,48.30,176.00,100%
386.26,3.66,80.10,292.00,100%
386.29,3.63,149.20,540.00,100%
386.29,3.66,65.90,252.00,100%
386.32,3.65,67.30,258.00,100%
386.35,3.65,75.90,250.00,100%
386.38,3.66,68.90,236.00,100%
386.41,3.64,145.20,524.00,100%
386.41,3.66,74.90,272.00,100%
386.44,3.66,65.40,240.00,100%
386.47,3.65,64.40,236.00,100%
386.50,3.65,72.60,266.00,100%
386.53,3.63,148.70,514.00,100%
386.53,3.66,64.70,232.00,100%
386.56,3.65,65.60,266.00,100%
386.59,3.65,72.30,262.00,100%
386.62,3.65,63.60,232.00,100%
386.65,3.63,144.00,522.00,100%
386.65,3.65,71.00,258.00,100%
386.68,3.66,70.80,258.00,100%
386.71,3.65,66.40,242.00,100%
386.74,3.66,66.20,258.00,100%
386.77,3.63,148.50,528.00,100%
386.77,3.66,71.10,236.00,100%
386.80,3.66,65.70,240.00,100%
386.83,3.66,78.60,288.00,100%
386.86,3.65,76.00,278.00,100%
386.89,3.63,141.80,514.00,100%
386.89,3.65,67.80,246.00,100%
386.92,3.65,74.50,256.00,100%
386.95,3.66,67.20,230.00,100%
386.98,3.65,65.50,250.00,100%
387.01,3.63,145.30,538.00,100%
387.01,3.65,67.20,246.00,100%
387.04,3.65,64.60,236.00,100%
387.07,3.66,67.40,246.00,100%
387.10,3.66,72.50,266.00,100%
387.13,3.63,143.80,504.00,100%
387.13,3.66,64.80,252.00,100%
387.16,3.65,68.70,262.00,100%
387.19,3.65,74.20,250.00,100%
387.22,3.65,64.30,236.00,100%
387.28,3.64,145.90,528.00,100%
387.28,3.65,74.80,272.00,100%
387.28,3.66,66.20,242.00,100%
387.31,3.66,64.30,236.00,100%
387.34,3.65,72.70,276.00,100%
387.37,3.63,149.00,512.00,100%
387.37,3.66,55.60,236.00,100%
387.40,3.65,73.30,262.00,100%
387.43,3.65,80.00,292.00,100%
387.46,3.65,64.40,236.00,100%
387.49,3.64,142.40,514.00,100%
387.49,3.66,71.30,258.00,100%
387.52,3.65,71.80,262.00,100%
387.55,3.65,66.60,242.00,100%
387.58,3.66,64.40,252.00,100%
387.61,3.63,148.40,530.00,100%
387.61,3.65,71.80,236.00,100%
387.67,3.65,64.80,236.00,100%
387.67,3.65,72.30,262.00,100%
387.70,3.65,67.90,250.00,100%
387.73,3.63,141.80,514.00,100%
387.73,3.65,68.50,250.00,100%
387.76,3.65,74.10,250.00,100%
387.79,3.66,66.90,230.00,100%
387.85,3.65,64.70,256.00,100%
387.85,3.63,151.90,550.00,100%
387.85,3.65,64.90,236.00,100%
387.88,3.66,64.50,236.00,100%
387.91,3.65,70.70,258.00,100%
387.94,3.65,72.90,266.00,100%
387.97,3.64,118.40,508.00,100%
387.97,3.65,72.30,180.00,100%
388.01,3.66,73.70,292.00,100%
388.03,3.65,72.60,236.00,100%
388.06,3.65,64.40,236.00,100%
388.09,3.64,148.60,538.00,100%
388.09,3.65,70.40,256.00,100%
388.12,3.65,64.40,236.00,100%
388.18,3.65,67.10,246.00,100%
388.18,3.65,74.60,258.00,100%
388.21,3.63,142.00,498.00,100%
388.21,3.66,65.20,250.00,100%
388.24,3.66,70.70,276.00,100%
388.27,3.65,66.10,242.00,100%
388.30,3.65,63.90,232.00,100%
388.33,3.63,147.60,534.00,100%
388.33,3.66,73.80,268.00,100%
388.39,3.65,66.40,242.00,100%
388.39,3.65,65.10,262.00,100%
388.45,3.66,71.60,262.00,100%
388.45,3.64,148.50,512.00,100%
388.45,3.65,64.70,236.00,100%
388.48,3.65,71.50,262.00,100%
388.51,3.66,71.90,262.00,100%
388.54,3.65,61.60,226.00,100%
388.57,3.63,148.80,540.00,100%
388.57,3.65,76.90,288.00,100%
388.60,3.65,70.30,246.00,100%
388.63,3.65,64.80,240.00,100%
388.66,3.66,67.20,262.00,100%
388.69,3.63,145.90,528.00,100%
388.69,3.65,62.90,230.00,100%
388.72,3.66,66.50,242.00,100%
388.75,3.66,71.70,262.00,100%
388.78,3.65,69.20,252.00,100%
388.81,3.64,140.90,518.00,100%
388.81,3.66,66.40,256.00,100%
388.84,3.65,74.20,252.00,100%
388.87,3.65,70.00,236.00,100%
388.90,3.66,66.70,242.00,100%
388.93,3.63,151.80,550.00,100%
388.93,3.65,67.30,246.00,100%
388.96,3.66,63.80,232.00,100%
388.99,3.66,69.20,252.00,100%
389.05,3.65,76.40,250.00,100%
389.05,3.64,141.40,498.00,100%
389.08,3.66,64.60,252.00,100%
389.08,3.66,71.00,276.00,100%
389.11,3.66,65.80,240.00,100%
389.14,3.65,72.30,266.00,100%
389.17,3.63,154.20,558.00,100%
389.17,3.66,74.60,272.00,100%
389.20,3.66,67.90,236.00,100%
389.23,3.66,64.40,256.00,100%
389.26,3.65,71.30,272.00,100%
389.29,3.64,149.00,514.00,100%
389.29,3.65,63.90,232.00,100%
389.32,3.66,70.30,256.00,100%
389.35,3.65,73.10,266.00,100%
389.38,3.65,65.00,236.00,100%
389.41,3.63,140.10,508.00,100%
389.41,3.65,74.30,268.00,100%
389.44,3.65,71.50,232.00,100%
389.47,3.65,66.10,240.00,100%
389.50,3.65,66.80,266.00,100%
389.53,3.63,134.50,484.00,100%
389.53,3.66,63.30,230.00,100%
389.56,3.65,73.20,266.00,100%
389.59,3.65,69.60,252.00,100%
389.62,3.65,64.40,236.00,100%
389.65,3.64,142.90,756.00,100%
389.65,3.65,72.90,256.00,100%
389.68,3.65,69.00,232.00,100%
389.71,3.65,57.10,246.00,100%
389.74,3.66,75.20,276.00,100%
389.77,3.63,144.00,518.00,100%
389.77,3.65,64.40,236.00,100%
389.80,3.66,68.10,250.00,100%
389.83,3.65,74.90,272.00,100%
389.86,3.66,69.00,236.00,100%
389.89,3.63,138.20,642.00,100%
389.89,3.66,71.20,272.00,100%
389.92,3.65,75.60,242.00,100%
389.95,3.65,63.20,230.00,100%
389.98,3.66,70.30,256.00,100%
390.01,3.63,148.50,538.00,100%
390.01,3.65,65.80,240.00,100%
390.04,3.65,64.50,236.00,100%
390.07,3.65,73.80,272.00,100%
390.13,3.66,71.40,232.00,100%
390.13,3.63,143.90,502.00,100%
390.13,3.66,66.40,266.00,100%
390.16,3.66,70.60,258.00,100%
390.22,3.65,65.20,240.00,100%
390.22,3.65,63.90,232.00,100%
390.25,3.64,149.40,540.00,100%
390.25,3.65,71.80,262.00,100%
390.28,3.66,43.20,240.00,100%
390.31,3.65,72.30,184.00,100%
390.34,3.65,72.50,288.00,100%
390.37,3.63,135.30,484.00,100%
390.37,3.66,64.00,232.00,100%
390.40,3.65,72.60,266.00,100%
390.46,3.65,69.50,252.00,100%
390.46,3.65,64.30,236.00,100%
390.52,3.63,142.30,740.00,100%
390.55,3.65,71.90,256.00,100%
390.55,3.65,70.80,236.00,100%
390.55,3.65,65.80,242.00,100%
390.58,3.66,71.50,262.00,100%
390.61,3.63,139.90,504.00,100%
390.61,3.65,64.50,236.00,100%
390.64,3.66,66.30,242.00,100%
390.67,3.66,72.30,262.00,100%
390.70,3.66,72.70,242.00,100%
390.73,3.63,139.40,594.00,100%
390.73,3.66,67.50,266.00,100%
390.76,3.65,73.80,258.00,100%
390.79,3.65,63.80,232.00,100%
390.85,3.66,65.50,240.00,100%
390.85,3.65,147.60,534.00,100%
390.85,3.65,67.20,246.00,100%
390.88,3.65,72.70,266.00,100%
390.91,3.66,70.60,298.00,100%
390.94,3.65,70.50,266.00,100%
390.97,3.63,147.70,478.00,100%
390.97,3.65,65.70,240.00,100%
391.00,3.65,70.30,256.00,100%
391.03,3.65,72.90,266.00,100%
391.06,3.65,64.30,236.00,100%
391.09,3.64,141.10,512.00,100%
391.09,3.65,73.50,266.00,100%
391.12,3.66,72.40,240.00,100%
391.15,3.65,65.90,240.00,100%
391.18,3.65,66.20,268.00,100%
391.21,3.63,143.30,514.00,100%
391.21,3.65,64.30,236.00,100%
391.30,3.65,64.90,236.00,100%
391.30,3.66,72.70,266.00,100%
391.30,3.65,73.10,266.00,100%
391.33,3.64,142.80,702.00,100%
391.33,3.66,63.60,256.00,100%
391.36,3.65,73.80,268.00,100%
391.39,3.65,74.80,242.00,100%
391.42,3.66,63.20,230.00,100%
391.45,3.63,144.60,522.00,100%
391.48,3.65,80.10,292.00,100%
391.48,3.66,73.10,266.00,100%
391.51,3.65,64.70,236.00,100%
391.54,3.65,74.20,268.00,100%
391.57,3.63,146.20,566.00,100%
391.57,3.65,66.10,236.00,100%
391.60,3.66,66.40,266.00,100%
391.63,3.66,71.30,258.00,100%
391.66,3.65,65.70,240.00,100%
391.69,3.64,138.30,502.00,100%
391.69,3.66,72.50,266.00,100%
391.72,3.66,72.60,236.00,100%
391.75,3.66,65.50,236.00,100%
391.78,3.65,64.50,262.00,100%
391.81,3.63,148.50,488.00,100%
391.81,3.65,64.90,236.00,100%
391.84,3.65,63.50,232.00,100%
391.93,3.66,72.90,266.00,100%
391.93,3.65,70.10,256.00,100%
391.93,3.63,139.80,508.00,100%
391.93,3.65,66.90,266.00,100%
391.96,3.65,71.50,256.00,100%
391.99,3.65,71.50,240.00,100%
392.02,3.65,45.70,240.00,100%
392.05,3.63,122.80,442.00,100%
392.05,3.66,77.40,282.00,100%
392.08,3.65,64.40,236.00,100%
392.11,3.66,65.10,236.00,100%
392.14,3.66,71.70,262.00,100%
392.17,3.63,147.30,718.00,100%
392.17,3.65,63.10,232.00,100%
392.20,3.66,66.80,262.00,100%
392.23,3.65,73.40,258.00,100%
392.26,3.65,62.90,230.00,100%
392.29,3.64,139.80,504.00,100%
392.29,3.65,70.70,258.00,100%
392.32,3.66,69.90,256.00,100%
392.35,3.65,65.00,236.00,100%
392.38,3.66,67.80,266.00,100%
392.41,3.64,146.80,564.00,100%
392.41,3.65,69.70,236.00,100%
392.44,3.65,66.90,242.00,100%
392.47,3.66,71.00,258.00,100%
392.50,3.65,69.10,252.00,100%
392.53,3.63,138.00,502.00,100%
392.53,3.66,68.00,250.00,100%
392.56,3.65,73.20,250.00,100%
392.59,3.66,43.60,232.00,100%
392.62,3.65,71.90,164.00,100%
392.68,3.63,147.40,522.00,100%
392.68,3.65,67.50,246.00,100%
392.68,3.65,62.60,230.00,100%
392.71,3.66,70.70,258.00,100%
392.74,3.66,73.40,268.00,100%
392.77,3.63,141.40,704.00,100%
392.77,3.65,65.70,266.00,100%
392.80,3.65,71.40,262.00,100%
392.83,3.65,73.30,240.00,100%
392.86,3.66,66.70,236.00,100%
392.89,3.64,140.60,504.00,100%
392.89,3.66,70.70,258.00,100%
392.92,3.65,63.90,232.00,100%
392.95,3.66,65.30,240.00,100%
392.98,3.65,72.10,262.00,100%
393.01,3.63,146.80,698.00,100%
393.01,3.66,62.80,236.00,100%
393.04,3.66,67.50,266.00,100%
393.07,3.65,74.30,252.00,100%
393.10,3.65,62.70,230.00,100%
393.13,3.64,143.40,518.00,100%
393.13,3.67,71.00,258.00,100%
393.16,3.66,67.30,246.00,100%
393.19,3.66,72.10,250.00,100%
393.22,3.65,76.90,302.00,100%
393.25,3.63,148.40,590.00,100%
393.25,3.65,67.00,232.00,100%
393.28,3.65,70.80,258.00,100%
393.31,3.66,72.00,262.00,100%
393.34,3.65,66.30,242.00,100%
393.37,3.63,139.30,504.00,100%
393.37,3.66,72.00,262.00,100%
393.40,3.66,73.80,242.00,100%
393.43,3.65,64.90,232.00,100%
393.46,3.66,65.60,268.00,100%
393.49,3.63,147.40,494.00,100%
393.52,3.65,63.80,232.00,100%
393.52,3.66,64.00,232.00,100%
393.55,3.66,71.60,262.00,100%
393.58,3.65,69.60,256.00,100%
393.61,3.63,139.80,738.00,100%
393.61,3.66,68.80,268.00,100%
393.64,3.65,71.50,242.00,100%
393.67,3.65,69.10,236.00,100%
393.70,3.65,65.80,250.00,100%
393.73,3.64,144.00,518.00,100%
393.73,3.66,66.90,242.00,100%
393.76,3.65,70.50,258.00,100%
393.79,3.66,78.00,286.00,100%
393.82,3.65,74.30,272.00,100%
393.85,3.63,142.20,682.00,100%
393.85,3.65,63.00,256.00,100%
393.88,3.65,66.20,266.00,100%
393.91,3.65,70.50,256.00,100%
393.97,3.65,64.70,236.00,100%
393.97,3.64,142.00,514.00,100%
393.97,3.66,71.40,258.00,100%
394.00,3.65,70.70,258.00,100%
394.03,3.65,65.60,242.00,100%
394.06,3.65,65.00,256.00,100%
394.09,3.63,148.60,524.00,100%
394.12,3.65,64.30,236.00,100%
394.12,3.65,65.70,240.00,100%
394.15,3.66,74.00,268.00,100%
394.18,3.65,67.00,246.00,100%
394.21,3.64,142.20,514.00,100%
394.21,3.65,70.30,276.00,100%
394.27,3.65,74.80,246.00,100%
394.27,3.65,66.90,232.00,100%
394.30,3.65,41.20,256.00,100%
394.33,3.63,125.80,456.00,100%
394.33,3.65,72.50,266.00,100%
394.36,3.65,64.10,232.00,100%
394.39,3.66,71.10,258.00,100%
394.42,3.65,72.80,266.00,100%
394.45,3.64,145.10,512.00,100%
394.45,3.66,63.90,258.00,100%
394.48,3.65,73.70,266.00,100%
394.51,3.65,72.60,236.00,100%
394.54,3.65,63.90,232.00,100%
394.60,3.64,146.50,530.00,100%
394.60,3.65,69.90,256.00,100%
394.63,3.65,64.20,236.00,100%
394.63,3.66,67.10,246.00,100%
394.66,3.65,73.60,256.00,100%
394.69,3.63,142.10,498.00,100%
394.69,3.65,64.80,250.00,100%
394.72,3.66,70.20,266.00,100%
394.75,3.65,65.90,240.00,100%
394.78,3.65,64.30,236.00,100%
394.81,3.64,146.50,530.00,100%
394.81,3.66,74.10,268.00,100%
394.84,3.66,66.80,232.00,100%
394.87,3.67,63.90,258.00,100%
394.90,3.65,78.60,250.00,100%
394.96,3.63,153.40,538.00,100%
394.96,3.66,67.60,246.00,100%
394.96,3.66,70.80,258.00,100%
394.99,3.65,72.80,266.00,100%
395.02,3.65,63.80,232.00,100%
395.05,3.64,143.10,518.00,100%
395.05,3.65,71.90,266.00,100%
395.08,3.65,71.00,232.00,100%
395.14,3.66,64.90,240.00,100%
395.14,3.65,66.90,258.00,100%
395.17,3.63,144.80,524.00,100%
395.23,3.65,63.00,230.00,100%
395.23,3.66,66.50,242.00,100%
395.23,3.66,71.70,262.00,100%
395.26,3.66,69.20,252.00,100%
395.29,3.63,143.70,522.00,100%
395.29,3.66,66.90,258.00,100%
395.33,3.65,73.40,252.00,100%
395.35,3.65,68.90,236.00,100%
395.38,3.65,67.60,246.00,100%
395.42,3.63,151.90,550.00,100%
395.42,3.66,65.90,240.00,100%
395.44,3.66,63.70,232.00,100%
395.47,3.65,79.40,288.00,100%
395.51,3.66,81.80,272.00,100%
395.53,3.63,139.50,528.00,100%
395.53,3.66,65.20,266.00,100%
395.56,3.65,72.60,262.00,100%
395.59,3.65,62.60,230.00,100%
395.62,3.65,65.90,240.00,100%
395.65,3.64,148.60,538.00,100%
395.65,3.65,69.20,252.00,100%
395.68,3.66,64.50,242.00,100%
395.71,3.66,68.40,266.00,100%
395.74,3.65,74.50,246.00,100%
395.77,3.63,142.80,504.00,100%
395.77,3.65,69.90,256.00,100%
395.80,3.65,72.80,266.00,100%
395.83,3.65,66.30,242.00,100%
395.86,3.65,63.50,232.00,100%
395.89,3.64,150.30,544.00,100%
395.89,3.66,73.80,240.00,100%
395.92,3.65,64.10,232.00,100%
395.95,3.66,65.90,262.00,100%
395.98,3.65,72.70,258.00,100%
396.01,3.63,139.20,504.00,100%
396.01,3.66,64.80,236.00,100%
396.04,3.65,50.70,184.00,100%
396.07,3.66,76.60,278.00,100%
396.10,3.65,64.50,236.00,100%
396.16,3.63,144.60,538.00,100%
396.16,3.65,71.20,242.00,100%
396.16,3.65,68.40,236.00,100%
396.19,3.65,65.90,250.00,100%
396.25,3.65,71.70,262.00,100%
396.25,3.64,144.60,524.00,100%
396.25,3.66,62.90,230.00,100%
396.28,3.66,70.00,256.00,100%
396.31,3.66,74.00,268.00,100%
396.34,3.65,67.10,236.00,100%
396.37,3.64,138.10,524.00,100%
396.37,3.65,72.80,266.00,100%
396.40,3.65,65.30,240.00,100%
396.43,3.65,62.90,230.00,100%
396.46,3.65,71.50,262.00,100%
396.52,3.64,146.00,528.00,100%
396.52,3.65,64.40,236.00,100%
396.52,3.65,66.70,262.00,100%
396.58,3.65,72.30,256.00,100%
396.58,3.65,70.00,236.00,100%
396.61,3.64,140.20,514.00,100%
396.61,3.65,57.60,210.00,100%
396.64,3.65,75.40,276.00,100%
396.67,3.65,67.00,246.00,100%
396.70,3.66,67.20,246.00,100%
396.73,3.63,150.70,544.00,100%
396.73,3.66,69.60,236.00,100%
396.76,3.65,63.30,242.00,100%
396.79,3.66,70.10,268.00,100%
396.85,3.65,76.40,246.00,100%
396.85,3.64,138.60,502.00,100%
396.85,3.66,69.50,252.00,100%
396.88,3.65,74.10,268.00,100%
396.91,3.65,66.70,242.00,100%
396.94,3.65,64.60,236.00,100%
396.97,3.64,148.20,544.00,100%
396.97,3.66,72.60,236.00,100%
397.00,3.66,66.80,236.00,100%
397.03,3.66,66.10,262.00,100%
397.06,3.65,71.90,262.00,100%
397.09,3.64,143.70,522.00,100%
397.09,3.65,63.60,232.00,100%
397.12,3.66,71.80,262.00,100%
397.15,3.65,72.70,236.00,100%
397.18,3.66,65.70,240.00,100%
397.21,3.63,147.40,530.00,100%
397.21,3.65,79.40,288.00,100%
397.24,3.65,70.60,258.00,100%
397.27,3.65,65.30,240.00,100%
397.30,3.66,73.20,268.00,100%
397.33,3.63,147.10,534.00,100%
397.33,3.65,64.60,236.00,100%
397.36,3.66,69.00,268.00,100%
397.39,3.65,72.50,250.00,100%
397.42,3.65,69.00,236.00,100%
397.45,3.64,139.60,522.00,100%
397.45,3.65,74.20,272.00,100%
397.48,3.65,66.30,242.00,100%
397.51,3.65,64.40,236.00,100%
397.54,3.66,70.30,256.00,100%
397.57,3.63,152.60,554.00,100%
397.57,3.66,68.00,240.00,100%
397.60,3.65,63.70,256.00,100%
397.63,3.65,73.70,268.00,100%
397.66,3.65,74.40,240.00,100%
397.69,3.64,141.10,512.00,100%
397.69,3.65,73.60,268.00,100%
397.72,3.66,70.80,258.00,100%
397.75,3.66,64.80,236.00,100%
397.78,3.65,73.30,268.00,100%
397.81,3.63,157.30,558.00,100%
397.81,3.65,68.20,256.00,100%
397.84,3.66,65.10,246.00,100%
397.87,3.65,70.10,268.00,100%
397.90,3.65,67.20,246.00,100%
397.93,3.64,142.60,518.00,100%
397.93,3.66,68.20,250.00,100%
397.96,3.65,75.10,276.00,100%
397.99,3.66,68.00,232.00,100%
398.02,3.66,64.90,256.00,100%
398.05,3.63,145.70,540.00,100%
398.05,3.65,74.80,242.00,100%
398.08,3.65,64.30,236.00,100%
398.11,3.66,70.40,256.00,100%
398.14,3.66,73.50,268.00,100%
398.17,3.63,142.60,518.00,100%
398.17,3.65,64.90,236.00,100%
398.20,3.65,74.90,268.00,100%
398.23,3.66,71.40,236.00,100%
398.26,3.65,65.70,240.00,100%
398.32,3.64,141.50,530.00,100%
398.32,3.65,70.10,256.00,100%
398.32,3.66,63.60,232.00,100%
398.35,3.65,48.10,176.00,100%
398.38,3.66,79.50,292.00,100%
398.41,3.63,145.30,524.00,100%
398.41,3.65,66.50,250.00,100%
398.44,3.65,67.20,258.00,100%
398.47,3.65,76.50,252.00,100%
398.50,3.65,69.80,236.00,100%
398.53,3.64,145.40,528.00,100%
398.53,3.66,75.00,272.00,100%
398.56,3.65,66.70,242.00,100%
398.59,3.65,64.60,236.00,100%
398.62,3.65,71.70,262.00,100%
398.65,3.63,150.50,514.00,100%
398.65,3.66,64.90,230.00,100%
398.68,3.65,65.50,262.00,100%
398.71,3.65,74.50,268.00,100%
398.74,3.65,64.20,232.00,100%
398.77,3.63,143.60,522.00,100%
398.77,3.66,70.60,258.00,100%
398.80,3.66,71.70,262.00,100%
398.83,3.66,66.10,240.00,100%
398.86,3.65,66.30,262.00,100%
398.89,3.63,146.70,528.00,100%
398.89,3.66,67.70,240.00,100%
398.92,3.65,49.80,180.00,100%
398.95,3.66,77.80,286.00,100%
399.01,3.65,73.30,268.00,100%
399.01,3.63,141.50,512.00,100%
399.01,3.65,67.20,246.00,100%
399.04,3.65,74.20,258.00,100%
399.07,3.66,69.30,232.00,100%
399.10,3.66,65.10,250.00,100%
399.13,3.64,144.40,538.00,100%
399.13,3.65,68.30,250.00,100%
399.16,3.65,63.50,232.00,100%
399.19,3.65,68.20,250.00,100%
399.22,3.66,74.70,272.00,100%
399.25,3.63,143.60,522.00,100%
399.25,3.65,66.20,256.00,100%
399.28,3.65,68.20,268.00,100%
399.31,3.65,76.50,250.00,100%
399.34,3.65,69.40,236.00,100%
399.37,3.64,146.20,530.00,100%
399.37,3.66,74.50,272.00,100%
399.40,3.65,66.00,240.00,100%
399.43,3.65,64.50,236.00,100%
399.46,3.65,71.70,262.00,100%
399.49,3.64,150.50,518.00,100%
399.49,3.66,72.10,230.00,100%
399.52,3.65,80.30,268.00,100%
399.55,3.65,80.20,268.00,100%
399.58,3.65,70.40,256.00,100%
399.61,3.64,141.60,512.00,100%
399.61,3.65,72.30,266.00,100%
399.64,3.65,64.70,236.00,100%
399.67,3.65,65.90,240.00,100%
399.70,3.65,73.60,266.00,100%
399.73,3.63,144.90,620.00,100%
399.73,3.66,65.80,242.00,100%
399.76,3.65,68.70,266.00,100%
399.79,3.65,69.50,252.00,100%
399.82,3.65,64.00,232.00,100%
399.85,3.64,142.30,514.00,100%
399.85,3.66,72.50,266.00,100%
399.88,3.65,69.50,252.00,100%
399.91,3.65,66.20,252.00,100%
399.94,3.65,67.70,258.00,100%
399.97,3.64,154.60,508.00,100%
399.97,3.65,69.80,236.00,100%
400.00,3.65,67.90,250.00,100%
400.03,3.65,75.80,276.00,100%
400.06,3.65,66.60,242.00,100%
400.09,3.64,139.80,508.00,100%
400.09,3.65,77.40,282.00,100%
400.12,3.65,83.10,276.00,100%
400.15,3.66,66.10,256.00,100%
400.18,3.65,65.60,258.00,100%
400.21,3.63,145.20,522.00,100%
400.21,3.65,65.20,240.00,100%
400.24,3.66,65.20,240.00,100%
400.27,3.65,70.60,258.00,100%
400.30,3.65,73.90,268.00,100%
400.36,3.63,143.70,730.00,100%
400.36,3.65,64.80,258.00,100%
400.36,3.65,72.90,268.00,100%
400.39,3.65,74.60,246.00,100%
400.42,3.65,64.50,236.00,100%
400.45,3.64,141.80,512.00,100%
400.45,3.66,74.00,268.00,100%
400.48,3.65,65.70,240.00,100%
400.51,3.66,65.10,236.00,100%
400.54,3.65,74.10,272.00,100%
400.57,3.63,147.50,602.00,100%
400.57,3.65,66.80,240.00,100%
400.60,3.66,66.60,266.00,100%
400.63,3.65,72.20,262.00,100%
400.66,3.65,64.70,236.00,100%
400.69,3.63,119.90,432.00,100%
400.69,3.66,80.10,292.00,100%
400.72,3.65,73.00,266.00,100%
400.75,3.66,67.10,240.00,100%
400.78,3.65,64.30,256.00,100%
400.81,3.64,150.60,508.00,100%
400.81,3.65,73.80,240.00,100%
400.84,3.66,64.00,232.00,100%
400.87,3.65,71.20,258.00,100%
400.90,3.65,71.00,258.00,100%
400.96,3.63,140.50,508.00,100%
400.96,3.65,66.10,242.00,100%
400.96,3.65,73.00,262.00,100%
400.99,3.66,70.30,232.00,100%
401.02,3.65,65.90,242.00,100%
401.05,3.64,142.40,512.00,100%
401.05,3.65,69.30,252.00,100%
401.08,3.65,65.70,240.00,100%
401.11,3.66,65.50,240.00,100%
401.17,3.66,72.40,266.00,100%
401.17,3.63,146.50,730.00,100%
401.17,3.66,65.10,242.00,100%
401.20,3.65,68.00,266.00,100%
401.24,3.66,72.70,252.00,100%
401.26,3.65,51.60,186.00,100%
401.29,3.64,145.80,524.00,100%
401.29,3.65,76.50,278.00,100%
401.32,3.65,67.90,250.00,100%
401.35,3.65,64.60,236.00,100%
401.38,3.65,70.90,278.00,100%
401.41,3.63,150.50,594.00,100%
401.41,3.66,68.60,236.00,100%
401.44,3.66,65.90,256.00,100%
401.47,3.66,74.20,272.00,100%
401.50,3.65,66.50,242.00,100%
401.53,3.63,139.30,504.00,100%
401.53,3.66,71.10,258.00,100%
401.56,3.65,74.60,272.00,100%
401.59,3.66,68.00,240.00,100%
401.62,3.65,63.30,252.00,100%
401.68,3.63,151.60,498.00,100%
401.68,3.65,74.90,242.00,100%
401.68,3.65,63.10,230.00,100%
401.71,3.66,72.60,266.00,100%
401.74,3.65,71.70,262.00,100%
401.77,3.63,140.00,508.00,100%
401.77,3.66,65.40,240.00,100%
401.80,3.66,74.80,266.00,100%
401.83,3.65,77.80,232.00,100%
401.86,3.65,72.80,268.00,100%
401.89,3.63,149.60,538.00,100%
401.89,3.65,69.40,252.00,100%
401.92,3.65,65.50,240.00,100%
401.98,3.65,65.40,240.00,100%
401.98,3.66,72.80,266.00,100%
402.01,3.63,145.80,718.00,100%
402.01,3.66,65.00,242.00,100%
402.04,3.65,68.50,268.00,100%
402.07,3.65,74.20,252.00,100%
402.10,3.65,64.60,236.00,100%
402.13,3.64,141.60,512.00,100%
402.13,3.66,75.20,276.00,100%
402.16,3.65,67.50,246.00,100%
402.19,3.65,64.40,236.00,100%
402.22,3.66,72.10,278.00,100%
402.25,3.63,150.60,570.00,100%
402.25,3.66,67.90,236.00,100%
402.28,3.66,66.10,258.00,100%
402.31,3.65,73.60,268.00,100%
402.34,3.65,65.80,240.00,100%
402.37,3.64,139.90,508.00,100%
402.37,3.65,72.00,262.00,100%
402.40,3.65,77.00,282.00,100%
402.43,3.66,74.80,268.00,100%
402.46,3.65,63.70,286.00,100%
402.49,3.64,152.10,492.00,100%
402.49,3.65,73.90,242.00,100%
402.52,3.66,63.60,232.00,100%
402.55,3.66,74.00,268.00,100%
402.58,3.65,70.40,256.00,100%
402.61,3.64,140.30,508.00,100%
402.61,3.65,66.60,242.00,100%
402.64,3.65,73.70,262.00,100%
402.67,3.66,69.40,232.00,100%
402.70,3.65,65.40,246.00,100%
402.73,3.63,144.00,518.00,100%
402.73,3.65,68.10,250.00,100%
402.76,3.65,65.10,240.00,100%
402.79,3.65,67.60,246.00,100%
402.82,3.66,74.40,272.00,100%
402.85,3.63,144.40,694.00,100%
402.85,3.65,64.70,252.00,100%
402.88,3.66,70.80,276.00,100%
402.91,3.65,75.60,250.00,100%
402.94,3.65,64.30,236.00,100%
402.97,3.63,145.30,524.00,100%
402.97,3.65,55.40,204.00,100%
403.00,3.65,72.60,266.00,100%
403.03,3.65,64.80,236.00,100%
403.06,3.65,75.10,272.00,100%
403.09,3.63,146.80,550.00,100%
403.09,3.65,66.30,242.00,100%
403.12,3.65,67.60,268.00,100%
403.15,3.65,70.50,256.00,100%
403.18,3.65,64.00,232.00,100%
403.21,3.63,142.30,514.00,100%
403.21,3.66,72.60,266.00,100%
403.24,3.65,69.70,256.00,100%
403.27,3.65,66.40,252.00,100%
403.30,3.65,67.80,258.00,100%
403.33,3.63,152.20,482.00,100%
403.33,3.65,69.60,236.00,100%
403.36,3.66,68.80,252.00,100%
403.39,3.66,75.40,276.00,100%
403.42,3.65,66.30,242.00,100%
403.45,3.63,139.80,508.00,100%
403.45,3.65,72.20,262.00,100%
403.48,3.66,75.40,246.00,100%
403.51,3.65,65.60,232.00,100%
403.54,3.65,44.00,266.00,100%
403.57,3.63,121.00,436.00,100%
403.57,3.65,71.70,262.00,100%
403.60,3.66,66.00,240.00,100%
403.63,3.65,71.60,262.00,100%
403.66,3.66,73.60,268.00,100%
403.69,3.64,142.40,684.00,100%
403.69,3.65,65.30,262.00,100%
403.72,3.65,72.90,268.00,100%
403.75,3.65,74.10,242.00,100%
403.78,3.65,65.00,236.00,100%
403.81,3.64,147.20,530.00,100%
403.81,3.66,73.20,268.00,100%
403.84,3.65,65.10,236.00,100%
403.87,3.66,65.10,236.00,100%
403.90,3.65,75.00,268.00,100%
403.93,3.63,147.30,540.00,100%
403.93,3.66,66.30,240.00,100%
403.96,3.66,67.10,272.00,100%
403.99,3.65,71.20,258.00,100%
404.02,3.65,64.20,232.00,100%
404.05,3.63,141.20,512.00,100%
404.05,3.66,72.30,262.00,100%
404.08,3.65,71.30,258.00,100%
404.11,3.66,66.70,246.00,100%
404.14,3.65,72.80,256.00,100%
404.17,3.63,154.20,518.00,100%
404.17,3.65,71.30,252.00,100%
404.20,3.66,66.50,242.00,100%
404.23,3.66,72.90,266.00,100%
404.26,3.65,68.10,250.00,100%
404.29,3.63,140.00,508.00,100%
404.29,3.65,69.90,256.00,100%
404.32,3.65,76.20,252.00,100%
404.35,3.66,66.50,230.00,100%
404.38,3.65,65.70,256.00,100%
404.41,3.63,147.30,524.00,100%
404.41,3.66,65.70,240.00,100%
404.44,3.65,64.70,236.00,100%
404.47,3.66,70.40,256.00,100%
404.50,3.65,73.80,268.00,100%
404.53,3.64,142.20,672.00,100%
404.53,3.66,65.50,266.00,100%
404.56,3.65,66.20,268.00,100%
404.59,3.65,73.10,266.00,100%
404.62,3.65,63.70,232.00,100%
404.65,3.63,142.00,514.00,100%
404.65,3.65,71.40,258.00,100%
404.68,3.65,75.00,276.00,100%
404.71,3.65,72.10,262.00,100%
404.74,3.65,69.20,294.00,100%
404.77,3.63,147.60,522.00,100%
404.77,3.65,69.30,236.00,100%
404.80,3.65,69.60,252.00,100%
404.83,3.65,74.10,268.00,100%
404.86,3.65,68.10,250.00,100%
404.89,3.64,141.50,512.00,100%
404.89,3.66,71.60,262.00,100%
404.92,3.65,74.90,246.00,100%
404.95,3.66,66.60,236.00,100%
404.98,3.65,65.00,262.00,100%
405.01,3.63,148.90,538.00,100%
405.01,3.65,66.10,242.00,100%
405.04,3.66,63.90,232.00,100%
405.07,3.66,74.00,268.00,100%
405.10,3.65,71.20,258.00,100%
405.13,3.63,143.20,518.00,100%
405.13,3.66,67.70,268.00,100%
405.16,3.65,71.50,258.00,100%
405.19,3.65,71.40,240.00,100%
405.22,3.65,66.30,242.00,100%
405.25,3.63,146.40,530.00,100%
405.25,3.65,48.80,176.00,100%
405.28,3.65,71.90,262.00,100%
405.31,3.65,66.50,242.00,100%
405.34,3.65,73.30,268.00,100%
405.37,3.63,149.70,512.00,100%
405.37,3.65,63.80,240.00,100%
405.40,3.65,68.70,268.00,100%
405.43,3.65,75.10,256.00,100%
405.46,3.65,63.80,232.00,100%
405.49,3.64,140.80,512.00,100%
405.49,3.65,72.70,266.00,100%
405.52,3.65,69.00,252.00,100%
405.58,3.66,64.80,236.00,100%
405.58,3.65,70.40,268.00,100%
405.61,3.63,147.90,514.00,100%
405.61,3.66,69.20,240.00,100%
405.64,3.65,66.30,252.00,100%
405.67,3.66,72.60,266.00,100%
405.70,3.65,67.80,246.00,100%
405.73,3.64,141.60,512.00,100%
405.73,3.66,69.50,252.00,100%
405.76,3.65,74.80,272.00,100%
405.79,3.65,69.00,240.00,100%
405.82,3.66,46.40,250.00,100%
405.85,3.63,153.10,458.00,100%
405.85,3.65,75.20,276.00,100%
405.88,3.65,63.80,232.00,100%
405.91,3.66,70.20,256.00,100%
405.94,3.66,74.50,272.00,100%
405.97,3.64,145.50,528.00,100%
405.97,3.65,65.40,250.00,100%
406.00,3.65,69.50,272.00,100%
406.03,3.65,73.90,250.00,100%
406.06,3.65,69.50,236.00,100%
406.09,3.64,143.20,518.00,100%
406.09,3.66,71.50,262.00,100%
406.12,3.65,69.90,256.00,100%
406.15,3.65,63.60,232.00,100%
406.18,3.66,67.80,246.00,100%
406.21,3.63,152.00,530.00,100%
406.21,3.65,70.10,236.00,100%
406.24,3.65,65.40,246.00,100%
406.27,3.65,67.90,266.00,100%
406.30,3.65,70.30,256.00,100%
406.33,3.64,139.70,504.00,100%
406.33,3.65,66.70,242.00,100%
406.36,3.67,71.40,258.00,100%
406.42,3.66,70.90,258.00,100%
406.42,3.65,74.30,242.00,100%
406.45,3.63,147.30,560.00,100%
406.45,3.65,72.30,286.00,100%
406.48,3.65,73.90,242.00,100%
406.51,3.65,64.20,232.00,100%
406.54,3.65,71.10,258.00,100%
406.57,3.64,152.60,554.00,100%
406.57,3.66,67.10,246.00,100%
406.60,3.65,64.70,236.00,100%
406.63,3.65,71.20,272.00,100%
406.66,3.65,71.80,246.00,100%
406.69,3.63,145.20,508.00,100%
406.69,3.65,66.70,242.00,100%
406.72,3.65,70.70,258.00,100%
406.75,3.65,71.30,258.00,100%
406.78,3.65,65.10,236.00,100%
406.81,3.63,143.50,522.00,100%
406.81,3.66,72.10,262.00,100%
406.84,3.66,76.10,250.00,100%
406.87,3.66,66.10,230.00,100%
406.90,3.65,65.50,256.00,100%
406.93,3.63,146.30,548.00,100%
406.93,3.65,67.50,246.00,100%
406.96,3.65,64.70,236.00,100%
406.99,3.65,60.60,220.00,100%
407.02,3.65,79.70,292.00,100%
407.05,3.63,149.30,540.00,100%
407.05,3.65,66.50,242.00,100%
407.08,3.66,64.60,258.00,100%
407.11,3.65,74.10,266.00,100%
407.14,3.65,73.70,240.00,100%
407.17,3.64,139.60,504.00,100%
407.17,3.66,73.10,266.00,100%
407.20,3.65,72.10,262.00,100%
407.23,3.65,65.60,240.00,100%
407.26,3.65,65.40,262.00,100%
407.29,3.64,148.70,540.00,100%
407.29,3.66,72.70,240.00,100%
407.32,3.65,67.10,236.00,100%
407.35,3.66,71.90,262.00,100%
407.38,3.65,72.70,266.00,100%
407.41,3.64,144.50,524.00,100%
407.41,3.66,63.00,230.00,100%
407.44,3.66,70.90,258.00,100%
407.47,3.65,75.90,250.00,100%
407.50,3.65,68.10,236.00,100%
407.53,3.63,140.10,522.00,100%
407.53,3.66,53.40,266.00,100%
407.56,3.65,46.80,170.00,100%
407.59,3.65,70.50,256.00,100%
407.62,3.66,68.80,252.00,100%
407.65,3.64,148.90,538.00,100%
407.65,3.65,71.40,258.00,100%
407.68,3.66,66.70,240.00,100%
407.71,3.65,65.40,266.00,100%
407.74,3.65,73.30,268.00,100%
407.77,3.63,149.60,514.00,100%
407.77,3.65,64.70,236.00,100%
407.80,3.66,69.90,256.00,100%
407.83,3.66,74.90,272.00,100%
407.86,3.65,66.80,242.00,100%
407.89,3.63,141.30,512.00,100%
407.89,3.65,71.80,282.00,100%
407.92,3.65,75.20,246.00,100%
407.95,3.66,69.00,236.00,100%
407.98,3.65,65.80,252.00,100%
408.01,3.63,148.30,538.00,100%
408.01,3.66,68.10,250.00,100%
408.04,3.65,64.40,236.00,100%
408.07,3.65,67.10,246.00,100%
408.10,3.65,72.60,266.00,100%
408.13,3.64,147.70,512.00,100%
408.13,3.66,71.30,236.00,100%
408.16,3.65,74.70,292.00,100%
408.19,3.65,73.60,286.00,100%
408.22,3.65,64.00,232.00,100%
408.25,3.64,142.60,518.00,100%
408.25,3.66,72.70,266.00,100%
408.28,3.65,71.50,262.00,100%
408.31,3.66,65.30,240.00,100%
408.34,3.65,67.70,272.00,100%
408.37,3.63,146.40,524.00,100%
408.37,3.65,72.40,240.00,100%
408.40,3.65,67.10,240.00,100%
408.43,3.65,70.50,256.00,100%
408.46,3.65,71.60,262.00,100%
408.49,3.63,143.00,518.00,100%
408.49,3.66,65.70,240.00,100%
408.52,3.65,72.10,262.00,100%
408.55,3.65,73.10,242.00,100%
408.58,3.65,63.90,232.00,100%
408.61,3.64,141.70,530.00,100%
408.61,3.65,73.70,262.00,100%
408.64,3.65,63.90,232.00,100%
408.67,3.65,66.30,242.00,100%
408.70,3.65,71.10,258.00,100%
408.73,3.63,128.90,468.00,100%
408.73,3.65,72.70,266.00,100%
408.76,3.65,67.50,292.00,100%
408.79,3.65,70.90,256.00,100%
408.82,3.65,71.30,240.00,100%
408.85,3.63,141.50,514.00,100%
408.85,3.66,70.70,258.00,100%
408.88,3.65,70.50,256.00,100%
408.91,3.65,63.60,232.00,100%
408.94,3.66,67.40,246.00,100%
408.97,3.63,148.90,524.00,100%
408.97,3.66,69.70,240.00,100%
409.00,3.65,63.80,246.00,100%
409.03,3.66,69.80,276.00,100%
409.06,3.65,68.70,252.00,100%
409.09,3.64,141.20,512.00,100%
409.12,3.66,70.70,258.00,100%
409.12,3.65,74.20,272.00,100%
409.15,3.66,67.20,246.00,100%
409.18,3.65,65.50,256.00,100%
409.21,3.63,145.80,544.00,100%
409.21,3.65,74.90,246.00,100%
409.24,3.65,68.00,236.00,100%
409.27,3.66,69.80,256.00,100%
409.30,3.65,56.30,206.00,100%
409.33,3.63,153.80,558.00,100%
409.33,3.65,66.00,240.00,100%
409.36,3.66,69.30,252.00,100%
409.39,3.65,74.70,252.00,100%
409.42,3.65,67.80,236.00,100%
409.45,3.63,139.80,522.00,100%
409.45,3.65,70.50,266.00,100%
409.48,3.65,68.40,250.00,100%
409.51,3.65,63.20,230.00,100%
409.54,3.65,72.30,262.00,100%
409.57,3.63,145.00,524.00,100%
409.57,3.66,64.70,236.00,100%
409.60,3.65,67.30,246.00,100%
409.63,3.65,74.50,262.00,100%
409.66,3.66,69.40,230.00,100%
409.69,3.63,141.30,492.00,100%
409.69,3.65,68.40,262.00,100%
409.72,3.65,70.00,256.00,100%
409.75,3.65,64.70,236.00,100%
409.78,3.65,65.00,236.00,100%
409.81,3.64,146.80,530.00,100%
409.81,3.65,72.40,266.00,100%
409.84,3.66,66.60,240.00,100%
409.87,3.66,63.90,258.00,100%
409.90,3.65,81.60,266.00,100%
409.93,3.63,159.60,534.00,100%
409.93,3.65,71.10,258.00,100%
409.96,3.66,73.00,266.00,100%
409.99,3.66,72.00,262.00,100%
410.02,3.65,66.00,240.00,100%
410.05,3.63,140.30,594.00,100%
410.05,3.66,73.20,272.00,100%
410.08,3.66,72.70,240.00,100%
410.11,3.65,67.20,236.00,100%
410.14,3.65,71.50,262.00,100%
410.17,3.64,148.10,538.00,100%
410.17,3.65,67.60,246.00,100%
410.20,3.65,63.40,232.00,100%
410.23,3.66,71.00,258.00,100%
410.26,3.65,75.60,246.00,100%
410.29,3.63,142.40,462.00,100%
410.29,3.66,64.50,256.00,100%
410.32,3.65,72.20,276.00,100%
410.35,3.65,67.30,246.00,100%
410.38,3.65,63.10,230.00,100%
410.41,3.63,147.10,534.00,100%
410.41,3.65,73.20,266.00,100%
410.44,3.65,66.20,242.00,100%
410.47,3.66,49.20,262.00,100%
410.50,3.65,79.70,246.00,100%
410.53,3.63,149.60,518.00,100%
410.53,3.65,67.20,236.00,100%
410.56,3.65,72.50,266.00,100%
410.59,3.65,71.90,262.00,100%
410.62,3.65,66.20,242.00,100%
410.68,3.63,140.30,508.00,100%
410.68,3.65,73.10,266.00,100%
410.68,3.66,74.60,242.00,100%
410.71,3.66,65.00,232.00,100%
410.74,3.65,66.30,268.00,100%
410.77,3.63,153.20,528.00,100%
410.77,3.66,64.90,236.00,100%
410.80,3.65,63.90,232.00,100%
410.83,3.66,72.70,266.00,100%
410.86,3.66,73.60,268.00,100%
410.89,3.63,141.60,584.00,100%
410.89,3.65,66.40,266.00,100%
410.92,3.65,71.30,262.00,100%
410.95,3.65,74.60,242.00,100%
410.98,3.65,67.90,236.00,100%
411.01,3.63,145.70,528.00,100%
411.01,3.65,74.20,272.00,100%
411.04,3.65,43.50,158.00,100%
411.07,3.65,71.70,262.00,100%
411.10,3.65,72.10,262.00,100%
411.13,3.63,151.10,476.00,100%
411.13,3.66,66.20,230.00,100%
411.16,3.65,65.30,256.00,100%
411.19,3.65,72.10,272.00,100%
411.22,3.65,66.40,242.00,100%
411.25,3.63,140.80,512.00,100%
411.25,3.66,68.50,250.00,100%
411.28,3.66,75.30,276.00,100%
411.31,3.65,68.80,236.00,100%
411.34,3.65,65.10,252.00,100%
411.37,3.63,146.30,528.00,100%
411.37,3.65,76.00,252.00,100%
411.40,3.65,64.60,236.00,100%
411.43,3.66,67.50,246.00,100%
411.46,3.66,75.10,276.00,100%
411.49,3.63,143.10,518.00,100%
411.49,3.65,64.70,236.00,100%
411.52,3.65,70.30,272.00,100%
411.55,3.65,72.90,250.00,100%
411.61,3.66,69.00,236.00,100%
411.61,3.64,143.90,514.00,100%
411.61,3.65,71.90,262.00,100%
411.64,3.65,73.80,268.00,100%
411.67,3.65,68.60,250.00,100%
411.70,3.66,69.90,256.00,100%
411.73,3.63,150.50,584.00,100%
411.73,3.66,69.10,240.00,100%
411.79,3.65,63.70,252.00,100%
411.79,3.65,72.50,276.00,100%
411.82,3.65,76.20,246.00,100%
411.85,3.63,138.60,502.00,100%
411.85,3.66,71.30,258.00,100%
411.88,3.66,73.20,266.00,100%
411.91,3.65,66.20,242.00,100%
411.94,3.65,65.30,240.00,100%
411.97,3.63,149.50,502.00,100%
411.97,3.66,72.30,232.00,100%
412.00,3.65,66.90,236.00,100%
412.03,3.65,66.60,266.00,100%
412.06,3.65,72.50,266.00,100%
412.09,3.63,141.90,514.00,100%
412.09,3.66,63.30,230.00,100%
412.12,3.66,71.30,258.00,100%
412.15,3.65,75.00,246.00,100%
412.18,3.66,67.60,236.00,100%
412.21,3.63,150.10,508.00,100%
412.21,3.66,78.80,302.00,100%
412.24,3.65,74.60,272.00,100%
412.27,3.65,63.00,230.00,100%
412.30,3.65,70.80,258.00,100%
412.33,3.64,149.80,540.00,100%
412.33,3.65,67.50,246.00,100%
412.36,3.65,66.30,258.00,100%
412.39,3.65,70.20,268.00,100%
412.42,3.65,76.20,250.00,100%
412.45,3.63,147.50,504.00,100%
412.48,3.66,69.60,252.00,100%
412.48,3.65,74.30,272.00,100%
412.51,3.65,68.10,250.00,100%
412.54,3.65,64.60,236.00,100%
412.57,3.63,145.30,594.00,100%
412.57,3.66,77.70,252.00,100%
412.60,3.65,66.90,230.00,100%
412.63,3.66,65.70,256.00,100%
412.66,3.65,71.60,276.00,100%
412.69,3.63,142.60,518.00,100%
412.69,3.65,64.70,236.00,100%
412.72,3.65,68.20,250.00,100%
412.75,3.65,73.00,266.00,100%
412.78,3.65,50.40,184.00,100%
412.81,3.63,148.70,430.00,100%
412.81,3.65,68.20,288.00,100%
412.84,3.65,73.60,252.00,100%
412.87,3.65,65.10,240.00,100%
412.93,3.65,67.50,246.00,100%
412.93,3.64,148.70,538.00,100%
412.93,3.66,67.40,246.00,100%
412.96,3.66,64.50,236.00,100%
412.99,3.65,70.70,268.00,100%
413.02,3.65,76.00,250.00,100%
413.08,3.63,146.40,488.00,100%
413.08,3.65,65.50,256.00,100%
413.08,3.65,75.20,276.00,100%
413.11,3.65,66.60,242.00,100%
413.14,3.65,64.60,236.00,100%
413.17,3.64,145.60,528.00,100%
413.17,3.65,75.20,276.00,100%
413.20,3.65,68.80,240.00,100%
413.23,3.65,63.50,252.00,100%
413.26,3.65,72.30,276.00,100%
413.29,3.63,153.90,514.00,100%
413.32,3.65,63.30,232.00,100%
413.32,3.65,70.70,258.00,100%
413.35,3.65,52.00,190.00,100%
413.38,3.65,74.30,272.00,100%
413.41,3.63,139.90,566.00,100%
413.41,3.65,72.30,278.00,100%
413.44,3.65,73.90,242.00,100%
413.47,3.65,68.20,236.00,100%
413.50,3.66,66.10,256.00,100%
413.53,3.63,147.30,534.00,100%
413.53,3.65,69.10,252.00,100%
413.59,3.65,63.70,232.00,100%
413.59,3.66,67.60,246.00,100%
413.62,3.65,74.40,256.00,100%
413.65,3.63,147.10,484.00,100%
413.65,3.65,65.50,242.00,100%
413.68,3.65,66.90,262.00,100%
413.71,3.65,72.40,266.00,100%
413.74,3.65,64.80,236.00,100%
413.80,3.63,140.30,508.00,100%
413.80,3.65,70.80,258.00,100%
413.80,3.65,75.00,272.00,100%
413.83,3.66,69.60,240.00,100%
413.86,3.65,63.80,246.00,100%
413.89,3.64,146.70,518.00,100%
413.89,3.66,74.00,256.00,100%
413.92,3.65,57.10,210.00,100%
413.95,3.65,73.50,268.00,100%
413.98,3.66,74.90,272.00,100%
414.01,3.63,147.20,530.00,100%
414.01,3.65,65.60,240.00,100%
414.04,3.65,66.90,272.00,100%
414.07,3.65,71.10,262.00,100%
414.10,3.65,73.70,242.00,100%
414.13,3.63,145.10,508.00,100%
414.13,3.65,70.40,256.00,100%
414.19,3.65,74.90,272.00,100%
414.19,3.65,65.80,240.00,100%
414.22,3.65,64.40,236.00,100%
414.25,3.63,147.30,512.00,100%
414.25,3.65,75.40,246.00,100%
414.28,3.66,67.70,236.00,100%
414.31,3.65,65.50,256.00,100%
414.34,3.65,75.00,272.00,100%
414.37,3.63,142.10,514.00,100%
414.37,3.65,64.80,236.00,100%
414.40,3.66,69.20,252.00,100%
414.43,3.65,73.00,266.00,100%
414.46,3.66,69.80,240.00,100%
414.49,3.64,141.20,494.00,100%
414.49,3.65,77.00,268.00,100%
414.52,3.66,84.20,282.00,100%
414.55,3.65,69.80,256.00,100%
414.58,3.65,67.70,246.00,100%
414.61,3.64,148.10,538.00,100%
414.61,3.65,69.60,256.00,100%
414.64,3.65,65.20,240.00,100%
414.67,3.66,68.30,268.00,100%
414.70,3.65,72.10,252.00,100%
414.73,3.63,148.90,504.00,100%
414.73,3.65,66.50,242.00,100%
414.76,3.66,70.40,256.00,100%
414.79,3.65,72.30,266.00,100%
414.82,3.65,64.40,236.00,100%
414.85,3.64,140.50,508.00,100%
414.85,3.65,74.70,268.00,100%
414.88,3.65,73.50,240.00,100%
414.91,3.66,66.70,236.00,100%
414.94,3.65,65.80,262.00,100%
414.97,3.63,149.10,540.00,100%
414.97,3.65,65.70,240.00,100%
415.03,3.65,64.70,236.00,100%
415.03,3.66,71.00,258.00,100%
415.06,3.65,75.20,276.00,100%
415.09,3.64,138.20,482.00,100%
415.09,3.65,70.40,272.00,100%
415.12,3.65,71.00,304.00,100%
415.15,3.65,77.50,250.00,100%
415.18,3.65,63.20,230.00,100%
415.21,3.63,144.60,524.00,100%
415.24,3.66,72.90,266.00,100%
415.24,3.65,69.10,252.00,100%
415.27,3.65,65.00,236.00,100%
415.30,3.65,69.20,268.00,100%
415.33,3.63,150.80,502.00,100%
415.33,3.65,69.80,236.00,100%
415.36,3.65,67.80,246.00,100%
415.39,3.66,71.20,258.00,100%
415.42,3.65,70.30,256.00,100%
415.45,3.64,139.60,504.00,100%
415.45,3.65,66.80,242.00,100%
415.48,3.65,74.10,262.00,100%
415.54,3.65,70.00,232.00,100%
415.54,3.65,65.90,242.00,100%
415.57,3.63,146.30,530.00,100%
415.57,3.65,69.60,252.00,100%
415.60,3.65,64.00,232.00,100%
415.63,3.66,66.00,240.00,100%
415.66,3.65,52.80,194.00,100%
415.69,3.63,154.00,558.00,100%
415.69,3.65,66.40,272.00,100%
415.72,3.65,65.30,258.00,100%
415.75,3.65,73.30,258.00,100%
415.78,3.65,72.10,236.00,100%
415.81,3.64,140.30,508.00,100%
415.81,3.65,72.80,266.00,100%
415.84,3.65,69.40,252.00,100%
415.87,3.65,64.80,236.00,100%
415.90,3.65,67.50,266.00,100%
415.93,3.63,150.60,508.00,100%
415.93,3.65,70.20,236.00,100%
415.96,3.65,65.70,246.00,100%
415.99,3.65,72.30,262.00,100%
416.02,3.65,68.50,250.00,100%
416.05,3.63,140.10,508.00,100%
416.05,3.65,67.50,246.00,100%
416.08,3.65,73.00,266.00,100%
416.14,3.65,70.90,240.00,100%
416.14,3.65,63.60,242.00,100%
416.17,3.63,147.70,534.00,100%
416.17,3.65,77.40,252.00,100%
416.20,3.65,62.90,230.00,100%
416.23,3.65,46.70,170.00,100%
416.26,3.65,82.00,298.00,100%
416.29,3.63,142.90,518.00,100%
416.29,3.65,65.00,236.00,100%
416.32,3.66,71.80,276.00,100%
416.35,3.65,74.00,242.00,100%
416.38,3.65,67.50,236.00,100%
416.41,3.64,146.70,530.00,100%
416.41,3.66,72.90,266.00,100%
416.47,3.65,67.00,246.00,100%
416.47,3.66,64.10,232.00,100%
416.50,3.65,72.50,266.00,100%
416.53,3.63,152.80,488.00,100%
416.53,3.65,65.20,232.00,100%
416.56,3.65,65.90,268.00,100%
416.59,3.65,74.90,266.00,100%
416.62,3.65,64.80,236.00,100%
416.65,3.63,140.10,508.00,100%
416.65,3.66,73.40,268.00,100%
416.68,3.65,72.10,262.00,100%
416.71,3.65,65.90,240.00,100%
416.74,3.65,67.30,272.00,100%
416.77,3.63,150.50,504.00,100%
416.80,3.66,70.70,240.00,100%
416.80,3.65,73.80,186.00,100%
416.83,3.66,78.80,288.00,100%
416.86,3.65,74.50,272.00,100%
416.89,3.63,139.40,504.00,100%
416.89,3.66,66.30,242.00,100%
416.92,3.65,73.70,258.00,100%
416.95,3.66,70.70,236.00,100%
416.98,3.65,64.80,242.00,100%
417.01,3.63,146.10,538.00,100%
417.01,3.65,69.70,256.00,100%
417.07,3.65,63.80,232.00,100%
417.10,3.65,68.00,250.00,100%
417.10,3.66,73.00,266.00,100%
417.13,3.64,146.10,528.00,100%
417.13,3.65,66.50,252.00,100%
417.16,3.65,68.10,262.00,100%
417.19,3.65,76.10,252.00,100%
417.22,3.65,69.60,236.00,100%
417.25,3.64,143.60,522.00,100%
417.25,3.65,74.90,272.00,100%
417.28,3.65,66.30,242.00,100%
417.31,3.66,64.20,232.00,100%
417.34,3.65,71.60,262.00,100%
417.37,3.64,152.70,494.00,100%
417.37,3.65,72.70,232.00,100%
417.40,3.65,72.60,292.00,100%
417.43,3.65,80.10,292.00,100%
417.46,3.65,64.50,236.00,100%
417.49,3.63,141.20,512.00,100%
417.49,3.66,73.00,266.00,100%
417.52,3.65,71.70,262.00,100%
417.55,3.66,66.80,242.00,100%
417.58,3.66,65.90,258.00,100%
417.61,3.63,151.90,528.00,100%
417.61,3.65,71.50,236.00,100%
417.64,3.65,66.50,242.00,100%
417.67,3.66,72.50,266.00,100%
417.70,3.65,68.60,250.00,100%
417.73,3.64,140.00,508.00,100%
417.73,3.65,70.10,256.00,100%
417.76,3.65,76.60,250.00,100%
417.79,3.66,65.70,230.00,100%
417.82,3.65,65.30,262.00,100%
417.88,3.63,148.70,540.00,100%
417.91,3.65,64.80,236.00,100%
417.91,3.65,65.40,240.00,100%
417.91,3.66,71.50,262.00,100%
417.94,3.66,72.70,266.00,100%
417.97,3.64,130.30,476.00,100%
417.97,3.65,73.50,286.00,100%
418.00,3.66,72.10,288.00,100%
418.03,3.65,72.10,240.00,100%
418.06,3.65,66.40,242.00,100%
418.09,3.64,146.30,530.00,100%
418.09,3.65,70.20,256.00,100%
418.12,3.65,64.50,236.00,100%
418.15,3.65,67.70,246.00,100%
418.18,3.65,74.30,256.00,100%
418.21,3.63,146.50,482.00,100%
418.21,3.66,65.50,252.00,100%
418.24,3.65,71.30,268.00,100%
418.27,3.65,66.60,242.00,100%
418.30,3.65,64.70,236.00,100%
418.33,3.64,145.00,524.00,100%
418.33,3.66,74.60,272.00,100%
418.36,3.65,67.20,246.00,100%
418.39,3.65,65.50,262.00,100%
418.42,3.65,71.50,268.00,100%
418.45,3.63,151.50,514.00,100%
418.45,3.65,64.70,236.00,100%
418.48,3.65,71.10,258.00,100%
418.51,3.65,73.60,268.00,100%
418.54,3.65,43.20,158.00,100%
418.57,3.64,150.00,544.00,100%
418.57,3.65,74.80,294.00,100%
418.60,3.66,71.90,236.00,100%
418.66,3.65,66.20,240.00,100%
418.66,3.65,67.10,268.00,100%
418.72,3.63,146.70,530.00,100%
418.72,3.65,64.60,236.00,100%
418.72,3.65,65.30,240.00,100%
418.75,3.66,73.70,268.00,100%
418.78,3.65,72.50,266.00,100%
418.81,3.64,144.70,494.00,100%
418.81,3.65,64.30,262.00,100%
418.84,3.65,74.00,262.00,100%
418.87,3.65,72.90,240.00,100%
418.90,3.65,64.30,236.00,100%
418.93,3.64,148.70,538.00,100%
418.93,3.65,70.60,258.00,100%
418.96,3.65,65.30,240.00,100%
418.99,3.65,66.80,272.00,100%
419.02,3.65,72.00,262.00,100%
419.05,3.63,150.20,502.00,100%
419.05,3.65,65.90,240.00,100%
419.08,3.65,71.00,258.00,100%
419.11,3.65,47.50,174.00,100%
419.14,3.65,72.60,266.00,100%
419.17,3.64,143.90,522.00,100%
419.17,3.65,71.80,262.00,100%
419.20,3.66,73.40,242.00,100%
419.23,3.65,64.10,232.00,100%
419.26,3.66,67.10,266.00,100%
419.29,3.63,151.10,534.00,100%
419.29,3.65,63.70,232.00,100%
419.32,3.65,66.00,240.00,100%
419.41,3.66,71.00,258.00,100%
419.41,3.66,70.70,258.00,100%
419.41,3.63,141.20,504.00,100%
419.41,3.65,67.30,266.00,100%
419.44,3.65,71.60,256.00,100%
419.47,3.65,70.80,236.00,100%
419.50,3.65,67.00,246.00,100%
419.53,3.63,145.60,528.00,100%
419.53,3.65,64.10,232.00,100%
419.56,3.66,66.50,242.00,100%
419.59,3.66,72.60,266.00,100%
419.62,3.65,70.70,258.00,100%
419.65,3.63,136.80,638.00,100%
419.65,3.66,64.80,256.00,100%
419.68,3.66,72.10,258.00,100%
419.71,3.66,79.40,196.00,100%
419.74,3.66,71.70,262.00,100%
419.77,3.63,197.20,712.00,100%
419.77,3.66,69.90,256.00,100%
419.80,3.65,64.60,236.00,100%
419.83,3.65,66.40,258.00,100%
419.86,3.65,71.70,262.00,100%
419.89,3.63,146.00,668.00,100%
419.89,3.65,65.90,240.00,100%
419.92,3.65,71.20,258.00,100%
419.98,3.65,70.20,256.00,100%
419.98,3.65,65.10,236.00,100%
420.01,3.63,144.90,522.00,100%
420.01,3.65,72.60,266.00,100%
420.04,3.65,73.20,240.00,100%
420.07,3.65,64.00,232.00,100%
420.10,3.65,66.50,268.00,100%
420.13,3.63,221.20,800.00,100%
420.13,3.65,63.80,232.00,100%
420.16,3.65,64.70,236.00,100%
420.19,3.66,72.10,262.00,100%
420.22,3.65,70.80,258.00,100%
420.25,3.63,135.20,586.00,100%
420.25,3.67,66.80,266.00,100%
420.28,3.65,78.60,252.00,100%
420.31,3.65,78.40,266.00,100%
420.34,3.65,73.60,268.00,100%
420.37,3.63,210.60,760.00,100%
420.37,3.65,70.10,256.00,100%
420.40,3.65,62.80,230.00,100%
420.43,3.65,66.60,242.00,100%
420.46,3.65,73.70,252.00,100%
420.49,3.63,135.10,584.00,100%
420.49,3.66,64.30,250.00,100%
420.52,3.66,69.30,266.00,100%
420.55,3.65,67.40,246.00,100%
420.58,3.65,62.20,226.00,100%
420.61,3.63,173.80,626.00,100%
420.61,3.66,74.00,268.00,100%
420.64,3.65,66.30,242.00,100%
420.67,3.65,65.90,262.00,100%
420.70,3.65,70.60,258.00,100%
420.73,3.63,148.40,698.00,100%
420.73,3.65,66.70,236.00,100%
420.76,3.66,71.40,258.00,100%
420.79,3.66,71.20,258.00,100%
420.82,3.65,63.60,232.00,100%
420.85,3.63,133.40,606.00,100%
420.85,3.65,57.50,210.00,100%
420.88,3.65,78.60,226.00,100%
420.91,3.65,63.30,266.00,100%
420.94,3.65,68.30,266.00,100%
420.97,3.63,213.40,770.00,100%
420.97,3.65,62.40,226.00,100%
421.00,3.66,69.20,252.00,100%
421.03,3.65,74.10,268.00,100%
421.06,3.65,66.60,242.00,100%
421.09,3.63,135.80,602.00,100%
421.09,3.65,70.90,266.00,100%
421.12,3.66,74.00,242.00,100%
421.15,3.65,66.70,236.00,100%
421.18,3.65,71.60,262.00,100%
421.21,3.63,204.70,738.00,100%
421.21,3.65,64.80,236.00,100%
421.24,3.66,64.60,236.00,100%
421.27,3.65,71.50,262.00,100%
421.33,3.66,71.50,240.00,100%
421.33,3.63,136.80,232.00,100%
421.33,3.66,67.70,266.00,100%
421.36,3.65,74.10,252.00,100%
421.39,3.65,62.30,226.00,100%
421.42,3.65,69.00,252.00,100%
421.45,3.63,141.90,512.00,100%
421.45,3.66,73.90,268.00,100%
421.48,3.65,64.30,236.00,100%
421.51,3.65,72.50,268.00,100%
421.54,3.66,71.40,236.00,100%
421.57,3.63,141.00,728.00,100%
421.57,3.65,71.60,262.00,100%
421.60,3.66,68.80,252.00,100%
421.63,3.65,64.70,236.00,100%
421.66,3.66,66.10,242.00,100%
421.69,3.64,137.50,406.00,100%
421.69,3.66,69.40,236.00,100%
421.72,3.65,63.70,250.00,100%
421.75,3.65,71.00,272.00,100%
421.78,3.65,74.80,242.00,100%
421.81,3.63,200.70,728.00,100%
421.84,3.65,71.20,258.00,100%
421.87,3.66,71.60,262.00,100%
421.87,3.65,64.60,236.00,100%
421.90,3.66,65.90,240.00,100%
421.93,3.63,144.20,656.00,100%
421.93,3.65,67.70,226.00,100%
421.99,3.65,65.00,250.00,100%
421.99,3.66,69.30,276.00,100%
422.02,3.65,57.30,210.00,100%
422.05,3.63,196.10,708.00,100%
422.05,3.65,73.90,268.00,100%
422.08,3.65,72.00,262.00,100%
422.11,3.65,64.90,236.00,100%
422.14,3.65,66.40,262.00,100%
422.17,3.63,147.30,658.00,100%
422.17,3.65,69.00,232.00,100%
422.20,3.65,68.60,250.00,100%
422.23,3.65,73.10,266.00,100%
422.26,3.65,66.80,242.00,100%
422.29,3.63,145.70,524.00,100%
422.29,3.66,72.40,266.00,100%
422.32,3.65,73.20,240.00,100%
422.35,3.65,64.20,232.00,100%
422.38,3.66,66.30,262.00,100%
422.41,3.64,147.90,780.00,100%
422.41,3.65,63.50,232.00,100%
422.44,3.66,66.10,242.00,100%
422.47,3.66,72.60,266.00,100%
422.50,3.65,67.50,246.00,100%
422.53,3.63,131.80,436.00,100%
422.53,3.66,71.50,276.00,100%
422.56,3.66,72.60,236.00,100%
422.59,3.65,74.80,236.00,100%
422.62,3.65,74.10,292.00,100%
422.65,3.63,217.00,786.00,100%
422.65,3.65,64.80,236.00,100%
422.68,3.65,64.10,232.00,100%
422.71,3.66,71.40,258.00,100%
422.74,3.65,70.60,258.00,100%
422.77,3.63,133.50,508.00,100%
422.77,3.66,66.00,258.00,100%
422.80,3.65,74.20,250.00,100%
422.83,3.66,64.00,232.00,100%
422.86,3.65,67.40,246.00,100%
422.89,3.63,189.00,682.00,100%
422.89,3.65,64.70,236.00,100%
422.92,3.65,63.80,232.00,100%
422.95,3.65,73.70,266.00,100%
422.98,3.65,72.00,236.00,100%
423.01,3.63,140.10,682.00,100%
423.01,3.65,66.60,262.00,100%
423.04,3.65,69.80,256.00,100%
423.10,3.65,62.90,230.00,100%
423.10,3.65,66.80,242.00,100%
423.13,3.63,147.90,806.00,100%
423.13,3.65,68.10,250.00,100%
423.16,3.65,44.40,252.00,100%
423.19,3.65,76.40,194.00,100%
423.22,3.65,75.40,276.00,100%
423.25,3.63,215.30,784.00,100%
423.25,3.65,69.70,256.00,100%
423.28,3.65,72.40,266.00,100%
423.31,3.65,64.80,236.00,100%
423.34,3.66,64.40,236.00,100%
423.37,3.63,142.90,774.00,100%
423.37,3.65,72.40,240.00,100%
423.43,3.65,63.00,232.00,100%
423.43,3.65,67.10,262.00,100%
423.46,3.65,73.80,252.00,100%
423.49,3.63,196.40,712.00,100%
423.49,3.65,69.10,252.00,100%
423.52,3.66,72.90,266.00,100%
423.55,3.66,66.20,242.00,100%
423.58,3.65,64.80,258.00,100%
423.61,3.63,143.00,554.00,100%
423.61,3.65,71.80,236.00,100%
423.64,3.65,65.50,236.00,100%
423.67,3.66,71.40,258.00,100%
423.70,3.65,68.40,250.00,100%
423.73,3.64,169.80,612.00,100%
423.73,3.65,60.00,220.00,100%
423.76,3.65,83.10,304.00,100%
423.79,3.66,72.30,266.00,100%
423.82,3.65,63.40,262.00,100%
423.85,3.64,148.10,728.00,100%
423.85,3.65,73.90,240.00,100%
423.88,3.65,63.90,232.00,100%
423.91,3.65,70.50,256.00,100%
423.94,3.65,69.60,252.00,100%
423.97,3.63,135.90,354.00,100%
423.97,3.66,67.90,250.00,100%
424.00,3.65,75.50,252.00,100%
424.03,3.65,65.90,226.00,100%
424.06,3.65,64.60,256.00,100%
424.09,3.63,223.20,810.00,100%
424.09,3.65,64.50,236.00,100%
424.12,3.66,64.50,236.00,100%
424.15,3.65,71.40,258.00,100%
424.18,3.66,71.50,262.00,100%
424.21,3.63,135.40,448.00,100%
424.21,3.65,66.90,262.00,100%
424.24,3.65,71.10,252.00,100%
424.27,3.65,69.50,236.00,100%
424.30,3.66,67.30,246.00,100%
424.33,3.63,208.70,756.00,100%
424.33,3.65,76.10,278.00,100%
424.36,3.65,70.30,256.00,100%
424.39,3.66,70.60,258.00,100%
424.42,3.65,74.30,242.00,100%
424.45,3.63,136.10,558.00,100%
424.45,3.65,65.20,266.00,100%
424.48,3.65,72.60,258.00,100%
424.52,3.65,64.20,232.00,100%
424.54,3.66,65.10,236.00,100%
424.57,3.63,176.10,636.00,100%
424.57,3.65,67.10,246.00,100%
424.60,3.65,63.70,232.00,100%
424.63,3.66,72.10,276.00,100%
424.66,3.65,72.30,232.00,100%
424.69,3.63,141.60,694.00,100%
424.69,3.65,66.10,266.00,100%
424.72,3.65,70.40,256.00,100%
424.78,3.65,64.00,232.00,100%
424.78,3.65,65.00,236.00,100%
424.81,3.63,141.90,512.00,100%
424.81,3.65,69.00,252.00,100%
424.84,3.65,65.40,250.00,100%
424.87,3.65,68.00,268.00,100%
424.90,3.65,50.60,242.00,100%
424.93,3.63,185.80,676.00,100%
424.93,3.65,77.60,282.00,100%
424.96,3.66,73.10,266.00,100%
424.99,3.65,63.40,232.00,100%
425.02,3.66,64.70,236.00,100%
425.05,3.63,142.70,514.00,100%
425.08,3.65,69.90,232.00,100%
425.08,3.65,64.00,242.00,100%
425.11,3.65,68.80,266.00,100%
425.14,3.65,67.60,246.00,100%
425.17,3.63,196.80,712.00,100%
425.17,3.66,70.50,256.00,100%
425.20,3.66,72.90,266.00,100%
425.23,3.65,65.50,240.00,100%
425.26,3.65,65.60,266.00,100%
425.29,3.63,144.50,626.00,100%
425.29,3.65,71.70,240.00,100%
425.32,3.65,65.50,240.00,100%
425.35,3.65,70.80,258.00,100%
425.38,3.65,67.60,246.00,100%
425.41,3.63,162.00,584.00,100%
425.41,3.66,69.20,252.00,100%
425.44,3.65,74.10,268.00,100%
425.47,3.66,66.60,236.00,100%
425.50,3.65,70.70,252.00,100%
425.53,3.63,155.60,766.00,100%
425.53,3.65,72.50,252.00,100%
425.56,3.65,64.00,232.00,100%
425.59,3.66,71.70,262.00,100%
425.62,3.65,68.10,250.00,100%
425.65,3.63,130.30,800.00,100%
425.65,3.66,69.10,252.00,100%
425.68,3.65,75.50,250.00,100%
425.71,3.66,65.60,230.00,100%
425.74,3.66,64.50,258.00,100%
425.77,3.63,217.80,790.00,100%
425.77,3.65,63.50,232.00,100%
425.80,3.65,65.30,240.00,100%
425.86,3.66,70.00,256.00,100%
425.86,3.65,69.80,256.00,100%
425.89,3.63,135.80,712.00,100%
425.89,3.65,67.40,262.00,100%
425.92,3.65,72.90,250.00,100%
425.95,3.65,68.50,232.00,100%
425.98,3.65,68.30,250.00,100%
426.01,3.63,204.50,738.00,100%
426.01,3.65,66.70,242.00,100%
426.04,3.66,63.20,230.00,100%
426.07,3.65,78.50,286.00,100%
426.10,3.65,81.90,272.00,100%
426.13,3.63,136.40,636.00,100%
426.13,3.65,65.90,262.00,100%
426.16,3.65,72.90,258.00,100%
426.19,3.65,63.10,230.00,100%
426.22,3.65,65.80,240.00,100%
426.25,3.63,167.50,602.00,100%
426.25,3.66,67.20,246.00,100%
426.28,3.65,64.10,232.00,100%
426.31,3.65,72.40,276.00,100%
426.34,3.65,71.60,232.00,100%
426.37,3.63,141.40,712.00,100%
426.37,3.66,66.50,266.00,100%
426.40,3.65,69.50,252.00,100%
426.43,3.65,64.30,236.00,100%
426.47,3.65,65.50,240.00,100%
426.49,3.64,137.50,478.00,100%
426.49,3.65,68.20,232.00,100%
426.52,3.66,64.70,252.00,100%
426.55,3.65,69.50,268.00,100%
426.61,3.66,74.20,242.00,100%
426.61,3.63,195.60,708.00,100%
426.64,3.65,70.60,258.00,100%
426.64,3.65,50.00,184.00,100%
426.70,3.65,71.10,258.00,100%
426.70,3.65,65.50,240.00,100%
426.73,3.63,144.60,712.00,100%
426.73,3.66,68.60,230.00,100%
426.76,3.65,64.00,246.00,100%
426.79,3.65,69.90,276.00,100%
426.82,3.65,66.70,242.00,100%
426.85,3.63,195.90,708.00,100%
426.85,3.65,71.50,262.00,100%
426.88,3.66,72.10,262.00,100%
426.91,3.65,64.80,236.00,100%
426.94,3.65,67.00,262.00,100%
426.97,3.63,143.30,632.00,100%
426.97,3.65,70.30,236.00,100%
427.00,3.66,65.60,246.00,100%
427.03,3.65,72.80,266.00,100%
427.06,3.65,66.20,242.00,100%
427.09,3.63,160.30,580.00,100%
427.09,3.66,71.20,258.00,100%
427.12,3.65,73.00,266.00,100%
427.15,3.65,66.20,240.00,100%
427.18,3.65,63.60,258.00,100%
427.21,3.64,147.50,744.00,100%
427.21,3.65,79.70,232.00,100%
427.24,3.65,72.30,262.00,100%
427.27,3.66,77.00,282.00,100%
427.30,3.65,67.70,246.00,100%
427.33,3.63,129.10,466.00,100%
427.33,3.65,69.50,252.00,100%
427.36,3.65,75.20,246.00,100%
427.39,3.66,65.40,230.00,100%
427.42,3.65,64.60,258.00,100%
427.45,3.63,220.00,796.00,100%
427.45,3.65,64.00,232.00,100%
427.48,3.65,64.80,236.00,100%
427.51,3.66,71.80,262.00,100%
427.54,3.65,71.40,258.00,100%
427.57,3.64,136.40,570.00,100%
427.57,3.65,65.90,262.00,100%
427.60,3.65,71.70,256.00,100%
427.63,3.65,70.60,236.00,100%
427.66,3.66,65.90,240.00,100%
427.69,3.63,208.00,750.00,100%
427.69,3.65,69.20,252.00,100%
427.72,3.65,63.30,230.00,100%
427.75,3.65,67.20,246.00,100%
427.78,3.66,74.20,252.00,100%
427.81,3.63,147.50,584.00,100%
427.81,3.65,72.80,278.00,100%
427.87,3.65,70.10,298.00,100%
427.87,3.65,67.10,246.00,100%
427.90,3.65,63.00,230.00,100%
427.93,3.63,164.60,594.00,100%
427.93,3.66,73.70,268.00,100%
427.96,3.65,67.40,246.00,100%
427.99,3.66,65.70,252.00,100%
428.02,3.65,67.40,256.00,100%
428.05,3.63,148.90,718.00,100%
428.05,3.65,69.10,232.00,100%
428.11,3.65,66.60,242.00,100%
428.11,3.66,72.40,266.00,100%
428.17,3.65,67.30,246.00,100%
428.17,3.63,131.10,472.00,100%
428.17,3.66,68.40,250.00,100%
428.20,3.65,76.70,252.00,100%
428.23,3.66,66.90,230.00,100%
428.26,3.65,64.80,250.00,100%
428.29,3.63,220.30,796.00,100%
428.29,3.65,66.20,242.00,100%
428.32,3.65,64.50,236.00,100%
428.35,3.65,67.40,246.00,100%
428.38,3.65,55.60,204.00,100%
428.41,3.63,147.00,512.00,100%
428.41,3.65,64.50,278.00,100%
428.44,3.65,68.60,268.00,100%
428.47,3.65,75.00,250.00,100%
428.50,3.65,64.20,232.00,100%
428.53,3.63,203.30,734.00,100%
428.53,3.66,75.20,276.00,100%
428.56,3.65,65.70,240.00,100%
428.59,3.65,64.00,232.00,100%
428.62,3.65,72.40,276.00,100%
428.65,3.63,145.40,596.00,100%
428.65,3.66,66.60,236.00,100%
428.68,3.65,65.40,262.00,100%
428.71,3.65,72.70,266.00,100%
428.74,3.65,64.50,236.00,100%
428.77,3.63,162.90,586.00,100%
428.77,3.66,72.40,266.00,100%
428.80,3.65,72.10,262.00,100%
428.83,3.66,66.40,240.00,100%
428.86,3.65,64.40,258.00,100%
428.89,3.63,148.00,672.00,100%
428.89,3.65,72.40,236.00,100%
428.92,3.66,64.20,232.00,100%
428.98,3.65,52.40,190.00,100%
428.98,3.65,78.10,286.00,100%
429.01,3.63,133.20,478.00,100%
429.01,3.66,66.50,242.00,100%
429.04,3.65,73.80,258.00,100%
429.07,3.65,68.70,230.00,100%
429.10,3.65,65.10,242.00,100%
429.13,3.63,214.90,776.00,100%
429.13,3.65,67.90,250.00,100%
429.16,3.65,64.30,236.00,100%
429.19,3.65,66.10,242.00,100%
429.22,3.66,72.40,266.00,100%
429.25,3.63,139.80,584.00,100%
429.25,3.66,65.30,250.00,100%
429.28,3.65,67.60,258.00,100%
429.31,3.65,73.50,250.00,100%
429.34,3.65,64.20,232.00,100%
429.37,3.64,200.90,724.00,100%
429.37,3.66,74.90,272.00,100%
429.40,3.65,65.40,240.00,100%
429.43,3.65,63.80,232.00,100%
429.46,3.65,72.10,268.00,100%
429.49,3.63,145.60,610.00,100%
429.49,3.66,64.90,232.00,100%
429.52,3.65,72.90,262.00,100%
429.55,3.65,81.50,236.00,100%
429.58,3.65,71.90,262.00,100%
429.64,3.64,216.00,786.00,100%
429.64,3.65,70.70,258.00,100%
429.64,3.65,64.40,236.00,100%
429.67,3.66,66.90,242.00,100%
429.70,3.65,74.50,256.00,100%
429.73,3.63,196.30,250.00,100%
429.73,3.65,64.80,256.00,100%
429.79,3.65,70.60,272.00,100%
429.79,3.65,66.20,242.00,100%
429.82,3.65,63.90,232.00,100%
429.85,3.64,149.20,544.00,100%
429.85,3.66,74.60,272.00,100%
429.88,3.65,67.10,246.00,100%
429.91,3.66,65.50,256.00,100%
429.94,3.65,69.10,266.00,100%
429.97,3.64,77.40,282.00,100%
429.97,3.65,67.80,232.00,100%
430.00,3.65,69.10,252.00,100%
430.03,3.65,74.60,272.00,100%
430.06,3.65,65.30,240.00,100%
430.09,3.64,159.60,256.00,100%
430.09,3.65,71.40,276.00,100%
430.12,3.65,52.10,246.00,100%
430.15,3.65,73.10,158.00,100%
430.18,3.65,65.00,288.00,100%
430.21,3.64,107.50,394.00,100%
430.21,3.65,64.20,232.00,100%
430.24,3.65,64.60,236.00,100%
430.27,3.66,71.00,258.00,100%
430.30,3.66,72.50,266.00,100%
430.33,3.62,168.00,232.00,100%
430.33,3.65,65.10,268.00,100%
430.36,3.65,70.90,262.00,100%
430.39,3.65,72.30,240.00,100%
430.42,3.65,64.70,236.00,100%
430.45,3.64,129.20,472.00,100%
430.45,3.65,70.90,258.00,100%
430.48,3.65,63.50,232.00,100%
430.51,3.65,66.20,242.00,100%
430.54,3.65,73.70,258.00,100%
430.57,3.63,197.80,250.00,100%
430.57,3.66,64.80,252.00,100%
430.60,3.66,69.30,266.00,100%
430.63,3.65,67.30,246.00,100%
430.66,3.65,62.80,230.00,100%
430.69,3.64,219.30,800.00,100%
430.69,3.65,57.00,206.00,100%
430.72,3.65,74.60,272.00,100%
430.75,3.65,68.10,292.00,100%
430.81,3.65,70.80,266.00,100%
430.81,3.63,154.40,240.00,100%
430.81,3.65,66.70,252.00,100%
430.84,3.65,72.40,266.00,100%
430.87,3.66,70.30,256.00,100%
430.90,3.65,64.00,232.00,100%
430.93,3.64,162.10,262.00,100%
430.93,3.65,72.40,256.00,100%
430.96,3.65,70.40,240.00,100%
430.99,3.65,62.50,240.00,100%
431.02,3.65,69.30,266.00,100%
431.05,3.63,102.50,374.00,100%
431.05,3.65,62.60,230.00,100%
431.08,3.66,70.10,256.00,100%
431.11,3.66,73.30,268.00,100%
431.14,3.65,66.20,242.00,100%
431.17,3.62,166.30,256.00,100%
431.17,3.65,73.20,276.00,100%
431.20,3.65,71.10,232.00,100%
431.23,3.65,65.50,236.00,100%
431.26,3.66,71.50,262.00,100%
431.29,3.63,131.10,478.00,100%
431.29,3.65,72.90,266.00,100%
431.32,3.66,73.00,266.00,100%
431.35,3.65,72.70,266.00,100%
431.38,3.66,68.20,232.00,100%
431.41,3.63,189.40,268.00,100%
431.41,3.66,70.80,338.00,100%
431.44,3.65,74.20,242.00,100%
431.47,3.65,64.10,232.00,100%
431.50,3.66,71.30,258.00,100%
431.56,3.63,157.40,574.00,100%
431.56,3.65,65.00,236.00,100%
431.56,3.66,66.00,240.00,100%
431.59,3.65,73.70,256.00,100%
431.62,3.65,68.40,232.00,100%
431.65,3.64,213.90,298.00,100%
431.68,3.65,70.00,282.00,100%
431.68,3.65,67.20,246.00,100%
431.71,3.66,62.80,230.00,100%
431.74,3.66,70.40,256.00,100%
431.77,3.64,169.60,616.00,100%
431.80,3.65,66.20,242.00,100%
431.80,3.65,65.90,262.00,100%
431.83,3.65,70.70,262.00,100%
431.86,3.65,53.80,242.00,100%
431.89,3.64,86.20,314.00,100%
431.89,3.66,80.00,288.00,100%
431.92,3.65,72.60,266.00,100%
431.95,3.65,65.70,240.00,100%
431.98,3.65,64.10,232.00,100%
432.01,3.62,170.20,276.00,100%
432.04,3.65,75.60,400.00,100%
432.04,3.65,65.50,226.00,100%
432.07,3.66,65.10,256.00,100%
432.10,3.65,71.80,272.00,100%
432.13,3.64,130.60,476.00,100%
432.16,3.65,65.20,236.00,100%
432.16,3.65,68.60,250.00,100%
432.19,3.66,74.20,272.00,100%
432.22,3.65,68.00,250.00,100%
432.25,3.63,186.60,266.00,100%
432.28,3.66,67.60,322.00,100%
432.28,3.65,73.10,250.00,100%
432.31,3.65,69.60,236.00,100%
432.34,3.65,66.10,242.00,100%
432.37,3.64,158.70,576.00,100%
432.40,3.65,69.60,252.00,100%
432.40,3.66,64.30,236.00,100%
432.43,3.66,55.40,204.00,100%
432.46,3.65,81.60,184.00,100%
432.49,3.63,218.80,312.00,100%
432.52,3.65,65.00,262.00,100%
432.52,3.65,72.20,262.00,100%
432.55,3.65,68.80,252.00,100%
432.58,3.65,65.00,236.00,100%
432.61,3.63,161.20,586.00,100%
432.64,3.66,72.10,262.00,100%
432.64,3.66,70.60,232.00,100%
432.67,3.65,64.90,240.00,100%
432.70,3.65,66.20,262.00,100%
432.73,3.63,134.70,492.00,100%
432.73,3.65,66.30,240.00,100%
432.79,3.65,65.10,236.00,100%
432.79,3.65,72.70,266.00,100%
432.82,3.65,68.20,250.00,100%
432.85,3.63,167.20,246.00,100%
432.85,3.65,69.70,416.00,100%
432.88,3.65,72.30,246.00,100%
432.91,3.66,67.60,236.00,100%
432.94,3.65,65.10,256.00,100%
432.97,3.63,192.90,704.00,100%
432.97,3.66,66.30,242.00,100%
433.00,3.65,64.30,236.00,100%
433.03,3.65,79.50,292.00,100%
433.06,3.65,79.70,292.00,100%
433.09,3.63,167.30,276.00,100%
433.09,3.65,64.70,322.00,100%
433.12,3.65,72.60,258.00,100%
433.15,3.65,71.40,236.00,100%
433.18,3.66,65.50,240.00,100%
433.21,3.64,160.70,586.00,100%
433.21,3.65,70.10,256.00,100%
433.24,3.65,64.00,232.00,100%
433.27,3.65,69.80,256.00,100%
433.30,3.65,76.10,246.00,100%
433.33,3.64,199.20,292.00,100%
433.33,3.66,65.00,272.00,100%
433.36,3.66,73.50,268.00,100%
433.39,3.65,64.00,232.00,100%
433.45,3.65,64.00,232.00,100%
433.45,3.64,163.10,594.00,100%
433.45,3.65,72.10,262.00,100%
433.48,3.65,65.40,240.00,100%
433.51,3.65,67.10,262.00,100%
433.54,3.65,70.10,252.00,100%
433.57,3.64,109.20,400.00,100%
433.57,3.65,43.00,250.00,100%
433.60,3.65,48.80,176.00,100%
433.63,3.65,76.40,278.00,100%
433.66,3.65,63.20,230.00,100%
433.69,3.64,163.20,268.00,100%
433.69,3.65,73.00,394.00,100%
433.72,3.65,68.30,236.00,100%
433.75,3.66,63.00,250.00,100%
433.78,3.65,70.90,272.00,100%
433.81,3.63,131.70,482.00,100%
433.81,3.66,64.60,236.00,100%
433.84,3.65,72.40,266.00,100%
433.87,3.65,71.60,262.00,100%
433.90,3.65,65.10,236.00,100%
433.93,3.63,181.00,282.00,100%
433.93,3.65,71.50,314.00,100%
433.96,3.65,70.10,232.00,100%
433.99,3.65,65.10,240.00,100%
434.02,3.65,72.40,266.00,100%
434.05,3.63,221.90,810.00,100%
434.05,3.65,66.70,242.00,100%
434.08,3.66,66.00,240.00,100%
434.11,3.66,72.90,266.00,100%
434.14,3.66,68.80,236.00,100%
434.17,3.64,201.40,302.00,100%
434.17,3.65,77.90,210.00,100%
434.23,3.65,77.80,272.00,100%
434.23,3.65,66.00,240.00,100%
434.26,3.65,70.40,256.00,100%
434.29,3.64,166.10,602.00,100%
434.29,3.66,64.20,232.00,100%
434.32,3.66,65.30,240.00,100%
434.35,3.65,73.40,258.00,100%
434.41,3.65,68.80,230.00,100%
434.41,3.63,197.60,354.00,100%
434.41,3.65,70.10,272.00,100%
434.44,3.65,66.50,242.00,100%
434.47,3.65,62.80,230.00,100%
434.50,3.65,71.60,262.00,100%
434.53,3.64,187.30,678.00,100%
434.53,3.65,64.90,380.00,100%
434.56,3.65,67.60,266.00,100%
434.59,3.65,71.00,246.00,100%
434.62,3.66,69.60,236.00,100%
434.65,3.64,133.20,484.00,100%
434.65,3.66,74.60,272.00,100%
434.68,3.65,65.50,240.00,100%
434.71,3.66,63.90,232.00,100%
434.74,3.65,72.20,262.00,100%
434.77,3.61,191.30,258.00,100%
434.77,3.65,74.20,330.00,100%
434.80,3.65,65.10,282.00,100%
434.83,3.65,73.70,252.00,100%
434.86,3.65,69.80,236.00,100%
434.89,3.63,157.00,570.00,100%
434.89,3.65,75.90,276.00,100%
434.92,3.65,65.20,240.00,100%
434.95,3.66,64.30,236.00,100%
435.01,3.65,71.20,258.00,100%
435.01,3.63,195.90,252.00,100%
435.01,3.66,62.80,246.00,100%
435.04,3.65,68.50,266.00,100%
435.07,3.65,76.40,246.00,100%
435.10,3.65,62.40,226.00,100%
435.13,3.63,220.30,800.00,100%
435.13,3.65,71.50,262.00,100%
435.16,3.65,64.70,236.00,100%
435.19,3.65,66.30,242.00,100%
435.22,3.65,73.40,256.00,100%
435.25,3.63,197.10,374.00,100%
435.25,3.66,64.60,256.00,100%
435.28,3.65,71.70,272.00,100%
435.31,3.65,64.40,236.00,100%
435.34,3.65,43.10,158.00,100%
435.37,3.64,173.10,626.00,100%
435.37,3.66,70.40,256.00,100%
435.40,3.65,64.80,242.00,100%
435.43,3.66,68.60,266.00,100%
435.46,3.65,74.20,246.00,100%
435.49,3.63,128.90,468.00,100%
435.49,3.65,72.80,266.00,100%
435.52,3.66,71.40,258.00,100%
435.58,3.65,65.60,240.00,100%
435.58,3.65,64.10,232.00,100%
435.61,3.64,172.50,622.00,100%
435.61,3.65,70.40,302.00,100%
435.64,3.65,64.20,242.00,100%
435.67,3.65,68.50,266.00,100%
435.70,3.65,75.20,246.00,100%
435.73,3.63,148.60,540.00,100%
435.73,3.66,71.50,262.00,100%
435.76,3.65,73.30,268.00,100%
435.79,3.65,64.10,232.00,100%
435.82,3.65,65.30,240.00,100%
435.85,3.63,202.80,258.00,100%
435.88,3.65,68.90,242.00,100%
435.88,3.66,62.90,246.00,100%
435.91,3.65,77.90,230.00,100%
435.94,3.65,74.20,272.00,100%
435.97,3.63,103.00,376.00,100%
435.97,3.65,72.30,262.00,100%
436.00,3.66,71.40,258.00,100%
436.06,3.65,64.80,236.00,100%
436.06,3.65,67.90,266.00,100%
436.09,3.63,209.10,384.00,100%
436.09,3.66,69.00,242.00,100%
436.12,3.65,65.40,252.00,100%
436.18,3.66,73.80,268.00,100%
436.18,3.65,65.10,236.00,100%
436.21,3.63,201.70,730.00,100%
436.21,3.65,72.10,262.00,100%
436.27,3.65,71.40,258.00,100%
436.27,3.65,65.60,242.00,100%
436.30,3.65,65.50,258.00,100%
436.36,3.63,211.90,266.00,100%
436.36,3.65,69.50,240.00,100%
436.36,3.65,68.30,250.00,100%
436.39,3.65,73.60,268.00,100%
436.42,3.65,65.10,236.00,100%
436.45,3.64,149.90,548.00,100%
436.45,3.66,71.30,324.00,100%
436.48,3.65,79.70,240.00,100%
436.51,3.65,70.60,262.00,100%
436.54,3.65,68.80,294.00,100%
436.57,3.63,75.80,276.00,100%
436.57,3.65,64.10,232.00,100%
436.60,3.66,71.00,258.00,100%
436.63,3.65,72.10,262.00,100%
436.66,3.65,64.60,236.00,100%
436.69,3.63,167.80,294.00,100%
436.69,3.65,72.90,272.00,100%
436.72,3.65,68.10,230.00,100%
436.75,3.65,64.70,246.00,100%
436.78,3.65,70.70,266.00,100%
436.81,3.63,94.10,344.00,100%
436.81,3.65,64.40,236.00,100%
436.84,3.66,70.70,258.00,100%
436.87,3.65,71.60,262.00,100%
436.90,3.65,65.30,236.00,100%
436.93,3.64,201.50,386.00,100%
436.93,3.65,71.70,252.00,100%
436.96,3.65,68.00,236.00,100%
436.99,3.65,69.90,256.00,100%
437.02,3.65,71.90,262.00,100%
437.05,3.63,210.00,764.00,100%
437.05,3.65,41.00,150.00,100%
437.08,3.66,78.90,288.00,100%
437.11,3.66,70.40,262.00,100%
437.14,3.65,64.40,246.00,100%
437.17,3.64,203.10,544.00,100%
437.17,3.65,75.50,252.00,100%
437.20,3.65,64.20,232.00,100%
437.23,3.65,69.70,256.00,100%
437.26,3.65,73.20,266.00,100%
437.29,3.63,139.40,508.00,100%
437.29,3.66,64.70,236.00,100%
437.32,3.65,72.90,262.00,100%
437.35,3.65,70.20,232.00,100%
437.38,3.66,64.60,242.00,100%
437.41,3.63,187.70,738.00,100%
437.41,3.65,70.20,256.00,100%
437.44,3.65,62.90,230.00,100%
437.47,3.65,69.10,252.00,100%
437.50,3.65,74.20,272.00,100%
437.53,3.63,166.30,268.00,100%
437.53,3.65,66.00,276.00,100%
437.56,3.65,71.50,262.00,100%
437.59,3.65,72.90,240.00,100%
437.62,3.66,65.80,236.00,100%
437.65,3.63,89.90,328.00,100%
437.65,3.65,76.30,278.00,100%
437.68,3.65,69.40,252.00,100%
437.71,3.65,67.70,246.00,100%
437.74,3.65,74.70,272.00,100%
437.77,3.64,209.80,230.00,100%
437.77,3.65,62.90,256.00,100%
437.80,3.65,72.90,268.00,100%
437.83,3.65,73.90,240.00,100%
437.86,3.65,63.60,232.00,100%
437.89,3.63,223.30,810.00,100%
437.89,3.65,69.80,256.00,100%
437.92,3.65,64.30,236.00,100%
437.95,3.65,67.60,246.00,100%
437.98,3.65,73.90,252.00,100%
438.01,3.64,202.10,240.00,100%
438.04,3.66,64.90,262.00,100%
438.04,3.66,73.10,268.00,100%
438.07,3.65,63.80,232.00,100%
438.10,3.65,64.70,236.00,100%
438.13,3.63,140.40,512.00,100%
438.13,3.66,69.50,252.00,100%
438.16,3.65,64.60,236.00,100%
438.19,3.65,69.50,268.00,100%
438.22,3.65,56.00,240.00,100%
438.25,3.63,200.80,242.00,100%
438.25,3.66,66.10,294.00,100%
438.28,3.65,70.90,258.00,100%
438.31,3.65,65.20,240.00,100%
438.34,3.66,64.60,236.00,100%
438.40,3.64,179.70,656.00,100%
438.43,3.66,68.30,252.00,100%
438.43,3.65,64.60,252.00,100%
438.43,3.66,70.20,268.00,100%
438.46,3.65,73.50,240.00,100%
438.49,3.63,223.10,812.00,100%
438.49,3.65,70.10,256.00,100%
438.52,3.65,70.30,256.00,100%
438.55,3.65,62.80,230.00,100%
438.58,3.66,69.00,252.00,100%
438.61,3.63,210.60,246.00,100%
438.61,3.66,66.20,240.00,100%
438.64,3.66,64.50,262.00,100%
438.67,3.65,72.50,258.00,100%
438.70,3.65,64.50,236.00,100%
438.76,3.63,107.70,394.00,100%
438.76,3.65,75.20,276.00,100%
438.76,3.66,65.50,240.00,100%
438.79,3.66,52.50,190.00,100%
438.85,3.65,81.90,194.00,100%
438.85,3.63,205.40,262.00,100%
438.85,3.66,64.50,256.00,100%
438.88,3.66,68.40,266.00,100%
438.91,3.65,67.40,246.00,100%
438.94,3.65,62.50,230.00,100%
438.97,3.63,133.50,484.00,100%
438.97,3.66,71.80,262.00,100%
439.00,3.66,64.50,236.00,100%
439.03,3.66,67.80,266.00,100%
439.06,3.65,72.00,246.00,100%
439.09,3.63,202.50,252.00,100%
439.09,3.66,65.10,262.00,100%
439.12,3.65,73.60,268.00,100%
439.15,3.65,64.20,232.00,100%
439.18,3.65,65.00,236.00,100%
439.21,3.64,173.30,622.00,100%
439.21,3.65,69.40,252.00,100%
439.24,3.65,65.90,250.00,100%
439.27,3.65,68.10,262.00,100%
439.30,3.65,74.90,246.00,100%
439.33,3.63,165.20,784.00,100%
439.33,3.66,71.40,258.00,100%
439.36,3.65,70.70,258.00,100%
439.39,3.65,72.50,266.00,100%
439.42,3.65,74.30,272.00,100%
439.45,3.63,203.30,282.00,100%
439.45,3.66,69.30,242.00,100%
439.48,3.65,62.80,250.00,100%
439.51,3.66,72.30,272.00,100%
439.57,3.65,74.60,240.00,100%
439.60,3.62,72.50,266.00,100%
439.60,3.65,118.20,426.00,100%
439.60,3.65,64.70,236.00,100%
439.63,3.66,65.60,240.00,100%
439.66,3.65,72.20,262.00,100%
439.69,3.61,125.30,226.00,100%
439.72,3.65,66.40,566.00,100%
439.72,3.65,70.80,266.00,100%
439.75,3.65,73.10,240.00,100%
439.78,3.65,64.80,236.00,100%
439.81,3.61,71.90,262.00,100%
439.84,3.65,92.00,334.00,100%
439.84,3.65,63.00,230.00,100%
439.87,3.66,68.40,250.00,100%
439.90,3.65,75.50,246.00,100%
439.93,3.64,70.30,232.00,100%
439.96,3.65,66.00,574.00,100%
439.96,3.65,52.00,266.00,100%
440.02,3.65,47.00,170.00,100%
440.02,3.65,71.50,262.00,100%
440.05,3.62,80.50,294.00,100%
440.11,3.65,76.20,276.00,100%
440.14,3.65,63.90,232.00,100%
440.14,3.65,70.40,276.00,100%
440.14,3.65,74.10,242.00,100%
440.17,3.63,200.70,348.00,100%
440.20,3.65,65.50,538.00,100%
440.20,3.65,72.30,262.00,100%
440.23,3.65,63.40,232.00,100%
440.26,3.65,66.10,242.00,100%
440.29,3.65,73.10,252.00,100%
440.32,3.65,69.90,252.00,100%
440.32,3.65,65.50,252.00,100%
440.35,3.65,69.70,268.00,100%
440.38,3.65,74.50,242.00,100%
440.44,3.61,62.80,230.00,100%
440.44,3.66,122.60,442.00,100%
440.44,3.65,69.90,256.00,100%
440.47,3.65,64.30,236.00,100%
440.50,3.66,66.20,242.00,100%
440.53,3.65,72.00,250.00,100%
440.56,3.66,63.40,550.00,100%
440.56,3.65,70.80,180.00,100%
440.59,3.65,74.30,304.00,100%
440.62,3.65,75.60,252.00,100%
440.65,3.61,65.00,236.00,100%
440.68,3.66,95.30,344.00,100%
440.68,3.65,72.20,262.00,100%
440.71,3.65,64.70,236.00,100%
440.74,3.66,65.20,240.00,100%
440.77,3.64,75.10,256.00,100%
440.80,3.65,71.20,548.00,100%
440.80,3.65,65.40,242.00,100%
440.83,3.65,69.00,262.00,100%
440.86,3.65,67.20,246.00,100%
440.89,3.61,63.30,230.00,100%
440.92,3.65,76.60,278.00,100%
440.92,3.66,74.50,272.00,100%
440.95,3.65,66.60,242.00,100%
440.98,3.65,65.50,258.00,100%
441.01,3.63,81.50,268.00,100%
441.01,3.65,73.90,522.00,100%
441.04,3.65,66.80,236.00,100%
441.07,3.65,69.90,256.00,100%
441.10,3.66,71.40,262.00,100%
441.13,3.62,64.40,236.00,100%
441.16,3.65,75.60,276.00,100%
441.16,3.65,80.20,292.00,100%
441.19,3.65,70.60,266.00,100%
441.22,3.65,63.00,240.00,100%
441.25,3.62,96.70,266.00,100%
441.28,3.65,122.60,442.00,100%
441.28,3.65,62.70,230.00,100%
441.31,3.65,68.40,250.00,100%
441.34,3.65,71.10,258.00,100%
441.37,3.60,122.20,236.00,100%
441.40,3.65,66.90,564.00,100%
441.40,3.65,70.80,276.00,100%
441.43,3.65,73.70,242.00,100%
441.46,3.65,67.50,236.00,100%
441.49,3.60,69.10,252.00,100%
441.55,3.65,100.20,360.00,100%
441.55,3.65,66.90,242.00,100%
441.55,3.65,62.80,230.00,100%
441.58,3.66,70.70,258.00,100%
441.61,3.64,78.10,242.00,100%
441.64,3.66,68.40,548.00,100%
441.64,3.65,63.80,256.00,100%
441.67,3.65,71.70,272.00,100%
441.70,3.65,66.50,242.00,100%
441.76,3.61,50.00,184.00,100%
441.76,3.65,88.80,322.00,100%
441.76,3.65,73.40,268.00,100%
441.79,3.65,66.60,242.00,100%
441.82,3.66,65.50,256.00,100%
441.85,3.63,194.80,272.00,100%
441.88,3.65,74.90,530.00,100%
441.88,3.65,67.40,232.00,100%
441.91,3.66,69.60,252.00,100%
441.97,3.65,73.20,266.00,100%
441.97,3.63,66.60,242.00,100%
441.97,3.65,64.80,236.00,100%
442.00,3.66,70.40,256.00,100%
442.03,3.65,75.60,246.00,100%
442.06,3.66,65.90,230.00,100%
442.09,3.62,88.70,258.00,100%
442.12,3.65,72.90,476.00,100%
442.12,3.65,65.40,240.00,100%
442.15,3.65,63.20,230.00,100%
442.18,3.65,73.00,266.00,100%
442.21,3.63,121.50,442.00,100%
442.24,3.65,66.50,544.00,100%
442.24,3.66,67.10,266.00,100%
442.27,3.66,71.00,252.00,100%
442.30,3.65,77.90,200.00,100%
442.33,3.61,74.80,272.00,100%
442.36,3.65,107.00,386.00,100%
442.36,3.65,66.80,242.00,100%
442.39,3.65,64.00,232.00,100%
442.42,3.66,70.00,256.00,100%
442.45,3.64,77.40,246.00,100%
442.45,3.66,69.60,554.00,100%
442.48,3.65,63.40,256.00,100%
442.51,3.65,73.80,266.00,100%
442.54,3.65,72.90,236.00,100%
442.57,3.61,64.20,232.00,100%
442.57,3.66,83.40,302.00,100%
442.60,3.65,69.30,252.00,100%
442.63,3.66,64.00,232.00,100%
442.66,3.65,68.30,250.00,100%
442.69,3.64,80.30,242.00,100%
442.72,3.65,67.10,518.00,100%
442.72,3.65,64.90,258.00,100%
442.75,3.65,73.20,268.00,100%
442.78,3.65,64.10,232.00,100%
442.81,3.61,64.80,236.00,100%
442.81,3.65,75.40,272.00,100%
442.84,3.65,70.70,258.00,100%
442.87,3.65,45.50,168.00,100%
442.90,3.65,76.20,210.00,100%
442.93,3.63,89.10,278.00,100%
442.93,3.66,68.80,456.00,100%
442.96,3.66,65.90,252.00,100%
443.02,3.65,72.80,266.00,100%
443.02,3.65,66.30,242.00,100%
443.05,3.63,110.20,404.00,100%
443.05,3.66,74.30,268.00,100%
443.08,3.65,72.30,262.00,100%
443.11,3.65,66.20,240.00,100%
443.14,3.65,64.10,258.00,100%
443.17,3.61,118.10,258.00,100%
443.20,3.65,97.20,350.00,100%
443.20,3.66,65.70,240.00,100%
443.26,3.65,74.20,272.00,100%
443.26,3.65,66.70,242.00,100%
443.32,3.61,184.50,268.00,100%
443.32,3.65,73.20,594.00,100%
443.32,3.65,74.80,242.00,100%
443.35,3.65,64.40,230.00,100%
443.38,3.66,65.30,266.00,100%
443.41,3.61,75.40,276.00,100%
443.41,3.66,77.60,282.00,100%
443.44,3.66,65.90,240.00,100%
443.47,3.65,78.80,288.00,100%
443.50,3.65,74.60,272.00,100%
443.53,3.64,72.00,268.00,100%
443.56,3.65,71.20,566.00,100%
443.56,3.65,73.60,242.00,100%
443.59,3.65,67.60,236.00,100%
443.65,3.65,71.00,258.00,100%
443.65,3.61,72.10,262.00,100%
443.65,3.65,67.70,246.00,100%
443.68,3.65,63.20,230.00,100%
443.71,3.66,73.10,266.00,100%
443.74,3.65,71.20,236.00,100%
443.77,3.63,193.00,240.00,100%
443.80,3.65,66.50,502.00,100%
443.80,3.65,72.90,252.00,100%
443.83,3.65,64.00,232.00,100%
443.86,3.65,67.90,250.00,100%
443.89,3.63,113.80,416.00,100%
443.92,3.65,67.10,242.00,100%
443.92,3.65,64.10,232.00,100%
443.95,3.65,73.20,266.00,100%
443.98,3.65,72.30,236.00,100%
444.01,3.62,104.40,240.00,100%
444.04,3.65,45.10,400.00,100%
444.04,3.65,51.10,186.00,100%
444.07,3.65,70.60,258.00,100%
444.10,3.65,68.00,250.00,100%
444.13,3.63,74.80,272.00,100%
444.16,3.65,69.40,252.00,100%
444.16,3.65,65.00,256.00,100%
444.19,3.65,70.80,268.00,100%
444.22,3.65,74.20,242.00,100%
444.25,3.61,130.80,236.00,100%
444.28,3.66,89.00,322.00,100%
444.28,3.65,70.60,258.00,100%
444.31,3.65,64.80,236.00,100%
444.34,3.65,64.60,236.00,100%
444.37,3.63,77.70,256.00,100%
444.43,3.65,72.90,544.00,100%
444.43,3.65,64.30,242.00,100%
444.43,3.65,69.30,268.00,100%
444.46,3.65,75.90,246.00,100%
444.49,3.61,62.60,230.00,100%
444.49,3.65,74.60,268.00,100%
444.52,3.65,73.10,266.00,100%
444.55,3.65,64.60,236.00,100%
444.58,3.66,64.80,236.00,100%
444.61,3.64,82.20,258.00,100%
444.64,3.65,77.00,456.00,100%
444.64,3.65,69.20,272.00,100%
444.67,3.66,69.50,276.00,100%
444.70,3.65,67.00,246.00,100%
444.73,3.61,64.80,236.00,100%
444.73,3.66,73.00,266.00,100%
444.76,3.65,72.80,266.00,100%
444.79,3.65,65.30,240.00,100%
444.82,3.65,66.70,268.00,100%
444.85,3.62,104.40,258.00,100%
444.85,3.65,70.60,404.00,100%
444.88,3.65,66.00,246.00,100%
444.91,3.65,71.60,262.00,100%
444.94,3.65,66.40,242.00,100%
444.97,3.63,62.80,230.00,100%
444.97,3.66,73.10,266.00,100%
445.00,3.65,73.30,268.00,100%
445.03,3.66,66.60,240.00,100%
445.06,3.66,63.90,258.00,100%
445.09,3.61,132.50,258.00,100%
445.12,3.65,71.60,314.00,100%
445.12,3.66,65.80,240.00,100%
445.15,3.66,72.60,266.00,100%
445.18,3.65,67.30,246.00,100%
445.21,3.64,74.30,272.00,100%
445.24,3.65,79.90,612.00,100%
445.24,3.65,75.30,272.00,100%
445.27,3.66,64.20,226.00,100%
445.30,3.66,65.60,266.00,100%
445.33,3.61,72.30,262.00,100%
445.36,3.65,70.60,256.00,100%
445.36,3.65,65.00,236.00,100%
445.39,3.66,71.40,258.00,100%
445.42,3.66,69.10,252.00,100%
445.45,3.63,75.40,246.00,100%
445.45,3.65,69.90,540.00,100%
445.51,3.65,73.20,240.00,100%
445.51,3.65,67.60,236.00,100%
445.57,3.65,65.80,256.00,100%
445.57,3.61,72.10,262.00,100%
445.57,3.65,67.50,246.00,100%
445.60,3.65,63.80,232.00,100%
445.63,3.66,73.40,268.00,100%
445.66,3.65,71.20,258.00,100%
445.69,3.63,93.10,232.00,100%
445.72,3.65,65.30,446.00,100%
445.72,3.65,72.90,256.00,100%
445.75,3.65,45.90,236.00,100%
445.78,3.65,43.00,158.00,100%
445.81,3.62,133.70,488.00,100%
445.84,3.65,67.90,246.00,100%
445.84,3.65,63.70,232.00,100%
445.87,3.65,71.50,262.00,100%
445.90,3.65,74.10,242.00,100%
445.93,3.62,118.80,236.00,100%
445.96,3.66,65.30,360.00,100%
445.96,3.65,72.70,262.00,100%
445.99,3.65,62.90,230.00,100%
446.02,3.65,66.30,242.00,100%
446.05,3.64,76.10,278.00,100%
446.08,3.65,70.40,256.00,100%
446.08,3.65,64.60,246.00,100%
446.11,3.65,70.00,276.00,100%
446.14,3.65,73.70,242.00,100%
446.17,3.61,69.60,252.00,100%
446.20,3.66,81.20,294.00,100%
446.20,3.66,71.60,262.00,100%
446.23,3.65,65.60,240.00,100%
446.26,3.65,63.20,230.00,100%
446.29,3.63,80.90,262.00,100%
446.32,3.66,72.50,524.00,100%
446.32,3.66,64.50,240.00,100%
446.38,3.65,73.70,258.00,100%
446.38,3.65,79.70,286.00,100%
446.41,3.61,200.30,728.00,100%
446.44,3.65,67.60,246.00,100%
446.44,3.66,72.80,266.00,100%
446.50,3.65,67.40,246.00,100%
446.50,3.65,64.00,232.00,100%
446.53,3.63,193.80,262.00,100%
446.56,3.65,72.40,452.00,100%
446.56,3.66,67.40,236.00,100%
446.59,3.65,65.00,250.00,100%
446.62,3.65,73.00,266.00,100%
446.65,3.61,115.60,422.00,100%
446.65,3.65,65.90,240.00,100%
446.68,3.66,69.40,252.00,100%
446.71,3.65,74.20,272.00,100%
446.74,3.65,67.50,236.00,100%
446.77,3.62,218.30,258.00,100%
446.80,3.65,72.40,380.00,100%
446.80,3.65,73.50,240.00,100%
446.83,3.65,64.30,236.00,100%
446.86,3.65,70.20,256.00,100%
446.89,3.63,73.50,268.00,100%
446.92,3.66,66.00,240.00,100%
446.92,3.65,47.50,174.00,100%
446.95,3.65,81.50,222.00,100%
446.98,3.65,68.90,258.00,100%
447.01,3.61,134.90,246.00,100%
447.01,3.65,69.10,308.00,100%
447.04,3.65,68.10,250.00,100%
447.07,3.65,62.70,230.00,100%
447.13,3.65,69.20,252.00,100%
447.13,3.64,74.40,272.00,100%
447.16,3.65,68.30,250.00,100%
447.16,3.65,65.90,262.00,100%
447.19,3.65,70.90,262.00,100%
447.22,3.65,73.60,242.00,100%
447.25,3.61,63.00,230.00,100%
447.28,3.65,74.80,272.00,100%
447.28,3.65,69.60,252.00,100%
447.31,3.65,64.40,236.00,100%
447.34,3.66,66.60,242.00,100%
447.37,3.62,187.60,256.00,100%
447.37,3.66,69.50,462.00,100%
447.40,3.65,63.00,246.00,100%
447.43,3.65,70.50,272.00,100%
447.46,3.65,75.50,242.00,100%
447.49,3.62,64.10,232.00,100%
447.49,3.65,57.90,210.00,100%
447.52,3.65,79.80,292.00,100%
447.55,3.65,67.30,246.00,100%
447.58,3.65,65.80,240.00,100%
447.61,3.63,114.30,250.00,100%
447.64,3.66,68.00,354.00,100%
447.64,3.65,65.10,250.00,100%
447.67,3.65,70.10,276.00,100%
447.70,3.65,66.10,242.00,100%
447.73,3.63,63.60,232.00,100%
447.73,3.66,71.90,262.00,100%
447.76,3.65,73.40,268.00,100%
447.79,3.65,65.70,240.00,100%
447.82,3.65,66.00,268.00,100%
447.85,3.61,139.80,266.00,100%
447.88,3.65,72.00,292.00,100%
447.88,3.65,66.30,240.00,100%
447.91,3.65,70.30,256.00,100%
447.94,3.65,69.50,252.00,100%
447.97,3.63,70.50,256.00,100%
448.00,3.65,69.50,252.00,100%
448.00,3.65,73.90,268.00,100%
448.03,3.65,68.50,236.00,100%
448.06,3.66,62.70,250.00,100%
448.09,3.61,167.60,268.00,100%
448.12,3.65,81.90,278.00,100%
448.12,3.65,69.20,252.00,100%
448.15,3.66,73.20,266.00,100%
448.21,3.65,69.80,256.00,100%
448.21,3.63,66.30,242.00,100%
448.21,3.65,67.30,512.00,100%
448.24,3.65,73.60,256.00,100%
448.27,3.66,66.50,230.00,100%
448.30,3.65,64.90,252.00,100%
448.33,3.61,73.10,266.00,100%
448.36,3.65,66.80,242.00,100%
448.36,3.65,64.60,236.00,100%
448.39,3.66,71.10,258.00,100%
448.42,3.66,71.90,262.00,100%
448.48,3.63,103.00,232.00,100%
448.48,3.65,66.20,416.00,100%
448.48,3.65,71.00,252.00,100%
448.51,3.65,70.30,236.00,100%
448.54,3.65,66.90,242.00,100%
448.57,3.62,75.20,276.00,100%
448.60,3.65,70.30,256.00,100%
448.60,3.65,62.80,230.00,100%
448.63,3.65,70.00,256.00,100%
448.66,3.65,68.90,242.00,100%
448.69,3.62,133.50,256.00,100%
448.72,3.65,63.70,358.00,100%
448.72,3.65,73.50,266.00,100%
448.75,3.65,64.90,236.00,100%
448.78,3.65,63.80,232.00,100%
448.81,3.63,76.30,278.00,100%
448.81,3.65,70.30,256.00,100%
448.84,3.65,64.10,232.00,100%
448.87,3.65,69.00,266.00,100%
448.90,3.65,74.80,246.00,100%
448.93,3.61,150.90,236.00,100%
448.93,3.65,64.70,276.00,100%
448.99,3.65,73.80,268.00,100%
448.99,3.65,64.00,232.00,100%
449.02,3.65,64.90,236.00,100%
449.05,3.64,84.40,308.00,100%
449.08,3.65,70.90,258.00,100%
449.08,3.65,65.80,242.00,100%
449.11,3.65,66.90,262.00,100%
449.14,3.65,72.60,250.00,100%
449.17,3.61,62.80,230.00,100%
449.20,3.65,70.30,256.00,100%
449.20,3.66,73.00,266.00,100%
449.23,3.65,48.60,176.00,100%
449.26,3.65,70.90,258.00,100%
449.29,3.63,109.20,298.00,100%
449.32,3.65,73.50,422.00,100%
449.33,3.65,64.60,232.00,100%
449.35,3.66,65.80,266.00,100%
449.38,3.65,73.10,256.00,100%
449.41,3.61,64.40,236.00,100%
449.41,3.65,67.20,242.00,100%
449.44,3.66,73.20,266.00,100%
449.47,3.65,67.40,246.00,100%
449.50,3.65,64.00,232.00,100%
449.53,3.62,125.70,266.00,100%
449.56,3.65,73.40,318.00,100%
449.56,3.65,62.90,252.00,100%
449.62,3.65,73.00,268.00,100%
449.62,3.65,74.20,240.00,100%
449.65,3.61,63.20,230.00,100%
449.65,3.65,158.80,574.00,100%
449.68,3.65,70.30,256.00,100%
449.71,3.65,64.10,232.00,100%
449.74,3.65,67.00,246.00,100%
449.77,3.65,73.20,252.00,100%
449.80,3.65,74.00,504.00,100%
449.80,3.66,65.10,252.00,100%
449.83,3.65,79.80,272.00,100%
449.86,3.65,72.90,266.00,100%
449.89,3.64,72.40,266.00,100%
449.92,3.65,149.00,540.00,100%
449.92,3.65,71.70,262.00,100%
449.95,3.65,64.70,236.00,100%
449.98,3.65,66.90,262.00,100%
450.01,3.66,72.70,258.00,100%
450.04,3.65,72.10,524.00,100%
450.04,3.66,65.50,246.00,100%
450.07,3.65,71.00,258.00,100%
450.10,3.65,67.40,246.00,100%
450.13,3.63,63.00,230.00,100%
450.16,3.63,150.90,548.00,100%
450.16,3.65,72.90,266.00,100%
450.19,3.65,65.90,236.00,100%
450.22,3.66,64.50,256.00,100%
450.25,3.63,73.60,258.00,100%
450.28,3.65,139.10,504.00,100%
450.31,3.65,66.20,242.00,100%
450.31,3.65,72.90,266.00,100%
450.34,3.65,65.60,240.00,100%
450.37,3.66,63.90,232.00,100%
450.40,3.64,159.70,540.00,100%
450.40,3.65,49.60,240.00,100%
450.43,3.65,71.60,158.00,100%
450.46,3.65,67.00,292.00,100%
450.49,3.62,68.40,250.00,100%
450.55,3.65,139.10,504.00,100%
450.55,3.66,69.40,252.00,100%
450.55,3.65,73.10,266.00,100%
450.58,3.65,66.00,240.00,100%
450.61,3.66,66.20,266.00,100%
450.64,3.64,157.80,528.00,100%
450.64,3.65,70.90,232.00,100%
450.67,3.65,65.30,240.00,100%
450.70,3.66,72.50,266.00,100%
450.73,3.61,68.70,250.00,100%
450.76,3.65,138.60,502.00,100%
450.76,3.65,67.50,246.00,100%
450.79,3.65,74.70,272.00,100%
450.82,3.66,67.10,232.00,100%
450.85,3.66,63.00,256.00,100%
450.88,3.65,153.40,538.00,100%
450.88,3.65,72.70,240.00,100%
450.91,3.65,65.30,240.00,100%
450.94,3.65,70.80,258.00,100%
450.97,3.64,69.10,252.00,100%
451.03,3.65,142.60,514.00,100%
451.03,3.66,76.60,278.00,100%
451.03,3.65,81.80,276.00,100%
451.06,3.65,66.10,250.00,100%
451.09,3.65,65.00,266.00,100%
451.12,3.65,136.20,538.00,100%
451.12,3.65,64.90,236.00,100%
451.15,3.65,64.20,232.00,100%
451.18,3.65,72.40,266.00,100%
451.21,3.62,68.40,250.00,100%
451.24,3.64,148.40,538.00,100%
451.24,3.65,71.10,276.00,100%
451.27,3.65,74.30,240.00,100%
451.30,3.66,66.50,236.00,100%
451.33,3.64,67.30,266.00,100%
451.36,3.65,146.50,530.00,100%
451.36,3.65,63.50,232.00,100%
451.39,3.66,65.80,240.00,100%
451.42,3.65,71.30,258.00,100%
451.45,3.66,69.30,252.00,100%
451.45,3.65,153.10,518.00,100%
451.48,3.65,68.20,258.00,100%
451.51,3.65,75.50,250.00,100%
451.54,3.65,67.80,232.00,100%
451.57,3.63,69.50,252.00,100%
451.57,3.65,129.80,468.00,100%
451.60,3.65,73.10,266.00,100%
451.63,3.65,64.00,232.00,100%
451.66,3.65,71.10,258.00,100%
451.69,3.66,72.40,240.00,100%
451.72,3.65,146.40,504.00,100%
451.72,3.65,67.30,266.00,100%
451.75,3.65,74.00,252.00,100%
451.81,3.65,63.10,230.00,100%
451.84,3.64,68.00,250.00,100%
451.84,3.65,150.60,544.00,100%
451.84,3.66,66.90,242.00,100%
451.88,3.65,64.20,232.00,100%
451.90,3.65,72.90,272.00,100%
451.93,3.65,72.00,236.00,100%
451.96,3.65,132.40,508.00,100%
451.96,3.65,66.60,266.00,100%
451.99,3.65,70.60,258.00,100%
452.02,3.65,63.20,230.00,100%
452.05,3.63,65.00,236.00,100%
452.08,3.66,154.30,558.00,100%
452.08,3.65,69.20,252.00,100%
452.11,3.65,65.90,250.00,100%
452.14,3.66,64.40,258.00,100%
452.17,3.64,80.60,200.00,100%
452.20,3.65,115.60,534.00,100%
452.20,3.66,71.00,258.00,100%
452.23,3.65,73.00,266.00,100%
452.26,3.65,66.70,242.00,100%
452.29,3.63,63.90,232.00,100%
452.29,3.64,158.50,574.00,100%
452.35,3.65,75.30,246.00,100%
452.35,3.66,64.60,226.00,100%
452.38,3.65,65.30,262.00,100%
452.41,3.64,73.40,268.00,100%
452.44,3.65,139.50,504.00,100%
452.44,3.65,63.80,232.00,100%
452.47,3.65,72.40,266.00,100%
452.53,3.65,72.10,262.00,100%
452.53,3.66,65.40,240.00,100%
452.53,3.65,152.40,530.00,100%
452.56,3.65,70.10,252.00,100%
452.59,3.65,71.40,240.00,100%
452.62,3.65,66.40,240.00,100%
452.65,3.61,70.20,256.00,100%
452.68,3.65,145.40,528.00,100%
452.68,3.65,63.70,232.00,100%
452.71,3.65,67.30,246.00,100%
452.74,3.65,79.80,292.00,100%
452.77,3.66,74.80,258.00,100%
452.80,3.65,138.10,544.00,100%
452.80,3.65,70.00,268.00,100%
452.83,3.65,75.30,250.00,100%
452.86,3.65,62.70,230.00,100%
452.89,3.64,70.10,256.00,100%
452.92,3.65,153.90,558.00,100%
452.92,3.65,66.40,242.00,100%
452.95,3.65,64.40,236.00,100%
452.98,3.65,73.10,272.00,100%
453.01,3.65,73.60,240.00,100%
453.04,3.65,117.30,504.00,100%
453.04,3.65,66.00,266.00,100%
453.07,3.65,71.00,258.00,100%
453.10,3.65,64.90,236.00,100%
453.13,3.64,64.20,232.00,100%
453.16,3.66,157.20,566.00,100%
453.16,3.65,70.90,258.00,100%
453.19,3.65,66.00,242.00,100%
453.22,3.65,65.30,258.00,100%
453.25,3.64,76.80,256.00,100%
453.28,3.65,139.70,504.00,100%
453.28,3.65,66.70,242.00,100%
453.31,3.65,50.70,184.00,100%
453.34,3.65,74.10,268.00,100%
453.37,3.66,65.40,240.00,100%
453.37,3.65,160.00,544.00,100%
453.40,3.66,74.50,242.00,100%
453.43,3.65,64.20,230.00,100%
453.46,3.66,65.40,266.00,100%
453.49,3.63,71.70,262.00,100%
453.52,3.65,138.90,502.00,100%
453.52,3.65,66.00,240.00,100%
453.55,3.65,70.40,256.00,100%
453.58,3.65,69.20,252.00,100%
453.61,3.66,65.60,246.00,100%
453.61,3.65,147.80,530.00,100%
453.64,3.65,71.30,246.00,100%
453.67,3.65,68.40,236.00,100%
453.70,3.66,69.50,252.00,100%
453.76,3.63,73.10,266.00,100%
453.76,3.65,144.70,524.00,100%
453.76,3.65,62.90,230.00,100%
453.82,3.66,71.90,262.00,100%
453.82,3.65,72.70,236.00,100%
453.85,3.65,62.80,230.00,100%
453.88,3.66,124.40,540.00,100%
453.88,3.65,76.90,258.00,100%
453.91,3.65,72.00,262.00,100%
453.94,3.65,73.00,266.00,100%
453.97,3.65,72.90,266.00,100%
454.03,3.65,152.70,554.00,100%
454.03,3.65,63.90,232.00,100%
454.03,3.65,70.10,276.00,100%
454.06,3.65,75.10,246.00,100%
454.09,3.64,68.60,236.00,100%
454.12,3.65,100.20,530.00,100%
454.12,3.65,72.80,266.00,100%
454.15,3.65,63.70,232.00,100%
454.18,3.65,65.30,240.00,100%
454.21,3.64,71.20,258.00,100%
454.24,3.66,159.70,576.00,100%
454.24,3.65,65.00,242.00,100%
454.27,3.65,67.80,266.00,100%
454.30,3.65,72.10,250.00,100%
454.33,3.66,69.30,236.00,100%
454.36,3.65,144.40,524.00,100%
454.36,3.65,72.40,266.00,100%
454.39,3.65,66.40,242.00,100%
454.42,3.65,63.60,232.00,100%
454.45,3.66,72.30,262.00,100%
454.48,3.66,154.20,504.00,100%
454.48,3.65,72.70,176.00,100%
454.51,3.65,71.20,292.00,100%
454.54,3.65,73.20,258.00,100%
454.57,3.66,62.80,230.00,100%
454.60,3.65,147.00,530.00,100%
454.60,3.66,74.00,268.00,100%
454.63,3.65,64.60,236.00,100%
454.66,3.65,64.80,236.00,100%
454.69,3.66,72.40,262.00,100%
454.72,3.65,137.90,502.00,100%
454.72,3.65,64.40,242.00,100%
454.75,3.66,68.60,262.00,100%
454.78,3.65,68.00,250.00,100%
454.81,3.65,64.60,236.00,100%
454.84,3.66,151.40,548.00,100%
454.84,3.65,73.00,266.00,100%
454.87,3.65,66.00,240.00,100%
454.90,3.65,65.70,266.00,100%
454.93,3.64,71.50,262.00,100%
454.96,3.65,114.60,512.00,100%
454.96,3.65,65.40,240.00,100%
454.99,3.65,71.80,262.00,100%
455.02,3.65,68.20,250.00,100%
455.05,3.64,62.80,230.00,100%
455.08,3.65,138.70,502.00,100%
455.08,3.65,83.00,302.00,100%
455.11,3.65,68.60,266.00,100%
455.14,3.66,63.90,252.00,100%
455.17,3.66,72.30,272.00,100%
455.20,3.65,94.80,512.00,100%
455.20,3.65,64.50,236.00,100%
455.23,3.66,71.50,262.00,100%
455.26,3.65,71.70,262.00,100%
455.29,3.63,64.50,236.00,100%
455.32,3.65,153.70,558.00,100%
455.32,3.65,73.70,256.00,100%
455.35,3.65,68.40,230.00,100%
455.38,3.66,64.80,250.00,100%
455.41,3.66,72.60,266.00,100%
455.44,3.65,141.80,514.00,100%
455.47,3.65,62.60,230.00,100%
455.47,3.65,71.10,258.00,100%
455.50,3.66,72.60,266.00,100%
455.53,3.65,66.00,236.00,100%
455.53,3.65,142.00,538.00,100%
455.56,3.65,72.50,258.00,100%
455.59,3.65,71.20,240.00,100%
455.62,3.66,63.50,242.00,100%
455.65,3.60,67.50,246.00,100%
455.68,3.65,156.80,566.00,100%
455.68,3.65,67.90,250.00,100%
455.71,3.65,68.20,250.00,100%
455.74,3.65,75.10,276.00,100%
455.77,3.66,66.20,232.00,100%
455.80,3.65,115.10,522.00,100%
455.80,3.65,72.50,272.00,100%
455.83,3.65,74.90,240.00,100%
455.86,3.65,63.40,232.00,100%
455.89,3.65,72.40,266.00,100%
455.92,3.65,157.40,570.00,100%
455.92,3.65,64.30,236.00,100%
455.95,3.66,66.20,242.00,100%
455.98,3.65,74.10,258.00,100%
456.01,3.66,69.30,232.00,100%
456.04,3.65,91.80,522.00,100%
456.04,3.66,69.90,266.00,100%
456.07,3.65,66.60,242.00,100%
456.10,3.65,63.00,230.00,100%
456.13,3.64,70.10,256.00,100%
456.13,3.66,162.20,586.00,100%
456.16,3.65,65.70,240.00,100%
456.19,3.65,66.30,268.00,100%
456.22,3.65,51.60,256.00,100%
456.28,3.61,84.90,200.00,100%
456.28,3.65,77.20,540.00,100%
456.28,3.65,71.20,258.00,100%
456.31,3.65,68.00,250.00,100%
456.34,3.65,63.90,232.00,100%
456.37,3.62,69.20,252.00,100%
456.40,3.65,154.20,512.00,100%
456.40,3.66,67.90,236.00,100%
456.43,3.65,63.00,252.00,100%
456.46,3.65,73.70,266.00,100%
456.49,3.66,64.50,236.00,100%
456.52,3.65,142.70,518.00,100%
456.52,3.65,71.20,258.00,100%
456.55,3.65,69.00,252.00,100%
456.58,3.65,64.30,236.00,100%
456.64,3.66,69.90,266.00,100%
456.64,3.65,134.10,518.00,100%
456.64,3.66,65.60,226.00,100%
456.67,3.65,64.80,258.00,100%
456.70,3.65,73.50,268.00,100%
456.76,3.65,64.30,236.00,100%
456.76,3.65,149.90,540.00,100%
456.76,3.66,70.40,256.00,100%
456.79,3.65,69.80,256.00,100%
456.82,3.65,72.70,266.00,100%
456.85,3.66,71.90,292.00,100%
456.88,3.65,103.80,534.00,100%
456.88,3.65,68.20,236.00,100%
456.91,3.65,65.80,252.00,100%
456.94,3.65,73.10,266.00,100%
456.97,3.62,65.90,240.00,100%
457.00,3.65,152.80,554.00,100%
457.00,3.66,71.50,262.00,100%
457.03,3.65,72.90,266.00,100%
457.06,3.65,66.40,240.00,100%
457.09,3.63,70.00,262.00,100%
457.15,3.65,86.60,530.00,100%
457.15,3.65,72.10,236.00,100%
457.15,3.66,64.20,232.00,100%
457.18,3.65,72.30,262.00,100%
457.21,3.64,69.30,252.00,100%
457.24,3.65,148.00,538.00,100%
457.24,3.65,68.10,250.00,100%
457.27,3.65,73.50,252.00,100%
457.30,3.65,66.80,230.00,100%
457.33,3.66,65.60,252.00,100%
457.36,3.66,150.40,544.00,100%
457.36,3.65,65.70,240.00,100%
457.39,3.65,52.40,190.00,100%
457.42,3.65,77.10,282.00,100%
457.45,3.66,73.50,268.00,100%
457.51,3.66,134.00,504.00,100%
457.51,3.65,65.10,266.00,100%
457.51,3.65,71.90,258.00,100%
457.54,3.65,71.90,236.00,100%
457.57,3.66,64.50,236.00,100%
457.60,3.65,153.50,554.00,100%
457.60,3.65,71.10,258.00,100%
457.63,3.65,63.30,230.00,100%
457.66,3.65,66.90,242.00,100%
457.69,3.65,71.80,250.00,100%
457.72,3.65,108.60,498.00,100%
457.72,3.65,63.40,246.00,100%
457.75,3.65,69.90,272.00,100%
457.78,3.65,67.50,246.00,100%
457.81,3.65,63.30,230.00,100%
457.81,3.65,158.80,574.00,100%
457.84,3.65,72.70,266.00,100%
457.87,3.66,65.80,240.00,100%
457.90,3.65,65.00,258.00,100%
457.93,3.66,70.60,258.00,100%
457.96,3.66,90.60,512.00,100%
457.96,3.65,73.50,186.00,100%
457.99,3.65,81.00,294.00,100%
458.02,3.65,73.10,266.00,100%
458.05,3.64,64.10,232.00,100%
458.08,3.66,151.10,548.00,100%
458.08,3.65,71.80,262.00,100%
458.11,3.65,70.60,236.00,100%
458.14,3.65,64.30,242.00,100%
458.17,3.66,68.90,266.00,100%
458.20,3.65,81.30,524.00,100%
458.20,3.65,63.90,232.00,100%
458.23,3.65,68.00,250.00,100%
458.26,3.65,74.70,272.00,100%
458.29,3.63,66.40,242.00,100%
458.29,3.65,136.50,494.00,100%
458.32,3.65,73.40,268.00,100%
458.35,3.65,71.90,236.00,100%
458.38,3.65,65.10,236.00,100%
458.41,3.66,67.20,258.00,100%
458.44,3.65,151.10,548.00,100%
458.44,3.65,63.10,230.00,100%
458.47,3.65,66.60,242.00,100%
458.50,3.66,71.90,262.00,100%
458.53,3.67,68.10,250.00,100%
458.53,3.65,122.30,524.00,100%
458.56,3.65,77.70,298.00,100%
458.59,3.65,74.70,272.00,100%
458.62,3.65,66.80,236.00,100%
458.65,3.65,70.80,258.00,100%
458.68,3.65,158.90,576.00,100%
458.68,3.65,64.90,236.00,100%
458.71,3.65,65.00,236.00,100%
458.74,3.65,72.00,262.00,100%
458.77,3.66,69.10,236.00,100%
458.80,3.65,86.20,512.00,100%
458.80,3.66,69.60,266.00,100%
458.83,3.65,75.30,246.00,100%
458.89,3.65,63.40,232.00,100%
458.89,3.66,69.90,256.00,100%
458.89,3.65,159.70,576.00,100%
458.92,3.65,65.10,236.00,100%
458.95,3.65,64.90,236.00,100%
458.98,3.65,74.10,266.00,100%
459.01,3.66,70.30,236.00,100%
459.04,3.65,73.80,514.00,100%
459.04,3.65,68.40,262.00,100%
459.07,3.65,67.90,250.00,100%
459.10,3.65,63.10,230.00,100%
459.13,3.63,47.30,174.00,100%
459.16,3.66,161.60,584.00,100%
459.16,3.65,66.90,242.00,100%
459.19,3.65,65.70,262.00,100%
459.22,3.65,70.40,262.00,100%
459.25,3.66,73.90,242.00,100%
459.28,3.65,144.70,524.00,100%
459.28,3.65,71.90,262.00,100%
459.31,3.65,70.80,258.00,100%
459.34,3.65,64.70,236.00,100%
459.37,3.65,65.40,240.00,100%
459.40,3.65,127.70,530.00,100%
459.40,3.65,71.80,240.00,100%
459.43,3.65,62.90,232.00,100%
459.46,3.65,68.00,266.00,100%
459.49,3.60,68.20,250.00,100%
459.52,3.65,149.20,540.00,100%
459.55,3.65,67.20,246.00,100%
459.58,3.65,72.20,262.00,100%
459.58,3.65,62.90,230.00,100%
459.61,3.63,68.20,250.00,100%
459.64,3.63,150.00,522.00,100%
459.64,3.66,68.80,236.00,100%
459.67,3.65,62.80,250.00,100%
459.70,3.66,70.10,272.00,100%
459.73,3.65,67.30,246.00,100%
459.76,3.65,146.30,530.00,100%
459.76,3.65,76.70,278.00,100%
459.79,3.65,72.70,266.00,100%
459.82,3.65,66.00,240.00,100%
459.85,3.65,64.70,258.00,100%
459.91,3.62,146.60,534.00,100%
459.91,3.65,71.40,236.00,100%
459.94,3.65,65.80,236.00,100%
459.94,3.65,73.30,268.00,100%
459.97,3.66,69.60,252.00,100%
460.00,3.65,140.60,508.00,100%
460.00,3.65,64.80,236.00,100%
460.03,3.65,72.40,266.00,100%
460.06,3.66,70.20,236.00,100%
460.09,3.66,64.60,246.00,100%
460.12,3.63,146.70,540.00,100%
460.12,3.65,73.30,252.00,100%
460.15,3.65,64.20,232.00,100%
460.18,3.65,66.30,242.00,100%
460.21,3.66,73.90,268.00,100%
460.24,3.65,143.10,518.00,100%
460.27,3.65,63.90,232.00,100%
460.30,3.65,69.20,266.00,100%
460.30,3.65,51.40,250.00,100%
460.33,3.66,75.50,168.00,100%
460.36,3.63,150.20,548.00,100%
460.36,3.65,72.70,266.00,100%
460.39,3.65,67.50,246.00,100%
460.42,3.65,64.90,236.00,100%
460.45,3.66,66.00,240.00,100%
460.48,3.62,147.50,534.00,100%
460.48,3.65,71.30,236.00,100%
460.51,3.65,64.70,240.00,100%
460.54,3.65,65.70,262.00,100%
460.57,3.66,72.50,262.00,100%
460.63,3.64,139.50,504.00,100%
460.63,3.65,63.50,232.00,100%
460.63,3.66,73.00,266.00,100%
460.66,3.65,71.30,258.00,100%
460.72,3.64,65.30,240.00,100%
460.72,3.62,141.00,538.00,100%
460.72,3.65,72.30,266.00,100%
460.75,3.65,73.30,240.00,100%
460.78,3.65,66.70,236.00,100%
460.81,3.65,71.50,262.00,100%
460.84,3.65,148.50,538.00,100%
460.84,3.66,66.20,242.00,100%
460.87,3.66,63.30,230.00,100%
460.90,3.66,79.30,288.00,100%
460.93,3.65,82.00,272.00,100%
460.96,3.62,140.10,522.00,100%
460.96,3.66,64.40,262.00,100%
460.99,3.65,72.70,268.00,100%
461.02,3.65,65.80,240.00,100%
461.05,3.66,62.80,230.00,100%
461.11,3.65,145.80,528.00,100%
461.11,3.66,72.20,262.00,100%
461.14,3.65,65.40,240.00,100%
461.14,3.65,66.00,266.00,100%
461.17,3.65,71.20,262.00,100%
461.20,3.63,154.70,512.00,100%
461.20,3.65,66.20,236.00,100%
461.23,3.66,72.70,266.00,100%
461.26,3.65,70.40,256.00,100%
461.29,3.65,65.10,236.00,100%
461.35,3.65,140.10,508.00,100%
461.35,3.66,71.00,258.00,100%
461.35,3.65,72.50,240.00,100%
461.38,3.65,64.00,236.00,100%
461.41,3.66,67.30,266.00,100%
461.44,3.64,160.80,524.00,100%
461.44,3.65,64.10,232.00,100%
461.47,3.65,42.10,154.00,100%
461.50,3.65,80.30,292.00,100%
461.53,3.64,69.00,252.00,100%
461.56,3.62,139.20,504.00,100%
461.56,3.66,69.10,266.00,100%
461.59,3.65,71.70,246.00,100%
461.62,3.66,69.50,236.00,100%
461.65,3.66,66.20,246.00,100%
461.68,3.65,146.40,530.00,100%
461.68,3.65,68.00,250.00,100%
461.71,3.65,64.40,236.00,100%
461.74,3.66,66.80,242.00,100%
461.77,3.66,72.70,266.00,100%
461.80,3.62,145.90,512.00,100%
461.80,3.65,63.70,240.00,100%
461.83,3.65,67.50,266.00,100%
461.86,3.65,73.60,256.00,100%
461.89,3.65,63.70,232.00,100%
461.92,3.65,141.30,512.00,100%
461.92,3.65,72.10,262.00,100%
461.95,3.65,69.50,252.00,100%
461.98,3.65,64.40,236.00,100%
462.01,3.65,67.70,266.00,100%
462.04,3.64,150.00,522.00,100%
462.04,3.65,79.00,236.00,100%
462.07,3.65,73.80,268.00,100%
462.10,3.65,78.40,286.00,100%
462.13,3.66,70.00,256.00,100%
462.16,3.65,139.50,504.00,100%
462.16,3.65,65.00,236.00,100%
462.19,3.65,73.70,268.00,100%
462.22,3.65,73.70,242.00,100%
462.25,3.65,64.30,230.00,100%
462.28,3.64,149.40,534.00,100%
462.28,3.65,74.00,266.00,100%
462.31,3.65,64.70,236.00,100%
462.34,3.65,62.90,230.00,100%
462.37,3.66,71.50,262.00,100%
462.40,3.65,148.80,538.00,100%
462.40,3.65,66.30,242.00,100%
462.43,3.65,66.10,262.00,100%
462.46,3.66,70.40,262.00,100%
462.49,3.65,74.80,246.00,100%
462.52,3.65,157.80,508.00,100%
462.52,3.65,69.70,256.00,100%
462.55,3.65,73.60,268.00,100%
462.58,3.65,66.40,242.00,100%
462.61,3.66,64.00,232.00,100%
462.64,3.62,132.70,482.00,100%
462.64,3.65,84.00,160.00,100%
462.67,3.65,69.10,256.00,100%
462.70,3.65,65.10,262.00,100%
462.73,3.65,71.20,268.00,100%
462.76,3.65,141.40,512.00,100%
462.76,3.65,63.20,230.00,100%
462.79,3.65,68.90,252.00,100%
462.82,3.66,75.00,272.00,100%
462.85,3.67,67.70,246.00,100%
462.88,3.64,140.50,530.00,100%
462.88,3.65,68.00,268.00,100%
462.91,3.65,76.10,252.00,100%
462.94,3.65,69.20,236.00,100%
462.97,3.65,67.70,246.00,100%
463.00,3.63,149.90,540.00,100%
463.00,3.65,67.40,246.00,100%
463.03,3.65,63.90,232.00,100%
463.06,3.65,69.00,252.00,100%
463.09,3.65,75.90,250.00,100%
463.12,3.63,141.60,508.00,100%
463.12,3.66,64.90,252.00,100%
463.15,3.65,70.80,266.00,100%
463.18,3.65,66.50,242.00,100%
463.21,3.66,63.30,230.00,100%
463.24,3.63,124.30,448.00,100%
463.24,3.65,82.00,298.00,100%
463.27,3.65,67.50,246.00,100%
463.30,3.65,65.70,256.00,100%
463.33,3.65,69.00,266.00,100%
463.36,3.63,151.00,528.00,100%
463.36,3.65,68.60,236.00,100%
463.39,3.65,68.80,252.00,100%
463.42,3.65,73.80,268.00,100%
463.45,3.66,66.90,242.00,100%
463.48,3.64,138.60,502.00,100%
463.51,3.65,69.80,256.00,100%
463.51,3.65,76.80,250.00,100%
463.54,3.66,66.20,226.00,100%
463.57,3.65,65.10,252.00,100%
463.60,3.62,145.90,538.00,100%
463.60,3.65,67.30,246.00,100%
463.63,3.65,63.30,230.00,100%
463.66,3.65,67.00,246.00,100%
463.69,3.66,72.40,266.00,100%
463.75,3.62,145.50,528.00,100%
463.75,3.65,66.10,246.00,100%
463.75,3.66,64.70,252.00,100%
463.78,3.66,72.60,262.00,100%
463.81,3.65,80.30,236.00,100%
463.84,3.62,146.80,530.00,100%
463.87,3.66,77.00,282.00,100%
463.87,3.65,70.90,258.00,100%
463.90,3.65,64.40,236.00,100%
463.93,3.67,65.00,236.00,100%
463.96,3.63,147.30,544.00,100%
463.96,3.65,70.20,232.00,100%
463.99,3.65,66.00,240.00,100%
464.02,3.65,67.00,258.00,100%
464.05,3.66,70.60,258.00,100%
464.08,3.63,140.90,512.00,100%
464.08,3.65,64.60,236.00,100%
464.11,3.66,72.00,262.00,100%
464.14,3.65,72.00,262.00,100%
464.17,3.66,66.70,240.00,100%
464.20,3.63,139.30,544.00,100%
464.20,3.65,74.20,266.00,100%
464.23,3.65,73.60,240.00,100%
464.26,3.65,63.70,232.00,100%
464.29,3.66,72.50,266.00,100%
464.32,3.64,145.80,528.00,100%
464.32,3.65,64.90,236.00,100%
464.35,3.66,65.10,236.00,100%
464.38,3.65,53.20,266.00,100%
464.44,3.65,77.80,154.00,100%
464.44,3.63,140.60,540.00,100%
464.44,3.65,67.20,268.00,100%
464.47,3.65,69.90,256.00,100%
464.50,3.65,63.90,232.00,100%
464.53,3.66,65.30,240.00,100%
464.56,3.65,146.20,528.00,100%
464.56,3.65,71.20,258.00,100%
464.59,3.65,66.00,242.00,100%
464.62,3.65,64.50,252.00,100%
464.65,3.65,72.50,262.00,100%
464.68,3.63,140.60,508.00,100%
464.68,3.65,67.30,258.00,100%
464.71,3.65,69.50,252.00,100%
464.74,3.65,64.80,236.00,100%
464.77,3.65,64.50,236.00,100%
464.80,3.63,150.00,544.00,100%
464.80,3.65,70.70,258.00,100%
464.86,3.65,65.50,242.00,100%
464.86,3.65,65.70,256.00,100%
464.89,3.65,73.10,256.00,100%
464.92,3.63,140.60,508.00,100%
464.92,3.65,65.30,240.00,100%
464.95,3.66,72.50,266.00,100%
464.98,3.65,67.90,250.00,100%
465.01,3.65,71.90,262.00,100%
465.05,3.63,153.70,564.00,100%
465.05,3.65,73.50,276.00,100%
465.07,3.65,67.40,230.00,100%
465.10,3.65,64.70,250.00,100%
465.13,3.65,70.30,266.00,100%
465.16,3.63,141.70,514.00,100%
465.16,3.65,64.30,236.00,100%
465.19,3.66,68.20,250.00,100%
465.22,3.65,75.00,272.00,100%
465.25,3.65,67.40,246.00,100%
465.28,3.63,143.10,528.00,100%
465.28,3.65,69.10,268.00,100%
465.31,3.65,74.80,242.00,100%
465.34,3.65,67.80,232.00,100%
465.37,3.65,69.70,256.00,100%
465.40,3.63,150.90,548.00,100%
465.40,3.65,64.70,236.00,100%
465.43,3.65,64.40,236.00,100%
465.46,3.65,72.80,266.00,100%
465.52,3.65,73.30,242.00,100%
465.58,3.63,139.60,502.00,100%
465.58,3.65,65.50,266.00,100%
465.58,3.65,49.20,262.00,100%
465.58,3.65,39.00,140.00,100%
465.61,3.63,74.10,268.00,100%
465.64,3.63,148.90,538.00,100%
465.64,3.66,70.30,256.00,100%
465.67,3.65,64.70,236.00,100%
465.70,3.65,67.90,266.00,100%
465.73,3.65,71.00,250.00,100%
465.76,3.63,144.90,504.00,100%
465.76,3.65,66.00,246.00,100%
465.79,3.65,70.90,258.00,100%
465.85,3.65,68.80,252.00,100%
465.85,3.65,63.30,230.00,100%
465.88,3.64,147.30,534.00,100%
465.88,3.65,75.60,276.00,100%
465.94,3.65,68.50,236.00,100%
465.94,3.65,63.10,250.00,100%
465.97,3.65,71.00,272.00,100%
466.00,3.63,150.50,512.00,100%
466.00,3.65,62.30,226.00,100%
466.03,3.65,71.50,262.00,100%
466.06,3.65,71.90,262.00,100%
466.09,3.65,65.30,240.00,100%
466.15,3.63,142.90,518.00,100%
466.15,3.66,73.10,266.00,100%
466.15,3.65,70.60,230.00,100%
466.18,3.65,73.10,266.00,100%
466.21,3.65,67.30,288.00,100%
466.24,3.63,144.50,524.00,100%
466.24,3.65,64.50,236.00,100%
466.27,3.65,65.50,240.00,100%
466.30,3.66,72.00,262.00,100%
466.33,3.65,69.50,252.00,100%
466.36,3.63,141.90,518.00,100%
466.36,3.65,66.50,258.00,100%
466.39,3.65,73.10,252.00,100%
466.42,3.65,70.00,232.00,100%
466.45,3.65,66.10,242.00,100%
466.48,3.64,150.20,544.00,100%
466.48,3.65,67.70,246.00,100%
466.51,3.65,64.00,232.00,100%
466.54,3.65,68.20,250.00,100%
466.57,3.65,74.90,252.00,100%
466.60,3.63,142.30,498.00,100%
466.60,3.66,64.70,250.00,100%
466.63,3.65,70.00,266.00,100%
466.66,3.65,66.80,242.00,100%
466.69,3.65,64.30,236.00,100%
466.72,3.64,145.80,528.00,100%
466.72,3.65,73.30,268.00,100%
466.75,3.65,76.00,278.00,100%
466.78,3.65,71.30,282.00,100%
466.81,3.65,67.60,282.00,100%
466.84,3.63,150.70,522.00,100%
466.84,3.65,69.20,232.00,100%
466.87,3.65,67.70,246.00,100%
466.90,3.65,74.60,272.00,100%
466.96,3.65,66.50,242.00,100%
466.96,3.63,142.00,514.00,100%
466.96,3.65,70.50,256.00,100%
467.02,3.65,76.10,250.00,100%
467.02,3.65,65.30,226.00,100%
467.05,3.65,65.00,258.00,100%
467.08,3.63,147.70,544.00,100%
467.08,3.65,65.10,236.00,100%
467.11,3.65,63.70,232.00,100%
467.14,3.65,70.40,256.00,100%
467.17,3.66,73.90,268.00,100%
467.20,3.63,143.80,522.00,100%
467.20,3.65,65.90,262.00,100%
467.23,3.65,70.20,262.00,100%
467.26,3.65,74.40,242.00,100%
467.29,3.65,67.80,236.00,100%
467.32,3.63,145.00,524.00,100%
467.32,3.65,51.80,190.00,100%
467.35,3.65,74.50,272.00,100%
467.38,3.65,64.10,232.00,100%
467.41,3.65,70.00,256.00,100%
467.44,3.63,151.40,524.00,100%
467.44,3.65,66.80,226.00,100%
467.47,3.66,65.40,250.00,100%
467.50,3.65,69.20,266.00,100%
467.53,3.65,68.70,250.00,100%
467.59,3.63,141.80,512.00,100%
467.59,3.65,65.10,236.00,100%
467.59,3.66,73.00,266.00,100%
467.62,3.65,72.40,266.00,100%
467.65,3.65,67.30,240.00,100%
467.68,3.63,138.70,524.00,100%
467.68,3.65,72.50,272.00,100%
467.71,3.65,76.10,246.00,100%
467.74,3.65,62.80,230.00,100%
467.77,3.66,68.40,250.00,100%
467.80,3.63,152.20,550.00,100%
467.80,3.65,68.20,250.00,100%
467.83,3.65,64.40,236.00,100%
467.86,3.65,68.60,266.00,100%
467.89,3.66,70.80,250.00,100%
467.92,3.63,155.50,512.00,100%
467.92,3.65,74.30,268.00,100%
467.95,3.65,80.40,292.00,100%
467.98,3.65,71.10,258.00,100%
468.01,3.65,65.50,240.00,100%
468.04,3.63,142.10,514.00,100%
468.04,3.65,71.50,262.00,100%
468.07,3.65,75.60,246.00,100%
468.10,3.66,65.90,230.00,100%
468.13,3.65,65.00,256.00,100%
468.16,3.64,146.20,548.00,100%
468.16,3.65,67.60,246.00,100%
468.19,3.65,63.30,230.00,100%
468.22,3.65,67.10,246.00,100%
468.25,3.65,72.10,262.00,100%
468.28,3.63,148.50,538.00,100%
468.28,3.65,66.50,242.00,100%
468.31,3.65,64.40,262.00,100%
468.34,3.65,73.80,266.00,100%
468.37,3.65,73.90,240.00,100%
468.40,3.64,139.90,508.00,100%
468.40,3.65,69.40,252.00,100%
468.43,3.66,74.40,272.00,100%
468.46,3.66,66.50,242.00,100%
468.49,3.66,54.40,200.00,100%
468.52,3.63,153.70,498.00,100%
468.52,3.65,78.30,276.00,100%
468.55,3.65,69.30,246.00,100%
468.58,3.65,65.50,246.00,100%
468.61,3.65,72.10,262.00,100%
468.64,3.63,140.60,508.00,100%
468.64,3.65,64.70,236.00,100%
468.67,3.65,65.50,240.00,100%
468.70,3.65,71.30,258.00,100%
468.73,3.65,72.40,240.00,100%
468.76,3.63,140.10,508.00,100%
468.76,3.65,65.90,258.00,100%
468.79,3.65,72.30,258.00,100%
468.82,3.65,64.90,236.00,100%
468.85,3.65,64.00,232.00,100%
468.88,3.63,148.30,538.00,100%
468.88,3.65,70.50,256.00,100%
468.91,3.65,64.50,236.00,100%
468.94,3.65,67.50,262.00,100%
468.97,3.65,71.70,256.00,100%
469.00,3.63,145.60,508.00,100%
469.00,3.65,64.90,242.00,100%
469.06,3.65,71.90,262.00,100%
469.06,3.65,68.10,250.00,100%
469.09,3.65,50.30,184.00,100%
469.12,3.64,146.90,530.00,100%
469.12,3.65,73.30,268.00,100%
469.15,3.66,69.70,236.00,100%
469.18,3.65,64.40,246.00,100%
469.21,3.65,68.90,272.00,100%
469.24,3.63,150.60,518.00,100%
469.24,3.65,63.90,232.00,100%
469.27,3.65,68.80,252.00,100%
469.30,3.65,74.90,272.00,100%
469.33,3.65,65.30,240.00,100%
469.36,3.63,138.70,502.00,100%
469.36,3.65,73.20,268.00,100%
469.39,3.65,73.00,240.00,100%
469.42,3.65,64.90,232.00,100%
469.45,3.65,65.50,266.00,100%
469.48,3.63,147.70,534.00,100%
469.48,3.65,63.10,230.00,100%
469.51,3.65,66.30,242.00,100%
469.54,3.66,70.90,258.00,100%
469.57,3.65,69.00,252.00,100%
469.60,3.63,142.60,780.00,100%
469.60,3.65,74.20,252.00,100%
469.63,3.65,67.60,230.00,100%
469.66,3.66,63.40,252.00,100%
469.69,3.65,79.40,242.00,100%
469.72,3.63,144.60,522.00,100%
469.72,3.65,66.80,242.00,100%
469.75,3.66,72.10,262.00,100%
469.78,3.65,71.70,262.00,100%
469.81,3.65,65.00,236.00,100%
469.84,3.63,141.60,692.00,100%
469.84,3.65,71.70,258.00,100%
469.87,3.65,70.60,236.00,100%
469.90,3.65,65.10,242.00,100%
469.93,3.65,71.90,262.00,100%
469.96,3.63,141.80,512.00,100%
469.96,3.65,64.50,236.00,100%
469.99,3.65,67.70,246.00,100%
470.02,3.65,75.20,276.00,100%
470.05,3.65,68.00,236.00,100%
470.08,3.63,139.70,580.00,100%
470.08,3.65,71.40,268.00,100%
470.11,3.65,73.70,240.00,100%
470.14,3.65,64.10,232.00,100%
470.17,3.65,71.20,258.00,100%
470.20,3.63,148.00,534.00,100%
470.20,3.65,63.90,232.00,100%
470.23,3.65,64.90,236.00,100%
470.26,3.65,51.80,262.00,100%
470.32,3.65,79.50,194.00,100%
470.32,3.63,140.30,518.00,100%
470.32,3.65,66.40,258.00,100%
470.35,3.65,70.80,258.00,100%
470.38,3.65,63.00,230.00,100%
470.41,3.66,66.80,242.00,100%
470.44,3.64,145.70,528.00,100%
470.44,3.65,69.50,252.00,100%
470.47,3.65,65.10,242.00,100%
470.50,3.65,68.20,266.00,100%
470.53,3.65,71.50,250.00,100%
470.56,3.63,147.40,476.00,100%
470.56,3.65,68.00,250.00,100%
470.59,3.65,70.80,258.00,100%
470.62,3.65,67.90,250.00,100%
470.65,3.66,63.00,230.00,100%
470.68,3.64,144.50,524.00,100%
470.68,3.65,74.50,272.00,100%
470.71,3.65,66.90,236.00,100%
470.74,3.65,63.30,256.00,100%
470.77,3.65,73.40,266.00,100%
470.80,3.63,136.00,488.00,100%
470.80,3.66,63.20,230.00,100%
470.83,3.65,71.10,258.00,100%
470.86,3.65,77.70,286.00,100%
470.89,3.65,69.80,256.00,100%
470.92,3.63,142.70,756.00,100%
470.92,3.65,73.90,256.00,100%
470.95,3.65,66.90,226.00,100%
470.98,3.65,64.80,250.00,100%
471.01,3.65,71.00,276.00,100%
471.04,3.63,137.50,494.00,100%
471.04,3.65,63.90,232.00,100%
471.07,3.65,70.10,256.00,100%
471.10,3.65,73.80,268.00,100%
471.13,3.65,66.00,240.00,100%
471.16,3.63,141.10,630.00,100%
471.16,3.65,71.30,258.00,100%
471.19,3.65,72.60,240.00,100%
471.22,3.65,66.70,236.00,100%
471.25,3.65,70.40,256.00,100%
471.28,3.63,146.20,528.00,100%
471.28,3.65,64.20,232.00,100%
471.31,3.66,66.40,242.00,100%
471.34,3.65,72.40,266.00,100%
471.37,3.65,70.30,240.00,100%
471.40,3.63,138.50,534.00,100%
471.40,3.65,47.40,266.00,100%
471.43,3.65,84.90,170.00,100%
471.46,3.65,70.80,258.00,100%
471.49,3.65,68.40,250.00,100%
471.52,3.64,149.20,540.00,100%
471.52,3.65,66.70,242.00,100%
471.55,3.65,64.30,236.00,100%
471.58,3.65,72.80,276.00,100%
471.61,3.65,72.80,236.00,100%
471.64,3.63,145.10,466.00,100%
471.64,3.65,65.90,258.00,100%
471.67,3.65,73.10,266.00,100%
471.73,3.65,64.80,236.00,100%
471.73,3.65,64.40,236.00,100%
471.76,3.63,146.00,528.00,100%
471.76,3.65,73.90,268.00,100%
471.79,3.65,68.10,240.00,100%
471.82,3.65,63.60,252.00,100%
471.85,3.65,71.30,276.00,100%
471.88,3.63,153.60,494.00,100%
471.88,3.65,63.80,232.00,100%
471.91,3.65,67.40,246.00,100%
471.94,3.65,72.70,266.00,100%
471.97,3.66,67.70,246.00,100%
472.00,3.64,139.80,508.00,100%
472.00,3.66,76.40,262.00,100%
472.03,3.65,79.50,282.00,100%
472.06,3.65,70.00,256.00,100%
472.09,3.65,65.40,242.00,100%
472.12,3.63,142.10,512.00,100%
472.12,3.65,68.80,252.00,100%
472.15,3.65,64.90,236.00,100%
472.18,3.66,64.80,236.00,100%
472.21,3.65,72.00,262.00,100%
472.24,3.63,146.70,646.00,100%
472.24,3.65,64.90,240.00,100%
472.27,3.65,66.10,258.00,100%
472.30,3.65,72.50,258.00,100%
472.33,3.65,64.80,236.00,100%
472.36,3.63,139.20,502.00,100%
472.36,3.66,72.10,262.00,100%
472.39,3.65,70.40,256.00,100%
472.45,3.65,64.80,236.00,100%
472.45,3.65,65.30,262.00,100%
472.48,3.63,147.50,586.00,100%
472.48,3.65,72.50,236.00,100%
472.51,3.65,66.70,236.00,100%
472.54,3.65,65.80,256.00,100%
472.57,3.65,73.60,268.00,100%
472.60,3.63,121.80,442.00,100%
472.60,3.65,70.80,258.00,100%
472.63,3.66,66.80,242.00,100%
472.66,3.65,72.60,266.00,100%
472.69,3.65,72.10,240.00,100%
472.72,3.63,141.50,482.00,100%
472.72,3.65,65.40,266.00,100%
472.75,3.65,73.60,268.00,100%
472.78,3.65,65.00,236.00,100%
472.81,3.65,64.10,232.00,100%
472.84,3.63,143.60,522.00,100%
472.84,3.66,72.60,266.00,100%
472.87,3.65,69.40,252.00,100%
472.90,3.65,66.20,246.00,100%
472.93,3.65,64.90,256.00,100%
472.96,3.63,150.40,504.00,100%
472.96,3.65,73.10,236.00,100%
472.99,3.65,63.60,232.00,100%
473.02,3.65,71.10,258.00,100%
473.05,3.65,72.00,262.00,100%
473.08,3.63,140.50,508.00,100%
473.08,3.65,64.90,236.00,100%
473.11,3.65,73.30,272.00,100%
473.14,3.66,72.50,236.00,100%
473.17,3.65,75.30,236.00,100%
473.20,3.63,151.90,538.00,100%
473.20,3.66,80.60,294.00,100%
473.23,3.65,66.00,240.00,100%
473.26,3.65,64.20,232.00,100%
473.29,3.66,69.10,252.00,100%
473.32,3.63,147.50,534.00,100%
473.32,3.66,69.80,236.00,100%
473.38,3.65,63.70,242.00,100%
473.38,3.65,68.70,266.00,100%
473.41,3.65,74.40,252.00,100%
473.44,3.63,135.20,488.00,100%
473.44,3.65,66.20,242.00,100%
473.47,3.65,72.90,266.00,100%
473.50,3.65,68.80,252.00,100%
473.53,3.65,64.00,232.00,100%
473.56,3.63,143.90,646.00,100%
473.56,3.65,72.40,250.00,100%
473.59,3.65,69.50,236.00,100%
473.62,3.65,65.10,246.00,100%
473.65,3.65,72.50,266.00,100%
473.68,3.63,143.60,518.00,100%
473.68,3.65,64.90,236.00,100%
473.71,3.66,65.10,236.00,100%
473.74,3.65,47.30,174.00,100%
473.77,3.65,78.90,154.00,100%
473.80,3.63,142.20,558.00,100%
473.80,3.65,65.60,258.00,100%
473.83,3.65,72.50,258.00,100%
473.86,3.65,64.80,236.00,100%
473.89,3.65,64.00,232.00,100%
473.92,3.63,148.20,538.00,100%
473.92,3.65,69.50,252.00,100%
473.95,3.65,64.80,236.00,100%
473.98,3.65,66.30,266.00,100%
474.01,3.65,72.30,262.00,100%
474.04,3.63,147.50,458.00,100%
474.04,3.65,65.30,240.00,100%
474.07,3.66,67.20,258.00,100%
474.10,3.65,69.70,256.00,100%
474.13,3.65,65.00,236.00,100%
474.16,3.63,140.00,508.00,100%
474.16,3.66,71.20,258.00,100%
474.19,3.65,71.20,258.00,100%
474.22,3.65,66.30,242.00,100%
474.25,3.65,64.80,252.00,100%
474.28,3.63,150.30,508.00,100%
474.28,3.66,72.30,236.00,100%
474.31,3.65,64.10,232.00,100%
474.34,3.65,79.00,288.00,100%
474.40,3.65,78.40,286.00,100%
474.40,3.63,140.10,508.00,100%
474.40,3.65,65.80,240.00,100%
474.43,3.65,75.10,266.00,100%
474.46,3.65,70.40,232.00,100%
474.52,3.65,66.60,240.00,100%
474.52,3.63,144.60,514.00,100%
474.52,3.65,72.10,262.00,100%
474.55,3.65,65.10,236.00,100%
474.64,3.65,64.10,232.00,100%
474.64,3.65,70.10,256.00,100%
474.64,3.63,151.30,548.00,100%
474.64,3.65,69.50,240.00,100%
474.67,3.65,63.80,242.00,100%
474.70,3.65,68.20,266.00,100%
474.73,3.65,73.80,256.00,100%
474.76,3.63,138.30,498.00,100%
474.76,3.65,64.20,232.00,100%
474.79,3.65,73.00,266.00,100%
474.82,3.65,71.60,262.00,100%
474.85,3.65,65.40,240.00,100%
474.88,3.63,141.50,620.00,100%
474.91,3.65,49.00,268.00,100%
474.91,3.65,82.60,154.00,100%
474.94,3.65,70.40,262.00,100%
474.97,3.65,69.60,252.00,100%
475.00,3.63,146.40,530.00,100%
475.00,3.65,70.40,256.00,100%
475.03,3.65,63.50,232.00,100%
475.06,3.65,65.00,236.00,100%
475.12,3.65,73.70,266.00,100%
475.12,3.63,151.90,508.00,100%
475.12,3.66,66.20,232.00,100%
475.15,3.65,65.10,252.00,100%
475.18,3.65,72.40,266.00,100%
475.21,3.65,69.00,252.00,100%
475.24,3.63,141.40,512.00,100%
475.24,3.65,63.70,232.00,100%
475.27,3.66,71.70,262.00,100%
475.30,3.65,74.90,272.00,100%
475.33,3.65,68.40,236.00,100%
475.36,3.63,138.80,472.00,100%
475.36,3.66,67.90,266.00,100%
475.39,3.65,70.80,258.00,100%
475.42,3.65,70.60,258.00,100%
475.45,3.65,65.10,236.00,100%
475.48,3.64,135.80,492.00,100%
475.48,3.65,78.90,288.00,100%
475.51,3.65,76.30,278.00,100%
475.54,3.65,67.60,230.00,100%
475.57,3.65,65.10,246.00,100%
475.60,3.63,142.60,530.00,100%
475.60,3.65,71.10,258.00,100%
475.63,3.65,64.00,232.00,100%
475.66,3.65,64.40,236.00,100%
475.69,3.65,70.30,256.00,100%
475.75,3.63,153.40,554.00,100%
475.75,3.65,69.60,236.00,100%
475.75,3.65,64.40,242.00,100%
475.78,3.65,67.40,266.00,100%
475.81,3.65,73.00,258.00,100%
475.84,3.63,135.20,488.00,100%
475.84,3.65,63.90,232.00,100%
475.87,3.65,73.70,268.00,100%
475.90,3.65,71.50,262.00,100%
475.93,3.65,66.00,240.00,100%
475.96,3.63,143.40,534.00,100%
475.96,3.65,72.00,272.00,100%
475.99,3.65,73.70,240.00,100%
476.02,3.66,66.80,236.00,100%
476.05,3.65,69.30,252.00,100%
476.08,3.63,156.90,570.00,100%
476.08,3.65,74.00,268.00,100%
476.11,3.65,63.00,230.00,100%
476.14,3.65,68.00,250.00,100%
476.17,3.65,73.30,268.00,100%
476.20,3.63,147.60,508.00,100%
476.20,3.65,62.80,236.00,100%
476.26,3.65,67.90,266.00,100%
476.26,3.65,73.80,256.00,100%
476.32,3.65,63.00,230.00,100%
476.32,3.63,142.40,514.00,100%
476.32,3.65,71.00,258.00,100%
476.35,3.65,71.40,258.00,100%
476.38,3.65,65.40,240.00,100%
476.41,3.65,66.50,268.00,100%
476.47,3.63,146.50,530.00,100%
476.47,3.65,74.10,242.00,100%
476.47,3.65,67.80,236.00,100%
476.50,3.65,69.70,256.00,100%
476.53,3.65,73.60,268.00,100%
476.56,3.64,145.00,524.00,100%
476.56,3.65,63.90,232.00,100%
476.59,3.65,68.30,250.00,100%
476.62,3.65,52.10,256.00,100%
476.65,3.65,76.90,154.00,100%
476.68,3.63,141.50,544.00,100%
476.68,3.65,66.90,262.00,100%
476.71,3.65,71.90,262.00,100%
476.74,3.65,64.20,232.00,100%
476.77,3.65,64.60,236.00,100%
476.80,3.64,148.30,538.00,100%
476.80,3.66,74.20,272.00,100%
476.83,3.65,69.80,240.00,100%
476.89,3.65,64.70,242.00,100%
476.89,3.65,66.60,262.00,100%
476.92,3.63,148.00,530.00,100%
476.92,3.65,65.30,240.00,100%
476.95,3.65,63.20,230.00,100%
476.98,3.65,71.70,262.00,100%
477.01,3.65,73.40,268.00,100%
477.04,3.63,145.30,528.00,100%
477.04,3.65,65.00,250.00,100%
477.07,3.65,68.00,266.00,100%
477.10,3.65,71.30,252.00,100%
477.13,3.65,71.20,236.00,100%
477.19,3.63,140.90,512.00,100%
477.19,3.66,71.40,258.00,100%
477.19,3.65,72.30,262.00,100%
477.22,3.65,72.10,262.00,100%
477.28,3.65,72.40,266.00,100%
477.31,3.63,150.70,544.00,100%
477.31,3.66,74.20,242.00,100%
477.31,3.66,64.60,226.00,100%
477.34,3.65,65.10,262.00,100%
477.37,3.65,73.70,268.00,100%
477.40,3.63,140.50,508.00,100%
477.40,3.65,63.90,232.00,100%
477.43,3.65,71.20,258.00,100%
477.49,3.66,73.60,268.00,100%
477.49,3.65,66.40,242.00,100%
477.52,3.63,142.10,534.00,100%
477.52,3.65,70.40,266.00,100%
477.55,3.65,74.80,246.00,100%
477.58,3.65,67.80,236.00,100%
477.61,3.65,70.40,256.00,100%
477.64,3.63,150.90,548.00,100%
477.64,3.65,66.20,242.00,100%
477.67,3.65,64.10,232.00,100%
477.70,3.65,71.90,262.00,100%
477.73,3.65,74.70,242.00,100%
477.76,3.64,134.80,502.00,100%
477.76,3.66,50.30,266.00,100%
477.79,3.65,82.20,180.00,100%
477.82,3.65,73.20,266.00,100%
477.85,3.65,66.00,240.00,100%
477.88,3.64,151.80,550.00,100%
477.88,3.65,70.30,256.00,100%
477.91,3.65,64.70,236.00,100%
477.94,3.65,66.90,266.00,100%
477.97,3.65,72.30,258.00,100%
478.00,3.63,145.50,504.00,100%
478.00,3.65,65.40,240.00,100%
478.10,3.65,72.30,262.00,100%
478.10,3.65,69.10,252.00,100%
478.10,3.65,65.00,236.00,100%
478.13,3.64,143.00,518.00,100%
478.16,3.66,72.30,262.00,100%
478.16,3.65,70.50,256.00,100%
478.18,3.65,65.50,246.00,100%
478.24,3.65,65.70,258.00,100%
478.24,3.63,148.40,528.00,100%
478.24,3.65,71.10,236.00,100%
478.27,3.65,64.90,236.00,100%
478.30,3.65,72.10,262.00,100%
478.33,3.65,69.20,252.00,100%
478.36,3.63,142.10,514.00,100%
478.36,3.65,57.20,210.00,100%
478.39,3.65,81.50,252.00,100%
478.42,3.65,68.50,256.00,100%
478.45,3.65,65.80,246.00,100%
478.48,3.63,144.10,534.00,100%
478.48,3.65,68.30,250.00,100%
478.51,3.65,63.50,232.00,100%
478.54,3.65,67.30,246.00,100%
478.57,3.65,72.80,266.00,100%
478.60,3.63,146.80,530.00,100%
478.60,3.65,66.00,250.00,100%
478.63,3.65,68.00,262.00,100%
478.66,3.65,75.20,252.00,100%
478.69,3.65,68.90,236.00,100%
478.72,3.63,143.80,522.00,100%
478.72,3.65,73.40,268.00,100%
478.75,3.65,67.80,246.00,100%
478.78,3.65,63.60,232.00,100%
478.81,3.65,69.60,252.00,100%
478.84,3.63,151.60,514.00,100%
478.84,3.65,67.10,232.00,100%
478.90,3.65,64.20,252.00,100%
478.90,3.65,71.30,272.00,100%
478.96,3.66,66.80,242.00,100%
478.96,3.64,140.70,508.00,100%
478.96,3.65,79.80,292.00,100%
478.99,3.65,78.20,286.00,100%
479.02,3.65,65.80,240.00,100%
479.05,3.65,65.30,258.00,100%
479.08,3.63,148.30,538.00,100%
479.08,3.65,71.50,232.00,100%
479.11,3.65,66.00,236.00,100%
479.14,3.66,66.60,266.00,100%
479.17,3.65,70.00,256.00,100%
479.20,3.64,143.10,518.00,100%
479.20,3.65,64.90,236.00,100%
479.23,3.65,72.30,262.00,100%
479.26,3.65,70.10,256.00,100%
479.35,3.65,65.90,246.00,100%
479.35,3.64,142.10,530.00,100%
479.35,3.65,74.20,252.00,100%
479.35,3.65,69.60,236.00,100%
479.38,3.65,67.40,246.00,100%
479.41,3.65,74.50,272.00,100%
479.44,3.63,145.30,528.00,100%
479.44,3.65,64.10,232.00,100%
479.47,3.65,71.30,258.00,100%
479.50,3.65,75.40,246.00,100%
479.53,3.65,41.40,230.00,100%
479.56,3.63,148.80,452.00,100%
479.59,3.65,74.20,294.00,100%
479.59,3.65,67.20,266.00,100%
479.62,3.65,71.40,258.00,100%
479.65,3.65,72.00,262.00,100%
479.68,3.63,140.30,508.00,100%
479.68,3.65,65.10,236.00,100%
479.71,3.65,71.60,262.00,100%
479.77,3.65,71.80,240.00,100%
479.77,3.65,63.80,236.00,100%
479.80,3.63,143.10,514.00,100%
479.80,3.65,73.80,252.00,100%
479.83,3.65,63.60,232.00,100%
479.86,3.65,67.30,246.00,100%
479.89,3.65,74.40,272.00,100%
479.92,3.63,141.90,514.00,100%
479.92,3.65,63.90,232.00,100%
479.95,3.65,72.80,272.00,100%
479.98,3.65,73.70,240.00,100%
480.01,3.66,66.10,236.00,100%
480.04,3.63,141.30,522.00,100%
480.04,3.65,72.50,266.00,100%
480.07,3.65,63.80,232.00,100%
480.10,3.66,65.40,240.00,100%
480.13,3.65,70.20,256.00,100%
480.16,3.63,154.00,612.00,100%
480.16,3.65,73.10,268.00,100%
480.19,3.65,67.40,294.00,100%
480.22,3.65,71.70,252.00,100%
480.25,3.65,69.70,236.00,100%
480.28,3.63,143.20,514.00,100%
480.28,3.65,71.40,258.00,100%
480.31,3.65,68.80,252.00,100%
480.34,3.65,63.40,232.00,100%
480.37,3.66,69.10,252.00,100%
480.40,3.63,150.30,550.00,100%
480.40,3.65,68.30,240.00,100%
480.43,3.65,63.00,250.00,100%
480.46,3.65,72.10,272.00,100%
480.49,3.65,75.40,242.00,100%
480.52,3.63,138.30,502.00,100%
480.52,3.65,71.70,262.00,100%
480.55,3.65,72.70,266.00,100%
480.58,3.65,65.30,240.00,100%
480.61,3.65,65.50,240.00,100%
480.64,3.63,149.10,494.00,100%
480.64,3.65,69.60,230.00,100%
480.67,3.65,65.20,242.00,100%
480.70,3.65,44.80,266.00,100%
480.73,3.65,45.80,168.00,100%
480.76,3.63,146.10,528.00,100%
480.76,3.66,69.40,252.00,100%
480.79,3.65,74.30,272.00,100%
480.82,3.65,66.50,242.00,100%
480.85,3.65,65.70,262.00,100%
480.88,3.63,148.30,508.00,100%
480.88,3.65,72.30,236.00,100%
480.91,3.65,65.70,236.00,100%
480.94,3.66,71.40,258.00,100%
480.97,3.65,69.10,252.00,100%
481.00,3.63,140.10,508.00,100%
481.00,3.65,65.90,240.00,100%
481.03,3.66,72.70,266.00,100%
481.06,3.65,68.90,232.00,100%
481.09,3.65,64.80,252.00,100%
481.12,3.63,143.90,522.00,100%
481.12,3.65,75.40,246.00,100%
481.15,3.65,68.30,236.00,100%
481.21,3.65,69.30,252.00,100%
481.24,3.65,74.20,272.00,100%
481.24,3.63,141.00,512.00,100%
481.24,3.67,63.90,232.00,100%
481.27,3.66,71.30,258.00,100%
481.30,3.65,83.30,242.00,100%
481.33,3.66,71.00,256.00,100%
481.36,3.63,142.70,528.00,100%
481.39,3.65,73.90,268.00,100%
481.39,3.65,64.70,236.00,100%
481.42,3.65,63.50,232.00,100%
481.45,3.65,72.70,266.00,100%
481.48,3.63,147.50,534.00,100%
481.48,3.65,65.40,240.00,100%
481.51,3.65,66.70,268.00,100%
481.57,3.65,71.70,258.00,100%
481.57,3.65,73.00,240.00,100%
481.60,3.63,145.00,504.00,100%
481.60,3.65,72.90,266.00,100%
481.63,3.65,70.90,258.00,100%
481.66,3.65,65.40,240.00,100%
481.69,3.65,63.80,232.00,100%
481.72,3.64,148.20,538.00,100%
481.72,3.65,73.20,240.00,100%
481.75,3.65,65.60,236.00,100%
481.78,3.65,64.50,262.00,100%
481.81,3.65,73.50,266.00,100%
481.84,3.63,140.90,512.00,100%
481.87,3.65,63.20,230.00,100%
481.87,3.65,51.80,190.00,100%
481.90,3.65,79.00,288.00,100%
481.93,3.65,65.50,240.00,100%
481.96,3.63,140.40,530.00,100%
481.96,3.65,74.30,268.00,100%
481.99,3.65,71.70,232.00,100%
482.02,3.65,66.60,236.00,100%
482.05,3.65,66.20,262.00,100%
482.08,3.63,147.60,534.00,100%
482.08,3.65,66.20,242.00,100%
482.11,3.65,64.10,232.00,100%
482.14,3.66,70.30,256.00,100%
482.17,3.65,75.00,272.00,100%
482.20,3.63,144.70,468.00,100%
482.20,3.65,63.20,242.00,100%
482.23,3.66,69.10,268.00,100%
482.26,3.65,74.00,256.00,100%
482.29,3.65,63.90,232.00,100%
482.32,3.63,140.50,508.00,100%
482.32,3.65,71.70,262.00,100%
482.35,3.65,70.80,258.00,100%
482.38,3.65,64.80,236.00,100%
482.41,3.65,66.50,268.00,100%
482.44,3.64,147.90,512.00,100%
482.44,3.65,81.00,240.00,100%
482.47,3.65,74.50,266.00,100%
482.50,3.66,77.60,282.00,100%
482.53,3.65,72.90,266.00,100%
482.56,3.63,143.00,518.00,100%
482.56,3.65,63.10,230.00,100%
482.59,3.65,69.60,252.00,100%
482.62,3.65,75.50,250.00,100%
482.65,3.66,68.90,236.00,100%
482.68,3.63,140.10,494.00,100%
482.68,3.65,69.50,268.00,100%
482.71,3.65,74.30,250.00,100%
482.74,3.65,62.70,230.00,100%
482.77,3.65,68.30,250.00,100%
482.80,3.63,146.90,530.00,100%
482.80,3.65,68.40,250.00,100%
482.83,3.65,64.60,236.00,100%
482.86,3.65,70.20,268.00,100%
482.92,3.65,71.10,242.00,100%
482.92,3.63,147.60,494.00,100%
482.92,3.65,66.10,252.00,100%
482.95,3.65,71.30,258.00,100%
482.98,3.65,66.40,242.00,100%
483.01,3.65,64.00,232.00,100%
483.04,3.63,120.80,436.00,100%
483.04,3.65,82.20,298.00,100%
483.07,3.66,68.40,268.00,100%
483.10,3.65,63.70,256.00,100%
483.13,3.65,71.70,272.00,100%
483.16,3.63,153.10,514.00,100%
483.16,3.65,64.30,236.00,100%
483.19,3.65,70.90,258.00,100%
483.22,3.65,73.50,268.00,100%
483.25,3.65,64.60,236.00,100%
483.28,3.63,139.80,504.00,100%
483.28,3.65,73.70,266.00,100%
483.31,3.65,72.90,240.00,100%
483.34,3.65,64.70,232.00,100%
483.37,3.65,66.00,266.00,100%
483.40,3.63,147.60,534.00,100%
483.40,3.65,63.80,232.00,100%
483.43,3.65,65.70,240.00,100%
483.46,3.65,70.70,258.00,100%
483.49,3.65,70.70,258.00,100%
483.52,3.63,140.30,508.00,100%
483.52,3.65,67.60,266.00,100%
483.55,3.65,70.60,252.00,100%
483.58,3.66,70.80,236.00,100%
483.61,3.65,74.40,242.00,100%
483.64,3.63,154.30,560.00,100%
483.64,3.65,76.70,278.00,100%
483.67,3.65,64.40,236.00,100%
483.70,3.65,66.90,242.00,100%
483.73,3.65,72.80,266.00,100%
483.76,3.63,146.80,466.00,100%
483.79,3.65,63.80,236.00,100%
483.79,3.66,67.20,266.00,100%
483.82,3.65,73.10,258.00,100%
483.85,3.65,64.50,236.00,100%
483.88,3.63,139.50,504.00,100%
483.88,3.65,71.90,262.00,100%
483.91,3.65,70.40,256.00,100%
483.94,3.65,64.90,236.00,100%
483.97,3.65,66.50,266.00,100%
484.00,3.63,149.40,508.00,100%
484.00,3.65,71.40,236.00,100%
484.03,3.65,66.10,236.00,100%
484.06,3.65,72.60,266.00,100%
484.09,3.65,71.70,262.00,100%
484.12,3.63,141.30,512.00,100%
484.12,3.65,63.20,230.00,100%
484.15,3.65,71.00,258.00,100%
484.18,3.65,51.20,186.00,100%
484.21,3.65,76.20,158.00,100%
484.24,3.63,140.40,524.00,100%
484.24,3.65,71.00,276.00,100%
484.27,3.65,77.20,250.00,100%
484.30,3.65,63.00,230.00,100%
484.33,3.65,67.60,246.00,100%
484.42,3.63,147.80,534.00,100%
484.42,3.65,68.80,252.00,100%
484.42,3.65,64.60,236.00,100%
484.42,3.65,69.10,268.00,100%
484.45,3.65,71.90,250.00,100%
484.48,3.63,148.10,484.00,100%
484.48,3.65,65.60,246.00,100%
484.51,3.65,71.60,262.00,100%
484.54,3.65,68.90,252.00,100%
484.57,3.65,64.90,236.00,100%
484.60,3.63,140.70,508.00,100%
484.60,3.65,71.70,262.00,100%
484.66,3.65,72.00,236.00,100%
484.66,3.65,65.20,240.00,100%
484.69,3.65,65.70,266.00,100%
484.72,3.63,150.30,528.00,100%
484.72,3.66,64.70,236.00,100%
484.75,3.65,63.80,232.00,100%
484.78,3.65,79.50,292.00,100%
484.81,3.65,77.10,282.00,100%
484.84,3.63,140.50,508.00,100%
484.84,3.65,65.90,240.00,100%
484.87,3.65,73.00,262.00,100%
484.90,3.65,69.50,230.00,100%
484.93,3.65,65.70,240.00,100%
484.96,3.63,145.80,530.00,100%
484.96,3.65,69.50,252.00,100%
484.99,3.65,63.80,232.00,100%
485.02,3.65,66.60,242.00,100%
485.05,3.66,72.30,262.00,100%
485.08,3.63,144.50,522.00,100%
485.08,3.65,65.90,252.00,100%
485.11,3.65,68.00,258.00,100%
485.14,3.65,73.70,250.00,100%
485.17,3.65,68.50,236.00,100%
485.20,3.63,145.40,528.00,100%
485.20,3.65,73.00,266.00,100%
485.23,3.65,66.70,242.00,100%
485.26,3.65,63.50,232.00,100%
485.29,3.65,72.70,266.00,100%
485.32,3.63,148.50,466.00,100%
485.32,3.65,42.10,240.00,100%
485.35,3.65,73.20,176.00,100%
485.38,3.65,73.20,286.00,100%
485.41,3.65,64.30,236.00,100%
485.44,3.63,141.40,512.00,100%
485.44,3.65,76.00,278.00,100%
485.47,3.65,66.50,242.00,100%
485.50,3.65,64.00,232.00,100%
485.53,3.65,71.40,258.00,100%
485.56,3.63,152.20,488.00,100%
485.59,3.65,64.10,230.00,100%
485.59,3.65,65.90,262.00,100%
485.62,3.65,73.60,262.00,100%
485.65,3.65,63.50,232.00,100%
485.68,3.63,141.10,512.00,100%
485.68,3.65,72.60,266.00,100%
485.71,3.65,68.40,250.00,100%
485.74,3.65,64.40,236.00,100%
485.77,3.65,71.50,278.00,100%
485.80,3.63,152.00,492.00,100%
485.80,3.66,66.60,236.00,100%
485.83,3.65,65.60,262.00,100%
485.86,3.65,72.60,266.00,100%
485.89,3.66,63.60,232.00,100%
485.92,3.63,141.20,512.00,100%
485.92,3.66,78.60,288.00,100%
485.95,3.65,76.80,278.00,100%
485.98,3.65,65.10,272.00,100%
486.01,3.65,69.60,268.00,100%
486.04,3.63,151.50,492.00,100%
486.04,3.65,67.50,236.00,100%
486.07,3.65,66.20,258.00,100%
486.10,3.65,71.90,262.00,100%
486.13,3.65,65.60,240.00,100%
486.16,3.64,139.50,504.00,100%
486.16,3.65,71.30,258.00,100%
486.19,3.65,70.40,256.00,100%
486.22,3.65,66.10,250.00,100%
486.25,3.65,67.60,258.00,100%
486.28,3.63,154.40,512.00,100%
486.28,3.65,68.90,236.00,100%
486.31,3.65,70.10,256.00,100%
486.34,3.65,72.40,266.00,100%
486.37,3.65,65.50,240.00,100%
486.40,3.63,140.10,508.00,100%
486.40,3.65,71.70,262.00,100%
486.43,3.65,71.30,240.00,100%
486.46,3.65,64.20,242.00,100%
486.49,3.65,43.90,268.00,100%
486.52,3.63,162.30,432.00,100%
486.52,3.65,72.30,262.00,100%
486.55,3.65,69.70,256.00,100%
486.61,3.65,73.80,268.00,100%
486.61,3.65,64.40,236.00,100%
486.64,3.64,139.60,504.00,100%
486.64,3.65,72.60,258.00,100%
486.67,3.65,70.90,240.00,100%
486.70,3.65,63.40,240.00,100%
486.73,3.65,69.00,266.00,100%
486.76,3.63,154.40,518.00,100%
486.76,3.65,62.70,230.00,100%
486.79,3.65,70.70,258.00,100%
486.82,3.65,73.60,268.00,100%
486.85,3.65,65.50,240.00,100%
486.88,3.64,140.90,508.00,100%
486.88,3.65,73.80,266.00,100%
486.91,3.65,69.60,230.00,100%
486.94,3.65,65.80,246.00,100%
486.97,3.65,69.00,266.00,100%
487.00,3.63,143.40,522.00,100%
487.00,3.65,63.00,230.00,100%
487.03,3.66,70.20,256.00,100%
487.06,3.65,73.30,268.00,100%
487.09,3.65,70.70,258.00,100%
487.12,3.63,151.90,534.00,100%
487.12,3.65,73.40,292.00,100%
487.15,3.65,71.20,236.00,100%
487.18,3.65,65.80,242.00,100%
487.21,3.65,72.50,266.00,100%
487.24,3.63,142.30,514.00,100%
487.24,3.65,65.00,236.00,100%
487.27,3.65,68.20,250.00,100%
487.30,3.65,74.70,272.00,100%
487.33,3.65,66.70,242.00,100%
487.36,3.63,143.50,514.00,100%
487.36,3.65,70.40,258.00,100%
487.39,3.65,72.00,240.00,100%
487.42,3.65,66.30,242.00,100%
487.45,3.65,71.20,258.00,100%
487.48,3.63,144.10,522.00,100%
487.48,3.65,63.90,232.00,100%
487.51,3.65,69.20,252.00,100%
487.54,3.65,74.80,272.00,100%
487.57,3.65,68.20,240.00,100%
487.60,3.63,142.30,504.00,100%
487.60,3.65,73.80,268.00,100%
487.63,3.66,70.30,236.00,100%
487.66,3.65,52.20,190.00,100%
487.69,3.65,79.20,288.00,100%
487.72,3.63,147.80,534.00,100%
487.72,3.65,63.60,232.00,100%
487.75,3.66,69.50,252.00,100%
487.78,3.65,75.90,250.00,100%
487.81,3.66,66.20,232.00,100%
487.84,3.63,143.10,522.00,100%
487.84,3.65,74.20,266.00,100%
487.87,3.65,65.20,240.00,100%
487.90,3.65,64.50,236.00,100%
487.93,3.66,73.10,266.00,100%
487.96,3.63,142.90,518.00,100%
487.99,3.65,64.20,232.00,100%
487.99,3.65,69.80,256.00,100%
488.02,3.65,75.60,250.00,100%
488.05,3.66,65.10,230.00,100%
488.08,3.64,143.60,534.00,100%
488.08,3.65,74.80,266.00,100%
488.11,3.65,63.90,232.00,100%
488.14,3.65,65.50,240.00,100%
488.17,3.65,71.50,262.00,100%
488.23,3.63,145.50,528.00,100%
488.23,3.66,64.30,236.00,100%
488.23,3.65,66.80,268.00,100%
488.26,3.65,82.60,268.00,100%
488.29,3.66,68.20,268.00,100%
488.32,3.63,143.00,528.00,100%
488.32,3.65,73.20,266.00,100%
488.35,3.65,64.40,236.00,100%
488.38,3.65,64.90,236.00,100%
488.41,3.66,70.60,258.00,100%
488.44,3.63,147.70,534.00,100%
488.44,3.65,65.80,242.00,100%
488.47,3.65,67.40,266.00,100%
488.50,3.65,72.70,252.00,100%
488.53,3.65,68.90,236.00,100%
488.56,3.63,144.50,524.00,100%
488.56,3.66,73.50,268.00,100%
488.59,3.65,67.40,246.00,100%
488.65,3.65,63.40,232.00,100%
488.65,3.66,72.00,262.00,100%
488.68,3.63,150.90,476.00,100%
488.68,3.65,66.30,240.00,100%
488.71,3.65,64.70,256.00,100%
488.74,3.65,72.90,258.00,100%
488.77,3.65,71.30,236.00,100%
488.80,3.64,141.30,512.00,100%
488.80,3.65,68.50,250.00,100%
488.83,3.65,75.80,276.00,100%
488.86,3.65,68.00,250.00,100%
488.89,3.65,70.40,256.00,100%
488.92,3.63,153.90,502.00,100%
488.92,3.66,65.00,230.00,100%
488.95,3.66,65.60,266.00,100%
488.98,3.65,74.60,266.00,100%
489.01,3.65,64.30,236.00,100%
489.04,3.63,139.70,504.00,100%
489.04,3.65,72.30,262.00,100%
489.07,3.65,70.20,256.00,100%
489.10,3.65,64.60,236.00,100%
489.13,3.65,68.00,266.00,100%
489.16,3.63,151.00,504.00,100%
489.16,3.66,69.40,236.00,100%
489.19,3.65,65.30,246.00,100%
489.22,3.65,73.30,268.00,100%
489.25,3.65,66.90,242.00,100%
489.28,3.63,139.90,508.00,100%
489.28,3.65,68.20,250.00,100%
489.31,3.66,74.70,272.00,100%
489.34,3.66,67.20,232.00,100%
489.37,3.65,65.30,262.00,100%
489.40,3.63,128.30,524.00,100%
489.40,3.65,82.00,226.00,100%
489.43,3.65,67.30,266.00,100%
489.46,3.65,71.30,258.00,100%
489.49,3.65,72.30,262.00,100%
489.52,3.63,139.80,504.00,100%
489.52,3.65,65.00,236.00,100%
489.55,3.65,72.70,266.00,100%
489.58,3.65,73.10,240.00,100%
489.61,3.65,66.50,262.00,100%
489.64,3.63,145.70,678.00,100%
489.64,3.65,71.70,236.00,100%
489.67,3.65,66.60,242.00,100%
489.70,3.66,69.90,256.00,100%
489.73,3.65,70.30,256.00,100%
489.76,3.63,145.90,524.00,100%
489.76,3.66,66.60,242.00,100%
489.79,3.65,72.50,266.00,100%
489.82,3.65,71.30,240.00,100%
489.85,3.65,63.60,240.00,100%
489.88,3.63,143.70,730.00,100%
489.88,3.65,74.70,252.00,100%
489.91,3.65,64.00,232.00,100%
489.94,3.65,66.50,242.00,100%
489.97,3.66,73.30,268.00,100%
490.00,3.63,136.00,488.00,100%
490.00,3.65,72.10,262.00,100%
490.03,3.65,74.10,298.00,100%
490.06,3.65,73.90,262.00,100%
490.09,3.65,68.40,232.00,100%
490.12,3.63,141.00,780.00,100%
490.12,3.65,73.80,268.00,100%
490.15,3.65,66.60,242.00,100%
490.18,3.65,65.00,236.00,100%
490.21,3.66,67.80,246.00,100%
490.24,3.64,141.80,512.00,100%
490.24,3.65,67.90,250.00,100%
490.27,3.65,65.30,252.00,100%
490.30,3.65,68.50,266.00,100%
490.33,3.65,75.20,250.00,100%
490.36,3.63,143.90,740.00,100%
490.36,3.65,68.10,250.00,100%
490.39,3.65,74.30,272.00,100%
490.42,3.65,66.30,242.00,100%
490.45,3.65,64.10,232.00,100%
490.48,3.63,142.20,612.00,100%
490.48,3.65,75.00,242.00,100%
490.51,3.66,64.60,230.00,100%
490.54,3.65,65.80,268.00,100%
490.57,3.65,64.10,266.00,100%
490.60,3.63,196.80,712.00,100%
490.63,3.66,72.20,262.00,100%
490.63,3.65,72.10,262.00,100%
490.66,3.65,70.00,256.00,100%
490.69,3.65,64.60,236.00,100%
490.72,3.63,139.10,612.00,100%
490.72,3.65,72.90,250.00,100%
490.75,3.65,68.80,236.00,100%
490.78,3.65,65.10,252.00,100%
490.81,3.65,75.00,272.00,100%
490.84,3.63,190.70,688.00,100%
490.84,3.65,64.60,236.00,100%
490.87,3.65,69.60,252.00,100%
490.90,3.65,74.20,272.00,100%
490.93,3.65,66.60,232.00,100%
490.96,3.63,139.50,658.00,100%
490.99,3.65,71.90,262.00,100%
490.99,3.65,72.70,240.00,100%
491.02,3.65,66.70,240.00,100%
491.05,3.65,70.50,256.00,100%
491.08,3.63,165.20,596.00,100%
491.08,3.65,63.70,232.00,100%
491.11,3.66,66.60,242.00,100%
491.14,3.66,71.90,262.00,100%
491.17,3.65,78.60,206.00,100%
491.20,3.63,143.10,692.00,100%
491.20,3.65,69.30,282.00,100%
491.23,3.65,77.30,250.00,100%
491.26,3.65,63.40,232.00,100%
491.29,3.66,69.00,252.00,100%
491.32,3.64,152.70,550.00,100%
491.32,3.65,66.40,242.00,100%
491.35,3.65,64.50,236.00,100%
491.38,3.65,73.70,272.00,100%
491.41,3.65,72.00,236.00,100%
491.44,3.63,141.30,666.00,100%
491.44,3.65,66.50,262.00,100%
491.47,3.65,70.90,258.00,100%
491.50,3.65,63.50,232.00,100%
491.53,3.65,66.80,242.00,100%
491.56,3.63,136.30,492.00,100%
491.56,3.65,68.50,250.00,100%
491.59,3.65,65.40,250.00,100%
491.62,3.65,69.00,266.00,100%
491.65,3.65,74.30,246.00,100%
491.68,3.63,143.50,718.00,100%
491.68,3.66,70.00,256.00,100%
491.71,3.65,73.00,266.00,100%
491.74,3.65,55.90,204.00,100%
491.77,3.65,70.80,258.00,100%
491.80,3.63,141.50,638.00,100%
491.80,3.65,73.10,240.00,100%
491.83,3.65,66.40,240.00,100%
491.86,3.65,63.90,262.00,100%
491.89,3.65,73.10,262.00,100%
491.92,3.63,147.40,738.00,100%
491.92,3.65,64.60,236.00,100%
491.95,3.65,71.70,262.00,100%
492.01,3.65,68.90,252.00,100%
492.01,3.65,64.30,236.00,100%
492.04,3.63,139.20,668.00,100%
492.04,3.65,77.10,256.00,100%
492.07,3.66,66.70,230.00,100%
492.13,3.65,65.50,256.00,100%
492.13,3.65,71.90,276.00,100%
492.19,3.63,198.30,714.00,100%
492.19,3.65,63.10,230.00,100%
492.19,3.66,71.30,258.00,100%
492.22,3.65,73.60,268.00,100%
492.25,3.65,66.00,240.00,100%
492.28,3.64,137.60,630.00,100%
492.28,3.66,71.00,262.00,100%
492.31,3.65,81.40,204.00,100%
492.34,3.65,71.20,266.00,100%
492.37,3.65,75.80,276.00,100%
492.40,3.63,181.20,656.00,100%
492.40,3.65,65.30,240.00,100%
492.43,3.65,64.10,232.00,100%
492.46,3.65,73.30,268.00,100%
492.49,3.65,72.90,240.00,100%
492.52,3.63,140.50,662.00,100%
492.52,3.65,65.70,258.00,100%
492.55,3.65,72.30,258.00,100%
492.58,3.65,64.90,236.00,100%
492.61,3.65,64.90,236.00,100%
492.64,3.63,155.70,560.00,100%
492.64,3.65,68.90,252.00,100%
492.67,3.65,64.30,236.00,100%
492.70,3.65,68.00,250.00,100%
492.73,3.65,74.30,256.00,100%
492.76,3.63,142.60,692.00,100%
492.76,3.65,64.80,250.00,100%
492.79,3.65,70.60,276.00,100%
492.82,3.65,66.40,242.00,100%
492.85,3.65,64.00,232.00,100%
492.88,3.63,134.90,484.00,100%
492.88,3.65,77.70,286.00,100%
492.91,3.65,75.10,276.00,100%
492.94,3.65,65.70,288.00,100%
492.97,3.65,69.70,266.00,100%
493.00,3.63,150.30,754.00,100%
493.00,3.65,68.20,236.00,100%
493.03,3.65,70.30,256.00,100%
493.06,3.65,73.00,266.00,100%
493.09,3.65,66.10,242.00,100%
493.12,3.63,133.10,796.00,100%
493.12,3.65,72.10,262.00,100%
493.15,3.66,74.90,246.00,100%
493.18,3.65,64.90,230.00,100%
493.21,3.65,66.00,268.00,100%
493.24,3.63,149.70,764.00,100%
493.24,3.65,64.50,236.00,100%
493.27,3.65,64.20,232.00,100%
493.30,3.65,73.20,266.00,100%
493.33,3.65,70.40,256.00,100%
493.36,3.63,135.30,580.00,100%
493.36,3.65,67.40,262.00,100%
493.39,3.65,72.80,256.00,100%
493.42,3.65,69.50,236.00,100%
493.45,3.66,53.10,246.00,100%
493.48,3.63,191.60,692.00,100%
493.48,3.65,74.90,272.00,100%
493.51,3.65,67.30,246.00,100%
493.54,3.65,68.30,250.00,100%
493.57,3.65,74.70,272.00,100%
493.60,3.63,137.60,602.00,100%
493.60,3.65,65.40,262.00,100%
493.63,3.65,71.20,262.00,100%
493.66,3.65,73.40,240.00,100%
493.69,3.65,66.90,236.00,100%
493.72,3.63,183.40,662.00,100%
493.72,3.65,71.20,258.00,100%
493.75,3.65,63.80,232.00,100%
493.78,3.65,66.80,242.00,100%
493.81,3.65,72.70,266.00,100%
493.84,3.63,145.40,594.00,100%
493.84,3.65,63.20,242.00,100%
493.87,3.65,70.60,272.00,100%
493.90,3.65,76.60,246.00,100%
493.93,3.65,63.00,230.00,100%
493.96,3.63,155.20,560.00,100%
493.96,3.66,73.20,266.00,100%
493.99,3.66,65.00,236.00,100%
494.02,3.66,65.10,236.00,100%
494.05,3.65,83.10,266.00,100%
494.08,3.63,153.20,712.00,100%
494.08,3.65,65.50,272.00,100%
494.11,3.65,68.60,266.00,100%
494.14,3.65,68.30,250.00,100%
494.17,3.65,63.10,230.00,100%
494.20,3.63,137.60,494.00,100%
494.20,3.65,74.10,268.00,100%
494.23,3.65,66.30,242.00,100%
494.26,3.65,65.70,266.00,100%
494.29,3.65,72.60,266.00,100%
494.32,3.63,148.00,698.00,100%
494.32,3.65,66.30,240.00,100%
494.35,3.65,71.20,258.00,100%
494.38,3.65,69.60,252.00,100%
494.41,3.65,65.20,240.00,100%
494.44,3.63,134.10,482.00,100%
494.44,3.66,72.40,266.00,100%
494.47,3.65,69.50,232.00,100%
494.53,3.65,64.70,250.00,100%
494.53,3.65,67.80,262.00,100%
494.59,3.63,150.80,720.00,100%
494.59,3.65,68.70,236.00,100%
494.59,3.65,68.20,250.00,100%
494.62,3.65,52.40,190.00,100%
494.65,3.65,73.60,268.00,100%
494.68,3.63,134.70,632.00,100%
494.68,3.65,72.50,266.00,100%
494.71,3.65,74.20,242.00,100%
494.74,3.65,63.80,230.00,100%
494.77,3.65,66.50,268.00,100%
494.80,3.63,149.10,748.00,100%
494.80,3.65,62.90,230.00,100%
494.83,3.65,66.60,242.00,100%
494.86,3.66,72.30,262.00,100%
494.89,3.65,68.30,250.00,100%
494.92,3.63,134.30,602.00,100%
494.92,3.65,71.80,276.00,100%
494.95,3.65,73.40,240.00,100%
494.98,3.65,67.00,236.00,100%
495.01,3.65,66.30,266.00,100%
495.04,3.63,188.60,678.00,100%
495.04,3.65,63.90,232.00,100%
495.07,3.65,65.70,240.00,100%
495.10,3.66,71.80,262.00,100%
495.13,3.65,70.40,256.00,100%
495.16,3.63,141.40,658.00,100%
495.16,3.66,66.90,262.00,100%
495.19,3.65,81.40,250.00,100%
495.22,3.65,74.50,266.00,100%
495.25,3.66,73.60,268.00,100%
495.28,3.63,161.20,580.00,100%
495.28,3.65,67.20,246.00,100%
495.31,3.65,63.50,232.00,100%
495.34,3.66,71.50,262.00,100%
495.37,3.65,74.40,242.00,100%
495.40,3.63,141.10,708.00,100%
495.40,3.65,65.00,266.00,100%
495.43,3.65,72.50,262.00,100%
495.46,3.65,64.80,236.00,100%
495.49,3.65,64.60,236.00,100%
495.52,3.63,142.20,512.00,100%
495.52,3.65,68.10,250.00,100%
495.55,3.65,64.30,236.00,100%
495.58,3.65,69.60,266.00,100%
495.64,3.65,75.50,246.00,100%
495.64,3.63,141.00,518.00,100%
495.64,3.65,65.30,262.00,100%
495.67,3.65,74.20,268.00,100%
495.70,3.65,64.00,232.00,100%
495.73,3.65,65.50,240.00,100%
495.76,3.63,137.70,494.00,100%
495.76,3.65,76.80,282.00,100%
495.79,3.65,72.70,266.00,100%
495.82,3.65,69.90,298.00,100%
495.85,3.65,74.10,242.00,100%
495.88,3.63,143.40,684.00,100%
495.88,3.65,66.10,258.00,100%
495.91,3.65,72.70,266.00,100%
495.94,3.65,65.30,240.00,100%
495.97,3.65,64.20,232.00,100%
496.00,3.63,142.60,512.00,100%
496.00,3.65,71.80,262.00,100%
496.03,3.65,66.30,242.00,100%
496.06,3.65,64.90,256.00,100%
496.09,3.65,73.20,258.00,100%
496.12,3.63,146.30,718.00,100%
496.12,3.65,66.70,242.00,100%
496.15,3.66,71.80,262.00,100%
496.18,3.65,67.90,250.00,100%
496.21,3.65,64.10,232.00,100%
496.24,3.63,140.40,638.00,100%
496.24,3.65,75.90,246.00,100%
496.27,3.65,65.60,230.00,100%
496.30,3.65,65.10,262.00,100%
496.33,3.65,62.30,266.00,100%
496.36,3.63,158.90,574.00,100%
496.36,3.65,71.70,262.00,100%
496.39,3.65,74.30,272.00,100%
496.42,3.65,69.60,252.00,100%
496.45,3.65,64.50,236.00,100%
496.48,3.63,144.00,684.00,100%
496.48,3.65,72.70,250.00,100%
496.51,3.66,68.00,236.00,100%
496.54,3.65,65.10,252.00,100%
496.57,3.65,73.30,268.00,100%
496.60,3.63,155.10,560.00,100%
496.60,3.65,65.10,236.00,100%
496.63,3.65,69.50,252.00,100%
496.66,3.65,74.10,268.00,100%
496.69,3.65,67.10,232.00,100%
496.72,3.63,140.50,748.00,100%
496.72,3.65,71.50,266.00,100%
496.75,3.65,73.60,240.00,100%
496.81,3.65,64.70,236.00,100%
496.81,3.65,70.40,256.00,100%
496.84,3.63,139.10,502.00,100%
496.84,3.65,64.00,232.00,100%
496.87,3.66,65.00,236.00,100%
496.90,3.66,72.10,262.00,100%
496.93,3.65,79.90,240.00,100%
496.96,3.63,147.00,812.00,100%
496.96,3.65,67.00,292.00,100%
496.99,3.65,73.40,258.00,100%
497.02,3.65,63.00,230.00,100%
497.05,3.65,66.40,242.00,100%
497.08,3.63,140.00,504.00,100%
497.08,3.65,69.80,256.00,100%
497.11,3.65,64.70,236.00,100%
497.14,3.65,68.60,266.00,100%
497.17,3.65,71.20,246.00,100%
497.20,3.63,145.30,702.00,100%
497.20,3.65,66.10,250.00,100%
497.23,3.65,71.20,258.00,100%
497.26,3.65,67.80,246.00,100%
497.29,3.65,63.90,232.00,100%
497.32,3.63,138.90,498.00,100%
497.32,3.65,75.20,276.00,100%
497.35,3.66,69.10,240.00,100%
497.38,3.65,63.10,246.00,100%
497.41,3.65,71.00,276.00,100%
497.44,3.63,151.70,688.00,100%
497.44,3.65,63.30,230.00,100%
497.47,3.65,69.60,252.00,100%
497.50,3.65,50.00,184.00,100%
497.53,3.65,73.90,268.00,100%
497.56,3.64,138.70,630.00,100%
497.56,3.65,74.40,272.00,100%
497.59,3.65,71.80,232.00,100%
497.65,3.65,65.80,240.00,100%
497.65,3.65,66.50,266.00,100%
497.68,3.63,164.50,594.00,100%
497.68,3.65,63.30,230.00,100%
497.71,3.65,66.20,242.00,100%
497.74,3.65,71.00,258.00,100%
497.77,3.65,69.60,252.00,100%
497.80,3.63,141.00,612.00,100%
497.80,3.65,67.50,262.00,100%
497.83,3.65,73.00,252.00,100%
497.86,3.65,69.00,236.00,100%
497.89,3.65,68.80,252.00,100%
497.92,3.63,151.40,544.00,100%
497.92,3.65,67.80,246.00,100%
497.95,3.65,63.10,230.00,100%
497.98,3.65,70.40,256.00,100%
498.01,3.65,75.40,246.00,100%
498.04,3.63,141.70,750.00,100%
498.04,3.66,63.80,258.00,100%
498.07,3.65,78.50,268.00,100%
498.10,3.65,74.10,272.00,100%
498.13,3.65,70.70,258.00,100%
498.16,3.63,138.60,498.00,100%
498.16,3.65,71.10,258.00,100%
498.19,3.65,65.10,236.00,100%
498.22,3.65,65.60,258.00,100%
498.28,3.65,72.00,266.00,100%
498.28,3.63,145.60,304.00,100%
498.28,3.65,65.80,240.00,100%
498.31,3.65,67.20,258.00,100%
498.34,3.65,69.80,256.00,100%
498.37,3.65,64.90,236.00,100%
498.40,3.63,134.90,484.00,100%
498.40,3.66,71.50,258.00,100%
498.43,3.65,70.90,258.00,100%
498.46,3.65,65.80,242.00,100%
498.49,3.65,65.30,256.00,100%
498.52,3.63,148.10,712.00,100%
498.52,3.65,71.90,236.00,100%
498.55,3.65,64.80,236.00,100%
498.58,3.66,71.80,262.00,100%
498.61,3.65,68.90,252.00,100%
498.64,3.64,134.00,482.00,100%
498.64,3.65,42.80,158.00,100%
498.67,3.65,82.60,168.00,100%
498.70,3.65,69.30,256.00,100%
498.73,3.65,65.40,252.00,100%
498.76,3.63,145.80,676.00,100%
498.76,3.65,67.20,246.00,100%
498.79,3.65,63.70,232.00,100%
498.82,3.65,68.80,252.00,100%
498.85,3.65,75.00,272.00,100%
498.88,3.63,142.80,514.00,100%
498.88,3.65,65.80,256.00,100%
498.91,3.65,69.30,268.00,100%
498.94,3.65,75.60,246.00,100%
498.97,3.65,68.30,236.00,100%
499.03,3.63,162.60,586.00,100%
499.03,3.65,72.80,266.00,100%
499.03,3.65,66.10,242.00,100%
499.06,3.65,64.10,232.00,100%
499.09,3.65,72.40,266.00,100%
499.12,3.63,149.00,718.00,100%
499.12,3.65,64.80,232.00,100%
499.15,3.65,66.30,268.00,100%
499.18,3.65,72.50,262.00,100%
499.21,3.65,64.30,236.00,100%
499.24,3.63,135.40,484.00,100%
499.24,3.65,80.20,292.00,100%
499.27,3.65,76.30,278.00,100%
499.30,3.65,64.20,232.00,100%
499.33,3.65,69.60,266.00,100%
499.39,3.63,150.70,780.00,100%
499.39,3.66,67.70,232.00,100%
499.39,3.65,65.00,256.00,100%
499.42,3.65,74.80,272.00,100%
499.45,3.65,64.50,236.00,100%
499.48,3.63,133.50,478.00,100%
499.48,3.65,71.60,262.00,100%
499.51,3.65,72.10,262.00,100%
499.54,3.65,65.90,240.00,100%
499.57,3.65,66.70,262.00,100%
499.60,3.63,147.20,760.00,100%
499.60,3.65,65.40,252.00,100%
499.63,3.65,68.50,268.00,100%
499.66,3.65,68.00,250.00,100%
499.69,3.65,63.00,230.00,100%
499.72,3.63,135.40,494.00,100%
499.72,3.65,73.40,268.00,100%
499.75,3.65,65.90,240.00,100%
499.78,3.65,66.10,266.00,100%
499.81,3.65,72.00,262.00,100%
499.84,3.63,180.50,258.00,100%
499.84,3.65,73.20,168.00,100%
499.87,3.65,80.70,294.00,100%
499.90,3.65,67.90,250.00,100%
499.93,3.65,64.90,236.00,100%
499.96,3.63,159.10,580.00,100%
499.96,3.66,74.40,272.00,100%
499.99,3.65,68.00,236.00,100%
500.02,3.65,64.30,256.00,100%
500.08,3.65,70.40,272.00,100%
500.08,3.63,149.60,662.00,100%
500.08,3.65,66.10,242.00,100%
500.11,3.65,69.80,256.00,100%
500.14,3.65,74.60,272.00,100%
500.17,3.65,64.60,236.00,100%
500.20,3.63,181.50,262.00,100%
500.20,3.65,72.70,272.00,100%
500.23,3.65,73.60,242.00,100%
500.26,3.65,64.50,232.00,100%
500.29,3.65,65.70,266.00,100%
500.32,3.63,222.00,806.00,100%
500.32,3.65,63.30,230.00,100%
500.35,3.65,66.10,242.00,100%
500.38,3.66,71.20,258.00,100%
500.41,3.65,69.70,256.00,100%
500.44,3.63,199.20,426.00,100%
500.44,3.65,76.00,304.00,100%
500.47,3.65,71.60,268.00,100%
500.50,3.65,68.50,236.00,100%
500.53,3.65,66.00,252.00,100%
500.56,3.63,224.90,816.00,100%
500.56,3.65,67.00,246.00,100%
500.59,3.65,63.50,232.00,100%
500.62,3.66,71.40,258.00,100%
500.65,3.65,73.50,268.00,100%
500.68,3.63,209.50,236.00,100%
500.68,3.65,63.60,262.00,100%
500.71,3.65,74.20,266.00,100%
500.74,3.65,73.30,240.00,100%
500.77,3.65,63.80,232.00,100%
500.80,3.63,132.00,482.00,100%
500.80,3.65,70.30,256.00,100%
500.83,3.65,64.30,236.00,100%
500.86,3.65,67.00,246.00,100%
500.89,3.65,74.10,258.00,100%
500.92,3.63,205.30,252.00,100%
500.92,3.65,65.30,256.00,100%
500.95,3.65,69.90,266.00,100%
500.98,3.65,66.70,242.00,100%
501.01,3.65,43.70,160.00,100%
501.04,3.63,180.90,652.00,100%
501.04,3.65,75.10,276.00,100%
501.07,3.65,67.00,246.00,100%
501.10,3.65,65.70,258.00,100%
501.13,3.65,69.80,266.00,100%
501.16,3.63,76.90,282.00,100%
501.16,3.65,67.90,232.00,100%
501.19,3.65,70.20,256.00,100%
501.22,3.65,73.00,266.00,100%
501.25,3.65,66.20,242.00,100%
501.28,3.63,174.50,258.00,100%
501.28,3.65,71.40,258.00,100%
501.31,3.65,75.10,246.00,100%
501.34,3.66,65.00,230.00,100%
501.37,3.65,65.00,262.00,100%
501.40,3.63,97.00,354.00,100%
501.40,3.65,65.00,236.00,100%
501.43,3.65,63.00,230.00,100%
501.46,3.65,72.10,262.00,100%
501.52,3.65,72.40,266.00,100%
501.52,3.63,177.60,416.00,100%
501.52,3.66,66.20,272.00,100%
501.55,3.66,72.30,262.00,100%
501.58,3.65,80.50,232.00,100%
501.61,3.65,71.90,266.00,100%
501.64,3.63,122.60,446.00,100%
501.64,3.65,70.30,256.00,100%
501.67,3.65,65.10,236.00,100%
501.70,3.65,64.30,236.00,100%
501.73,3.66,71.40,258.00,100%
501.76,3.63,219.50,232.00,100%
501.76,3.65,64.70,242.00,100%
501.79,3.65,66.50,262.00,100%
501.82,3.65,73.50,256.00,100%
501.85,3.65,64.30,236.00,100%
501.88,3.63,129.60,472.00,100%
501.88,3.65,73.00,266.00,100%
501.91,3.65,67.60,246.00,100%
501.94,3.65,63.80,232.00,100%
501.97,3.65,69.90,268.00,100%
502.00,3.63,212.10,262.00,100%
502.00,3.65,67.50,240.00,100%
502.03,3.65,64.70,252.00,100%
502.06,3.65,74.50,272.00,100%
502.09,3.65,65.80,240.00,100%
502.12,3.63,142.40,518.00,100%
502.12,3.65,68.60,250.00,100%
502.15,3.65,68.20,250.00,100%
502.18,3.65,75.10,252.00,100%
502.21,3.65,64.60,288.00,100%
502.24,3.63,197.90,748.00,100%
502.24,3.65,74.50,242.00,100%
502.27,3.65,64.20,232.00,100%
502.30,3.65,69.50,252.00,100%
502.33,3.65,74.10,268.00,100%
502.36,3.63,173.50,632.00,100%
502.36,3.66,64.20,232.00,100%
502.39,3.65,72.50,266.00,100%
502.42,3.65,73.20,242.00,100%
502.45,3.65,64.30,230.00,100%
502.48,3.63,96.70,354.00,100%
502.48,3.65,73.40,262.00,100%
502.51,3.65,63.60,232.00,100%
502.54,3.65,65.30,240.00,100%
502.57,3.65,70.10,256.00,100%
502.60,3.63,200.00,240.00,100%
502.60,3.65,64.70,246.00,100%
502.63,3.65,66.90,262.00,100%
502.66,3.65,70.40,252.00,100%
502.69,3.65,70.30,236.00,100%
502.72,3.63,112.50,410.00,100%
502.72,3.65,46.10,168.00,100%
502.75,3.65,77.90,286.00,100%
502.81,3.65,65.60,240.00,100%
502.81,3.66,66.30,242.00,100%
502.84,3.64,197.40,502.00,100%
502.84,3.65,70.80,242.00,100%
502.87,3.65,63.00,236.00,100%
502.90,3.65,67.80,262.00,100%
502.93,3.65,74.40,256.00,100%
502.96,3.63,128.00,466.00,100%
502.96,3.65,66.30,242.00,100%
502.99,3.65,72.10,262.00,100%
503.02,3.65,69.10,252.00,100%
503.05,3.65,64.60,236.00,100%
503.08,3.63,194.10,586.00,100%
503.08,3.65,71.30,252.00,100%
503.11,3.65,69.60,236.00,100%
503.14,3.65,65.70,246.00,100%
503.17,3.65,71.10,258.00,100%
503.20,3.63,149.00,544.00,100%
503.20,3.65,63.90,232.00,100%
503.23,3.65,68.20,250.00,100%
503.26,3.65,72.70,266.00,100%
503.29,3.66,69.40,240.00,100%
503.32,3.63,206.80,286.00,100%
503.32,3.65,78.40,304.00,100%
503.35,3.65,75.70,276.00,100%
503.38,3.65,63.50,232.00,100%
503.41,3.65,68.20,250.00,100%
503.44,3.63,174.50,636.00,100%
503.44,3.65,67.00,246.00,100%
503.47,3.65,63.90,232.00,100%
503.50,3.65,71.30,272.00,100%
503.53,3.65,74.30,242.00,100%
503.56,3.63,177.50,324.00,100%
503.56,3.65,65.50,252.00,100%
503.59,3.65,75.10,276.00,100%
503.62,3.65,66.60,242.00,100%
503.68,3.65,64.50,236.00,100%
503.68,3.63,186.10,678.00,100%
503.68,3.65,74.40,256.00,100%
503.71,3.65,69.30,236.00,100%
503.74,3.65,64.10,246.00,100%
503.77,3.65,69.10,266.00,100%
503.80,3.63,117.10,426.00,100%
503.80,3.65,64.20,232.00,100%
503.83,3.65,66.80,242.00,100%
503.86,3.65,73.10,266.00,100%
503.89,3.65,42.20,154.00,100%
503.92,3.63,211.60,164.00,100%
503.92,3.65,71.20,302.00,100%
503.95,3.65,72.40,250.00,100%
503.98,3.65,67.70,232.00,100%
504.01,3.65,64.90,252.00,100%
504.04,3.63,137.30,502.00,100%
504.04,3.65,66.10,242.00,100%
504.07,3.65,64.70,236.00,100%
504.10,3.65,69.00,252.00,100%
504.13,3.65,74.50,272.00,100%
504.22,3.63,214.70,256.00,100%
504.22,3.65,64.20,262.00,100%
504.22,3.65,70.60,268.00,100%
504.22,3.65,74.60,242.00,100%
504.25,3.65,64.40,236.00,100%
504.28,3.63,152.50,554.00,100%
504.28,3.65,73.80,268.00,100%
504.31,3.65,64.50,236.00,100%
504.34,3.65,65.00,236.00,100%
504.37,3.65,73.50,266.00,100%
504.40,3.63,200.00,268.00,100%
504.43,3.65,64.20,236.00,100%
504.43,3.66,66.50,262.00,100%
504.47,3.65,70.70,258.00,100%
504.52,3.65,71.20,258.00,100%
504.52,3.63,75.30,276.00,100%
504.55,3.65,71.20,258.00,100%
504.55,3.65,68.40,250.00,100%
504.58,3.65,64.70,236.00,100%
504.61,3.65,69.80,268.00,100%
504.64,3.63,185.40,340.00,100%
504.64,3.65,67.90,236.00,100%
504.67,3.65,66.20,258.00,100%
504.70,3.65,72.90,266.00,100%
504.73,3.65,66.70,242.00,100%
504.76,3.63,174.40,632.00,100%
504.76,3.65,71.80,262.00,100%
504.79,3.65,73.70,268.00,100%
504.82,3.65,66.90,240.00,100%
504.85,3.65,63.70,258.00,100%
504.88,3.63,160.70,846.00,100%
504.88,3.65,73.60,240.00,100%
504.91,3.65,63.70,232.00,100%
504.94,3.65,71.70,262.00,100%
504.97,3.65,70.30,256.00,100%
505.00,3.63,199.50,724.00,100%
505.00,3.65,66.80,268.00,100%
505.03,3.65,50.50,258.00,100%
505.06,3.65,76.10,148.00,100%
505.09,3.65,65.70,276.00,100%
505.12,3.63,226.10,816.00,100%
505.12,3.65,67.90,250.00,100%
505.15,3.65,64.40,236.00,100%
505.18,3.65,68.30,250.00,100%
505.21,3.65,74.40,272.00,100%
505.24,3.63,215.30,256.00,100%
505.24,3.65,66.20,266.00,100%
505.27,3.65,69.50,268.00,100%
505.30,3.65,75.40,246.00,100%
505.33,3.65,68.20,236.00,100%
505.36,3.63,153.70,560.00,100%
505.36,3.65,72.90,266.00,100%
505.39,3.65,65.70,240.00,100%
505.42,3.65,64.90,236.00,100%
505.45,3.65,73.70,268.00,100%
505.51,3.63,213.30,278.00,100%
505.51,3.65,64.00,232.00,100%
505.51,3.65,67.20,272.00,100%
505.54,3.65,73.90,258.00,100%
505.57,3.65,64.00,232.00,100%
505.60,3.64,158.70,576.00,100%
505.60,3.65,72.50,266.00,100%
505.63,3.65,77.20,282.00,100%
505.66,3.65,71.10,258.00,100%
505.69,3.65,69.70,292.00,100%
505.72,3.63,187.60,720.00,100%
505.75,3.65,69.90,240.00,100%
505.75,3.65,66.20,252.00,100%
505.78,3.65,74.40,272.00,100%
505.81,3.65,66.90,242.00,100%
505.84,3.63,175.80,638.00,100%
505.87,3.65,70.40,256.00,100%
505.87,3.65,74.90,272.00,100%
505.93,3.66,68.70,240.00,100%
505.93,3.65,63.70,252.00,100%
505.96,3.63,162.40,790.00,100%
505.96,3.65,74.90,242.00,100%
505.99,3.65,64.10,232.00,100%
506.02,3.65,70.90,258.00,100%
506.05,3.65,73.30,268.00,100%
506.08,3.63,192.00,694.00,100%
506.08,3.65,65.10,236.00,100%
506.11,3.65,75.10,268.00,100%
506.14,3.65,71.80,236.00,100%
506.17,3.65,65.90,240.00,100%
506.20,3.63,113.60,822.00,100%
506.23,3.65,50.20,184.00,100%
506.23,3.65,71.20,258.00,100%
506.26,3.65,66.50,242.00,100%
506.29,3.65,72.40,266.00,100%
506.32,3.63,210.90,764.00,100%
506.32,3.65,66.60,256.00,100%
506.35,3.65,68.60,266.00,100%
506.38,3.65,75.20,252.00,100%
506.41,3.65,68.80,236.00,100%
506.44,3.63,156.10,566.00,100%
506.44,3.65,73.60,268.00,100%
506.47,3.65,66.70,242.00,100%
506.50,3.65,63.90,232.00,100%
506.53,3.65,72.70,266.00,100%
506.56,3.63,210.00,636.00,100%
506.56,3.65,65.40,232.00,100%
506.59,3.65,65.70,268.00,100%
506.62,3.65,72.90,262.00,100%
506.65,3.65,64.80,236.00,100%
506.68,3.63,177.90,642.00,100%
506.68,3.66,73.10,266.00,100%
506.71,3.65,68.50,250.00,100%
506.74,3.66,64.70,236.00,100%
506.77,3.66,69.70,268.00,100%
506.80,3.63,212.10,364.00,100%
506.83,3.65,72.30,262.00,100%
506.83,3.65,65.60,272.00,100%
506.86,3.65,74.60,272.00,100%
506.89,3.65,65.00,236.00,100%
506.92,3.63,160.40,576.00,100%
506.92,3.65,72.30,262.00,100%
506.95,3.65,72.30,262.00,100%
506.98,3.65,66.70,242.00,100%
507.01,3.65,66.20,268.00,100%
507.04,3.63,172.20,456.00,100%
507.04,3.65,71.10,240.00,100%
507.07,3.65,67.80,246.00,100%
507.10,3.65,71.80,262.00,100%
507.13,3.65,69.50,252.00,100%
507.16,3.63,191.90,694.00,100%
507.16,3.66,70.10,256.00,100%
507.19,3.66,76.10,250.00,100%
507.22,3.65,67.20,236.00,100%
507.25,3.65,64.90,262.00,100%
507.28,3.63,146.20,540.00,100%
507.28,3.65,66.00,240.00,100%
507.31,3.65,63.90,232.00,100%
507.34,3.65,72.70,266.00,100%
507.37,3.65,66.10,242.00,100%
507.40,3.63,209.50,756.00,100%
507.40,3.65,67.40,294.00,100%
507.43,3.65,73.30,258.00,100%
507.46,3.65,69.80,236.00,100%
507.49,3.65,66.10,246.00,100%
507.52,3.63,165.10,600.00,100%
507.52,3.65,67.80,246.00,100%
507.55,3.65,65.30,240.00,100%
507.58,3.65,67.70,246.00,100%
507.61,3.66,73.20,266.00,100%
507.64,3.64,200.10,304.00,100%
507.64,3.65,65.30,256.00,100%
507.67,3.65,70.50,272.00,100%
507.70,3.65,75.60,246.00,100%
507.73,3.65,64.90,236.00,100%
507.76,3.63,164.30,596.00,100%
507.76,3.65,74.70,272.00,100%
507.79,3.65,65.30,240.00,100%
507.82,3.65,65.10,236.00,100%
507.85,3.65,73.60,268.00,100%
507.88,3.63,206.50,386.00,100%
507.88,3.65,65.10,236.00,100%
507.91,3.66,66.40,266.00,100%
507.94,3.65,72.50,266.00,100%
507.97,3.65,71.20,258.00,100%
508.00,3.63,174.50,632.00,100%
508.00,3.65,71.10,258.00,100%
508.03,3.65,71.30,258.00,100%
508.06,3.65,66.00,242.00,100%
508.09,3.65,68.20,266.00,100%
508.12,3.63,177.90,482.00,100%
508.12,3.65,70.40,240.00,100%
508.15,3.65,67.80,246.00,100%
508.18,3.65,71.30,258.00,100%
508.21,3.65,70.20,256.00,100%
508.24,3.63,186.80,678.00,100%
508.24,3.65,69.00,252.00,100%
508.27,3.65,73.50,268.00,100%
508.30,3.65,69.20,240.00,100%
508.33,3.65,63.90,252.00,100%
508.36,3.63,152.30,846.00,100%
508.36,3.65,76.70,256.00,100%
508.39,3.65,63.30,230.00,100%
508.42,3.65,71.60,262.00,100%
508.45,3.65,74.00,268.00,100%
508.48,3.63,210.50,760.00,100%
508.48,3.65,65.50,288.00,100%
508.51,3.65,53.40,276.00,100%
508.54,3.65,80.50,174.00,100%
508.57,3.65,67.20,262.00,100%
508.60,3.63,214.50,780.00,100%
508.60,3.65,73.30,268.00,100%
508.63,3.65,67.10,246.00,100%
508.66,3.65,64.40,236.00,100%
508.69,3.65,72.50,266.00,100%
508.72,3.63,218.90,328.00,100%
508.72,3.65,67.50,246.00,100%
508.78,3.65,63.70,258.00,100%
508.78,3.65,73.90,268.00,100%
508.81,3.65,74.90,242.00,100%
508.84,3.63,158.00,574.00,100%
508.84,3.65,73.70,268.00,100%
508.87,3.65,72.10,262.00,100%
508.90,3.65,65.90,240.00,100%
508.93,3.65,65.60,240.00,100%
508.96,3.63,201.50,436.00,100%
508.96,3.65,72.20,242.00,100%
508.99,3.65,66.90,240.00,100%
509.02,3.65,66.80,268.00,100%
509.05,3.65,71.80,262.00,100%
509.08,3.64,163.50,594.00,100%
509.08,3.65,64.10,232.00,100%
509.11,3.65,80.90,294.00,100%
509.14,3.65,79.50,288.00,100%
509.17,3.65,67.50,258.00,100%
509.20,3.63,170.80,502.00,100%
509.20,3.65,74.10,276.00,100%
509.23,3.65,74.60,242.00,100%
509.26,3.65,63.60,232.00,100%
509.29,3.65,72.80,266.00,100%
509.32,3.63,190.50,688.00,100%
509.32,3.65,66.00,240.00,100%
509.35,3.65,65.30,240.00,100%
509.38,3.65,74.60,272.00,100%
509.41,3.65,71.50,232.00,100%
509.44,3.63,151.30,544.00,100%
509.44,3.65,66.90,272.00,100%
509.47,3.65,71.70,262.00,100%
509.50,3.65,65.50,240.00,100%
509.53,3.65,64.50,236.00,100%
509.56,3.63,199.10,714.00,100%
509.56,3.65,73.30,258.00,100%
509.59,3.66,67.30,240.00,100%
509.62,3.65,73.30,268.00,100%
509.65,3.65,72.40,236.00,100%
509.68,3.60,64.20,232.00,100%
509.71,3.65,148.30,538.00,100%
509.71,3.65,53.10,194.00,100%
509.74,3.65,74.30,272.00,100%
509.77,3.65,63.50,232.00,100%
509.80,3.62,102.40,272.00,100%
509.83,3.66,75.80,534.00,100%
509.83,3.65,67.30,240.00,100%
509.86,3.65,63.70,258.00,100%
509.89,3.65,72.80,268.00,100%
509.92,3.61,65.40,240.00,100%
509.95,3.65,118.40,430.00,100%
509.95,3.65,71.90,262.00,100%
509.98,3.65,73.40,268.00,100%
510.01,3.65,66.70,242.00,100%
510.04,3.63,118.30,256.00,100%
510.04,3.65,74.10,576.00,100%
510.07,3.65,73.70,240.00,100%
510.10,3.65,67.70,236.00,100%
510.13,3.65,66.10,256.00,100%
510.16,3.62,77.20,282.00,100%
510.19,3.65,99.00,358.00,100%
510.19,3.65,63.70,232.00,100%
510.22,3.65,69.80,256.00,100%
510.25,3.65,75.50,276.00,100%
510.28,3.63,136.90,236.00,100%
510.31,3.65,72.70,574.00,100%
510.31,3.65,76.40,304.00,100%
510.34,3.65,76.70,266.00,100%
510.37,3.65,62.70,230.00,100%
510.40,3.63,77.30,282.00,100%
510.43,3.65,88.80,322.00,100%
510.43,3.65,66.80,242.00,100%
510.46,3.65,64.50,236.00,100%
510.49,3.65,72.40,276.00,100%
510.52,3.61,165.20,242.00,100%
510.52,3.65,69.00,538.00,100%
510.55,3.65,66.00,258.00,100%
510.58,3.65,72.50,266.00,100%
510.61,3.65,66.30,242.00,100%
510.64,3.63,76.80,278.00,100%
510.67,3.65,75.20,272.00,100%
510.67,3.65,73.50,268.00,100%
510.70,3.66,67.40,240.00,100%
510.73,3.65,63.30,252.00,100%
510.76,3.61,72.50,266.00,100%
510.79,3.65,136.70,494.00,100%
510.79,3.65,62.90,230.00,100%
510.82,3.65,71.20,258.00,100%
510.85,3.65,72.90,266.00,100%
510.88,3.62,83.20,236.00,100%
510.91,3.65,74.10,476.00,100%
510.91,3.65,72.60,304.00,100%
510.94,3.65,72.70,236.00,100%
510.97,3.65,67.50,236.00,100%
511.00,3.61,69.70,252.00,100%
511.06,3.65,120.40,436.00,100%
511.06,3.65,66.20,242.00,100%
511.06,3.65,63.60,232.00,100%
511.09,3.65,69.90,256.00,100%
511.12,3.62,157.40,246.00,100%
511.12,3.65,70.60,550.00,100%
511.18,3.65,63.00,246.00,100%
511.18,3.65,70.80,276.00,100%
511.21,3.65,76.40,246.00,100%
511.24,3.61,67.20,246.00,100%
511.27,3.65,93.10,338.00,100%
511.30,3.65,73.80,268.00,100%
511.30,3.65,67.20,246.00,100%
511.33,3.65,64.30,236.00,100%
511.36,3.63,189.10,262.00,100%
511.39,3.65,75.40,558.00,100%
511.39,3.65,68.30,236.00,100%
511.42,3.66,65.50,252.00,100%
511.45,3.65,73.20,266.00,100%
511.48,3.62,74.40,272.00,100%
511.48,3.65,79.60,288.00,100%
511.51,3.65,70.30,256.00,100%
511.54,3.65,74.50,272.00,100%
511.57,3.65,68.10,240.00,100%
511.60,3.62,222.50,258.00,100%
511.63,3.65,73.70,564.00,100%
511.63,3.65,75.10,242.00,100%
511.66,3.65,63.20,230.00,100%
511.69,3.65,71.00,258.00,100%
511.72,3.63,73.30,268.00,100%
511.75,3.65,68.50,250.00,100%
511.75,3.65,64.50,236.00,100%
511.78,3.65,73.90,268.00,100%
511.81,3.65,71.60,232.00,100%
511.84,3.61,110.00,236.00,100%
511.87,3.65,136.20,492.00,100%
511.87,3.65,71.90,262.00,100%
511.90,3.65,64.60,236.00,100%
511.93,3.65,64.20,232.00,100%
511.96,3.64,73.10,266.00,100%
511.99,3.65,74.60,540.00,100%
511.99,3.65,66.90,240.00,100%
512.02,3.65,43.00,258.00,100%
512.05,3.65,80.30,200.00,100%
512.08,3.61,72.10,262.00,100%
512.11,3.65,102.80,370.00,100%
512.11,3.65,70.10,256.00,100%
512.14,3.65,71.20,258.00,100%
512.17,3.65,64.90,236.00,100%
512.20,3.62,154.80,258.00,100%
512.20,3.65,75.00,580.00,100%
512.23,3.65,69.40,230.00,100%
512.26,3.65,65.40,242.00,100%
512.29,3.65,67.70,262.00,100%
512.32,3.61,70.40,256.00,100%
512.35,3.65,82.50,298.00,100%
512.35,3.65,66.20,242.00,100%
512.38,3.65,71.90,262.00,100%
512.41,3.65,70.20,256.00,100%
512.44,3.63,71.70,236.00,100%
512.44,3.65,66.90,566.00,100%
512.47,3.65,72.60,258.00,100%
512.50,3.65,71.30,236.00,100%
512.53,3.65,65.30,240.00,100%
512.56,3.63,71.20,258.00,100%
512.60,3.66,76.50,276.00,100%
512.60,3.65,63.90,232.00,100%
512.62,3.65,74.50,272.00,100%
512.65,3.65,81.60,288.00,100%
512.68,3.61,91.80,258.00,100%
512.71,3.65,65.40,514.00,100%
512.71,3.65,67.50,266.00,100%
512.74,3.65,69.50,252.00,100%
512.77,3.65,63.50,232.00,100%
512.80,3.64,66.30,242.00,100%
512.83,3.66,73.80,268.00,100%
512.83,3.65,70.10,256.00,100%
512.86,3.65,66.00,246.00,100%
512.89,3.65,65.70,258.00,100%
512.92,3.60,118.20,256.00,100%
512.95,3.65,70.90,432.00,100%
512.95,3.65,66.20,242.00,100%
512.98,3.65,70.80,258.00,100%
513.01,3.65,69.40,252.00,100%
513.04,3.64,64.70,236.00,100%
513.07,3.65,69.30,570.00,100%
513.07,3.65,74.00,256.00,100%
513.10,3.65,67.90,230.00,100%
513.13,3.65,64.60,250.00,100%
513.16,3.61,71.10,258.00,100%
513.19,3.65,97.40,350.00,100%
513.19,3.66,38.90,140.00,100%
513.22,3.66,77.40,282.00,100%
513.25,3.65,74.10,268.00,100%
513.31,3.63,73.20,236.00,100%
513.31,3.65,67.80,580.00,100%
513.31,3.65,70.40,268.00,100%
513.34,3.65,74.50,242.00,100%
513.37,3.65,67.10,232.00,100%
513.40,3.62,70.20,256.00,100%
513.44,3.65,87.20,314.00,100%
513.44,3.65,66.20,242.00,100%
513.46,3.65,63.90,232.00,100%
513.49,3.66,71.70,262.00,100%
513.52,3.62,81.90,236.00,100%
513.55,3.66,67.60,528.00,100%
513.55,3.65,65.00,262.00,100%
513.61,3.65,73.10,268.00,100%
513.61,3.65,65.10,236.00,100%
513.64,3.63,75.60,276.00,100%
513.67,3.65,76.70,278.00,100%
513.67,3.65,71.30,258.00,100%
513.70,3.65,65.20,240.00,100%
513.73,3.65,66.40,268.00,100%
513.76,3.62,96.40,258.00,100%
513.79,3.65,79.60,488.00,100%
513.82,3.65,73.40,268.00,100%
513.82,3.65,81.10,294.00,100%
513.85,3.65,69.40,252.00,100%
513.88,3.63,96.80,354.00,100%
513.91,3.65,67.30,242.00,100%
513.91,3.65,72.30,262.00,100%
513.94,3.65,70.50,236.00,100%
513.97,3.65,64.30,242.00,100%
514.00,3.60,113.10,266.00,100%
514.03,3.65,73.30,420.00,100%
514.03,3.65,64.00,232.00,100%
514.06,3.65,66.90,242.00,100%
514.09,3.65,75.60,276.00,100%
514.12,3.63,68.10,250.00,100%
514.15,3.65,66.40,242.00,100%
514.15,3.65,71.10,272.00,100%
514.18,3.65,74.40,242.00,100%
514.21,3.66,65.90,232.00,100%
514.24,3.61,130.50,258.00,100%
514.27,3.65,99.00,358.00,100%
514.27,3.65,64.30,236.00,100%
514.30,3.65,64.60,236.00,100%
514.33,3.65,70.80,258.00,100%
514.36,3.63,52.60,190.00,100%
514.39,3.66,76.10,466.00,100%
514.42,3.65,67.20,294.00,100%
514.42,3.65,72.70,262.00,100%
514.45,3.65,72.40,236.00,100%
514.48,3.62,63.40,230.00,100%
514.51,3.65,83.00,298.00,100%
514.51,3.65,71.50,262.00,100%
514.54,3.65,63.40,232.00,100%
514.57,3.65,65.40,240.00,100%
514.60,3.62,82.30,262.00,100%
514.63,3.65,72.70,528.00,100%
514.63,3.65,63.40,236.00,100%
514.66,3.65,66.50,262.00,100%
514.69,3.65,70.60,258.00,100%
514.72,3.62,64.70,236.00,100%
514.75,3.65,68.90,250.00,100%
514.75,3.65,70.60,258.00,100%
514.78,3.65,69.70,256.00,100%
514.81,3.65,64.50,240.00,100%
514.84,3.61,89.30,258.00,100%
514.87,3.65,71.10,482.00,100%
514.87,3.65,69.60,236.00,100%
514.90,3.65,65.50,246.00,100%
514.93,3.65,70.80,258.00,100%
514.99,3.63,76.10,278.00,100%
514.99,3.65,72.90,266.00,100%
514.99,3.66,68.40,250.00,100%
515.02,3.65,73.60,268.00,100%
515.05,3.65,68.10,236.00,100%
515.08,3.61,214.80,252.00,100%
515.08,3.65,70.80,430.00,100%
515.11,3.65,75.60,246.00,100%
515.14,3.65,62.30,226.00,100%
515.17,3.65,70.70,258.00,100%
515.20,3.63,73.50,268.00,100%
515.23,3.65,67.60,246.00,100%
515.23,3.65,64.40,236.00,100%
515.26,3.65,73.00,268.00,100%
515.29,3.65,71.50,232.00,100%
515.32,3.61,129.30,236.00,100%
515.35,3.65,95.50,344.00,100%
515.35,3.65,71.10,258.00,100%
515.38,3.65,65.00,236.00,100%
515.41,3.65,63.30,230.00,100%
515.44,3.64,175.10,638.00,100%
515.47,3.65,74.80,558.00,100%
515.47,3.65,66.90,236.00,100%
515.53,3.66,55.30,256.00,100%
515.53,3.65,81.20,196.00,100%
515.56,3.61,221.40,806.00,100%
515.59,3.65,75.20,272.00,100%
515.59,3.65,71.30,258.00,100%
515.62,3.65,72.50,266.00,100%
515.65,3.65,65.80,240.00,100%
515.71,3.62,74.80,262.00,100%
515.71,3.65,74.00,564.00,100%
515.71,3.65,72.60,236.00,100%
515.74,3.65,67.60,236.00,100%
515.77,3.65,65.80,256.00,100%
515.80,3.63,74.20,272.00,100%
515.83,3.65,68.90,250.00,100%
515.83,3.65,64.00,232.00,100%
515.89,3.66,70.30,256.00,100%
515.89,3.65,74.80,272.00,100%
515.92,3.62,228.90,232.00,100%
515.92,3.65,62.70,472.00,100%
515.95,3.65,71.70,276.00,100%
515.98,3.65,75.90,246.00,100%
516.01,3.65,62.90,230.00,100%
516.04,3.63,70.70,258.00,100%
516.07,3.65,75.90,276.00,100%
516.10,3.65,66.10,242.00,100%
516.10,3.65,63.60,232.00,100%
516.13,3.65,80.20,302.00,100%
516.16,3.61,116.80,272.00,100%
516.19,3.65,67.50,380.00,100%
516.19,3.65,65.60,256.00,100%
516.22,3.65,73.40,268.00,100%
516.25,3.65,65.50,240.00,100%
516.28,3.63,64.00,232.00,100%
516.31,3.65,71.80,262.00,100%
516.31,3.65,74.30,272.00,100%
516.34,3.65,68.30,236.00,100%
516.37,3.65,63.10,250.00,100%
516.40,3.61,132.40,276.00,100%
516.43,3.65,76.10,318.00,100%
516.43,3.65,63.60,232.00,100%
516.46,3.66,68.00,250.00,100%
516.49,3.65,75.00,272.00,100%
516.52,3.63,71.60,262.00,100%
516.52,3.65,66.10,242.00,100%
516.55,3.65,70.20,268.00,100%
516.58,3.65,71.90,246.00,100%
516.61,3.65,69.30,236.00,100%
516.64,3.61,169.20,272.00,100%
516.64,3.66,79.40,288.00,100%
516.67,3.65,62.50,230.00,100%
516.70,3.65,72.50,266.00,100%
516.73,3.65,70.10,256.00,100%
516.76,3.62,82.00,266.00,100%
516.79,3.65,71.30,522.00,100%
516.79,3.65,64.00,240.00,100%
516.82,3.65,67.70,266.00,100%
516.85,3.65,73.80,256.00,100%
516.88,3.62,63.30,230.00,100%
516.94,3.65,67.10,242.00,100%
516.94,3.65,72.60,266.00,100%
516.94,3.65,69.30,252.00,100%
516.97,3.65,64.50,236.00,100%
517.00,3.62,89.20,262.00,100%
517.03,3.65,71.70,466.00,100%
517.03,3.65,70.90,236.00,100%
517.06,3.65,65.40,240.00,100%
517.12,3.65,71.40,258.00,100%
517.12,3.63,69.60,252.00,100%
517.12,3.65,67.20,242.00,100%
517.15,3.65,64.40,236.00,100%
517.18,3.66,71.80,262.00,100%
517.21,3.65,72.60,240.00,100%
517.24,3.61,218.10,230.00,100%
517.27,3.65,64.70,396.00,100%
517.27,3.65,82.30,288.00,100%
517.30,3.65,72.90,266.00,100%
517.33,3.65,63.30,230.00,100%
517.36,3.64,73.30,268.00,100%
517.39,3.65,72.60,266.00,100%
517.39,3.65,64.70,236.00,100%
517.42,3.65,66.00,268.00,100%
517.45,3.65,71.20,262.00,100%
517.48,3.61,136.00,240.00,100%
517.51,3.65,66.00,302.00,100%
517.51,3.65,72.80,266.00,100%
517.54,3.65,71.20,258.00,100%
517.57,3.65,66.10,242.00,100%
517.60,3.63,69.30,252.00,100%
517.63,3.66,73.80,268.00,100%
517.63,3.65,73.90,240.00,100%
517.66,3.66,65.90,236.00,100%
517.69,3.65,63.90,258.00,100%
517.72,3.61,73.70,268.00,100%
517.72,3.65,72.00,262.00,100%
517.75,3.65,63.00,230.00,100%
517.78,3.65,72.90,266.00,100%
517.81,3.65,71.80,262.00,100%
517.84,3.62,50.70,236.00,100%
517.87,3.65,72.90,442.00,100%
517.87,3.65,74.90,298.00,100%
517.90,3.65,71.90,236.00,100%
517.93,3.65,66.10,236.00,100%
517.96,3.63,71.10,258.00,100%
517.99,3.65,72.80,262.00,100%
517.99,3.65,65.90,240.00,100%
518.02,3.65,63.30,230.00,100%
518.05,3.65,71.60,262.00,100%
518.08,3.62,99.00,236.00,100%
518.11,3.65,66.10,432.00,100%
518.11,3.65,63.50,258.00,100%
518.14,3.65,73.10,266.00,100%
518.17,3.65,73.50,240.00,100%
518.20,3.63,65.50,240.00,100%
518.23,3.65,75.00,272.00,100%
518.23,3.65,71.20,258.00,100%
518.26,3.65,65.40,240.00,100%
518.29,3.65,65.10,236.00,100%
518.32,3.61,118.90,266.00,100%
518.32,3.65,71.10,348.00,100%
518.35,3.65,66.30,236.00,100%
518.38,3.66,66.10,266.00,100%
518.41,3.65,71.30,258.00,100%
518.44,3.63,139.50,512.00,100%
518.47,3.65,73.30,266.00,100%
518.47,3.65,71.90,262.00,100%
518.50,3.65,73.50,268.00,100%
518.53,3.65,67.40,240.00,100%
518.56,3.61,130.50,262.00,100%
518.59,3.65,72.90,324.00,100%
518.59,3.65,74.90,242.00,100%
518.62,3.65,62.70,230.00,100%
518.65,3.65,71.10,258.00,100%
518.68,3.63,78.80,288.00,100%
518.71,3.65,67.70,246.00,100%
518.71,3.65,64.20,232.00,100%
518.74,3.65,72.80,272.00,100%
518.77,3.65,72.90,236.00,100%
518.80,3.61,151.50,236.00,100%
518.83,3.65,66.20,272.00,100%
518.83,3.65,73.20,266.00,100%
518.86,3.65,66.30,242.00,100%
518.89,3.65,63.80,232.00,100%
518.92,3.63,80.20,292.00,100%
518.95,3.65,74.50,508.00,100%
518.95,3.65,68.60,236.00,100%
518.98,3.66,54.90,246.00,100%
519.01,3.65,78.90,196.00,100%
519.04,3.62,74.30,272.00,100%
519.07,3.65,67.40,246.00,100%
519.07,3.65,68.20,250.00,100%
519.10,3.65,75.10,276.00,100%
519.13,3.65,67.40,246.00,100%
519.16,3.61,95.90,256.00,100%
519.19,3.65,70.90,466.00,100%
519.19,3.65,74.20,242.00,100%
519.22,3.65,68.30,236.00,100%
519.25,3.65,65.80,252.00,100%
519.28,3.63,74.50,272.00,100%
519.31,3.65,68.20,250.00,100%
519.31,3.65,64.20,232.00,100%
519.35,3.65,69.10,252.00,100%
519.37,3.65,74.60,272.00,100%
519.40,3.61,117.60,226.00,100%
519.43,3.65,63.50,350.00,100%
519.43,3.65,70.00,268.00,100%
519.46,3.65,75.30,246.00,100%
519.49,3.65,63.50,232.00,100%
519.52,3.64,71.20,258.00,100%
519.55,3.66,74.20,268.00,100%
519.55,3.65,67.20,246.00,100%
519.58,3.65,72.10,262.00,100%
519.61,3.65,78.80,298.00,100%
519.64,3.63,79.00,256.00,100%
519.67,3.65,76.90,550.00,100%
519.67,3.65,70.00,266.00,100%
519.70,3.65,77.30,250.00,100%
519.73,3.65,62.80,230.00,100%
519.76,3.64,69.90,256.00,100%
519.79,3.65,158.90,576.00,100%
519.79,3.65,67.20,246.00,100%
519.82,3.65,64.40,236.00,100%
519.85,3.65,71.30,278.00,100%
519.88,3.62,85.10,246.00,100%
519.91,3.65,71.60,512.00,100%
519.91,3.65,66.00,252.00,100%
519.94,3.65,73.80,268.00,100%
519.97,3.65,66.80,242.00,100%
520.00,3.63,63.30,230.00,100%
520.03,3.65,141.10,512.00,100%
520.03,3.65,74.70,272.00,100%
520.06,3.65,69.00,236.00,100%
520.09,3.65,63.10,246.00,100%
520.12,3.65,70.60,276.00,100%
520.15,3.65,149.70,540.00,100%
520.15,3.65,63.20,230.00,100%
520.18,3.65,43.90,160.00,100%
520.21,3.65,82.10,298.00,100%
520.24,3.62,67.70,246.00,100%
520.27,3.65,113.70,410.00,100%
520.27,3.65,71.50,272.00,100%
520.30,3.65,73.90,240.00,100%
520.33,3.65,67.80,236.00,100%
520.36,3.65,65.80,256.00,100%
520.39,3.65,159.80,580.00,100%
520.39,3.65,65.30,240.00,100%
520.42,3.65,64.20,232.00,100%
520.45,3.65,70.30,256.00,100%
520.48,3.63,76.40,246.00,100%
520.51,3.65,94.20,508.00,100%
520.51,3.65,64.00,252.00,100%
520.54,3.65,72.00,272.00,100%
520.57,3.65,74.60,242.00,100%
520.60,3.64,62.90,230.00,100%
520.63,3.65,160.80,580.00,100%
520.66,3.65,73.50,268.00,100%
520.66,3.65,64.90,236.00,100%
520.69,3.65,64.50,236.00,100%
520.72,3.65,74.30,272.00,100%
520.75,3.66,83.10,508.00,100%
520.75,3.65,73.70,236.00,100%
520.78,3.65,73.50,294.00,100%
520.81,3.65,80.30,292.00,100%
520.84,3.63,64.50,236.00,100%
520.87,3.65,143.70,522.00,100%
520.87,3.65,72.30,262.00,100%
520.90,3.65,71.90,262.00,100%
520.93,3.65,66.80,236.00,100%
520.96,3.66,63.70,258.00,100%
520.99,3.65,74.80,544.00,100%
520.99,3.65,72.70,240.00,100%
521.02,3.65,64.70,236.00,100%
521.05,3.65,69.90,256.00,100%
521.08,3.63,71.80,262.00,100%
521.11,3.65,131.30,476.00,100%
521.11,3.65,65.10,236.00,100%
521.14,3.65,72.10,262.00,100%
521.17,3.65,71.30,236.00,100%
521.20,3.65,65.90,242.00,100%
521.24,3.65,68.20,560.00,100%
521.24,3.65,71.50,262.00,100%
521.26,3.65,63.50,232.00,100%
521.29,3.65,65.90,240.00,100%
521.32,3.62,71.90,262.00,100%
521.35,3.65,91.70,330.00,100%
521.38,3.65,73.50,150.00,100%
521.38,3.65,66.00,294.00,100%
521.41,3.65,72.90,262.00,100%
521.44,3.64,73.40,240.00,100%
521.47,3.65,151.20,548.00,100%
521.47,3.65,70.90,258.00,100%
521.50,3.65,73.50,268.00,100%
521.53,3.65,64.70,236.00,100%
521.56,3.61,64.00,232.00,100%
521.56,3.65,95.30,548.00,100%
521.59,3.65,74.50,246.00,100%
521.62,3.65,65.50,230.00,100%
521.65,3.65,64.80,256.00,100%
521.68,3.64,74.70,272.00,100%
521.71,3.65,153.50,558.00,100%
521.71,3.65,64.40,236.00,100%
521.74,3.66,67.70,246.00,100%
521.77,3.65,72.50,266.00,100%
521.80,3.65,69.50,236.00,100%
521.83,3.65,74.60,512.00,100%
521.83,3.66,66.60,258.00,100%
521.86,3.65,73.20,256.00,100%
521.89,3.66,64.70,236.00,100%
521.92,3.63,64.70,236.00,100%
521.95,3.65,159.00,576.00,100%
521.95,3.65,76.70,278.00,100%
521.98,3.65,64.60,236.00,100%
522.01,3.65,65.80,240.00,100%
522.04,3.66,71.30,258.00,100%
522.08,3.65,73.40,518.00,100%
522.08,3.65,65.50,236.00,100%
522.10,3.65,66.60,258.00,100%
522.13,3.65,70.30,256.00,100%
522.16,3.63,64.20,232.00,100%
522.19,3.66,126.60,458.00,100%
522.19,3.66,72.80,266.00,100%
522.22,3.65,72.70,266.00,100%
522.25,3.65,66.60,240.00,100%
522.28,3.65,65.10,266.00,100%
522.31,3.65,74.70,566.00,100%
522.31,3.65,74.60,242.00,100%
522.34,3.65,62.90,230.00,100%
522.37,3.65,71.30,258.00,100%
522.40,3.62,72.80,266.00,100%
522.43,3.65,106.80,386.00,100%
522.43,3.65,64.50,236.00,100%
522.46,3.65,71.50,276.00,100%
522.49,3.65,49.80,240.00,100%
522.52,3.64,75.60,158.00,100%
522.55,3.65,165.70,600.00,100%
522.55,3.65,73.60,268.00,100%
522.58,3.65,67.80,246.00,100%
522.61,3.65,63.40,232.00,100%
522.64,3.61,68.10,250.00,100%
522.67,3.65,93.60,522.00,100%
522.67,3.66,70.10,236.00,100%
522.70,3.65,62.80,240.00,100%
522.73,3.65,68.90,266.00,100%
522.76,3.61,67.90,250.00,100%
522.76,3.65,149.10,540.00,100%
522.79,3.65,66.70,242.00,100%
522.82,3.65,71.70,262.00,100%
522.85,3.65,69.30,252.00,100%
522.88,3.63,73.90,246.00,100%
522.91,3.65,74.40,534.00,100%
522.91,3.65,70.80,250.00,100%
522.94,3.65,70.60,236.00,100%
522.97,3.65,66.20,242.00,100%
523.00,3.64,70.40,256.00,100%
523.00,3.65,145.90,528.00,100%
523.03,3.66,64.00,232.00,100%
523.06,3.66,66.10,242.00,100%
523.09,3.65,80.60,294.00,100%
523.12,3.65,77.30,266.00,100%
523.15,3.65,64.70,548.00,100%
523.15,3.65,67.70,268.00,100%
523.18,3.65,74.30,256.00,100%
523.21,3.65,63.10,230.00,100%
523.24,3.63,67.30,246.00,100%
523.27,3.65,127.90,462.00,100%
523.27,3.65,69.20,252.00,100%
523.30,3.65,64.40,236.00,100%
523.33,3.65,68.90,268.00,100%
523.36,3.65,72.80,252.00,100%
523.42,3.65,71.30,540.00,100%
523.42,3.65,66.00,246.00,100%
523.42,3.65,70.80,258.00,100%
523.45,3.65,68.20,250.00,100%
523.48,3.62,64.10,232.00,100%
523.51,3.66,101.30,368.00,100%
523.51,3.65,72.70,266.00,100%
523.54,3.65,70.00,236.00,100%
523.57,3.65,62.90,240.00,100%
523.60,3.64,70.60,266.00,100%
523.63,3.65,78.50,570.00,100%
523.63,3.65,63.30,230.00,100%
523.66,3.65,45.70,168.00,100%
523.69,3.65,83.20,304.00,100%
523.72,3.66,67.70,246.00,100%
523.75,3.65,80.30,292.00,100%
523.75,3.65,70.80,278.00,100%
523.78,3.65,74.00,242.00,100%
523.81,3.65,68.50,236.00,100%
523.84,3.64,69.40,252.00,100%
523.87,3.65,157.20,566.00,100%
523.87,3.65,66.50,242.00,100%
523.90,3.65,64.20,232.00,100%
523.93,3.65,69.60,252.00,100%
523.96,3.66,75.50,250.00,100%
523.96,3.65,72.30,512.00,100%
523.99,3.66,63.10,250.00,100%
524.02,3.65,71.70,272.00,100%
524.05,3.65,75.80,242.00,100%
524.08,3.63,62.80,230.00,100%
524.11,3.65,141.30,512.00,100%
524.11,3.65,73.70,268.00,100%
524.14,3.65,66.00,240.00,100%
524.17,3.65,64.20,232.00,100%
524.20,3.65,71.50,268.00,100%
524.23,3.66,74.00,528.00,100%
524.23,3.66,74.30,232.00,100%
524.26,3.65,72.00,292.00,100%
524.29,3.65,76.90,282.00,100%
524.32,3.62,65.60,240.00,100%
524.35,3.65,113.70,410.00,100%
524.35,3.66,71.10,258.00,100%
524.38,3.65,71.80,262.00,100%
524.41,3.66,66.80,240.00,100%
524.44,3.65,64.50,256.00,100%
524.47,3.65,74.30,570.00,100%
524.47,3.65,72.00,236.00,100%
524.50,3.65,65.30,240.00,100%
524.53,3.65,70.50,256.00,100%
524.59,3.62,69.00,252.00,100%
524.59,3.65,91.30,330.00,100%
524.59,3.65,66.80,242.00,100%
524.62,3.65,74.30,256.00,100%
524.65,3.65,68.40,230.00,100%
524.68,3.64,66.50,250.00,100%
524.71,3.65,71.50,586.00,100%
524.71,3.65,67.80,246.00,100%
524.74,3.65,62.70,230.00,100%
524.77,3.65,69.60,252.00,100%
524.80,3.61,74.30,272.00,100%
524.83,3.65,59.20,212.00,100%
524.83,3.65,73.20,216.00,100%
524.86,3.65,70.80,294.00,100%
524.89,3.65,74.20,242.00,100%
524.92,3.61,62.90,230.00,100%
524.95,3.65,152.00,550.00,100%
524.95,3.65,71.50,262.00,100%
524.98,3.65,65.50,240.00,100%
525.01,3.65,64.20,232.00,100%
525.04,3.65,71.40,262.00,100%
525.07,3.65,76.30,524.00,100%
525.07,3.65,64.80,236.00,100%
525.10,3.65,66.40,262.00,100%
525.13,3.65,72.90,256.00,100%
525.16,3.63,62.80,230.00,100%
525.19,3.65,132.90,482.00,100%
525.19,3.65,73.00,266.00,100%
525.22,3.65,67.40,246.00,100%
525.25,3.65,63.90,232.00,100%
525.28,3.65,68.70,266.00,100%
525.31,3.65,77.00,540.00,100%
525.31,3.66,66.50,232.00,100%
525.34,3.65,65.10,256.00,100%
525.37,3.66,74.30,272.00,100%
525.40,3.63,57.30,210.00,100%
525.43,3.65,117.60,426.00,100%
525.43,3.65,74.10,268.00,100%
525.46,3.65,73.10,266.00,100%
525.49,3.65,66.50,236.00,100%
525.52,3.64,64.20,258.00,100%
525.55,3.65,74.80,580.00,100%
525.55,3.65,72.80,240.00,100%
525.58,3.65,65.20,240.00,100%
525.61,3.65,71.90,262.00,100%
525.64,3.62,70.30,256.00,100%
525.67,3.65,87.00,314.00,100%
525.67,3.65,65.60,240.00,100%
525.70,3.65,72.70,256.00,100%
525.73,3.65,70.60,236.00,100%
525.76,3.64,69.40,242.00,100%
525.79,3.65,69.30,584.00,100%
525.79,3.65,70.10,256.00,100%
525.82,3.65,63.00,230.00,100%
525.85,3.65,67.50,246.00,100%
525.88,3.61,72.30,262.00,100%
525.91,3.65,78.60,286.00,100%
525.91,3.65,64.80,242.00,100%
525.94,3.66,68.50,266.00,100%
525.97,3.65,70.20,246.00,100%
526.00,3.63,71.70,262.00,100%
526.00,3.65,157.40,570.00,100%
526.03,3.65,70.80,258.00,100%
526.06,3.65,68.60,250.00,100%
526.09,3.65,63.00,230.00,100%
526.12,3.65,69.60,266.00,100%
526.15,3.65,155.60,522.00,100%
526.18,3.65,68.50,236.00,100%
526.21,3.65,63.20,246.00,100%
526.21,3.65,70.00,266.00,100%
526.24,3.61,67.10,246.00,100%
526.24,3.65,141.00,512.00,100%
526.27,3.65,69.50,252.00,100%
526.30,3.65,74.10,268.00,100%
526.33,3.65,67.60,246.00,100%
526.36,3.65,64.10,250.00,100%
526.39,3.65,137.20,548.00,100%
526.39,3.65,73.70,240.00,100%
526.42,3.65,68.20,236.00,100%
526.45,3.65,65.80,252.00,100%
526.48,3.63,75.80,276.00,100%
526.51,3.65,150.80,548.00,100%
526.51,3.66,63.50,232.00,100%
526.54,3.65,46.60,170.00,100%
526.57,3.65,82.60,302.00,100%
526.60,3.64,68.40,258.00,100%
526.60,3.65,107.30,524.00,100%
526.63,3.65,71.50,272.00,100%
526.66,3.65,75.30,242.00,100%
526.69,3.65,62.60,230.00,100%
526.72,3.62,70.40,256.00,100%
526.75,3.65,160.20,580.00,100%
526.75,3.65,65.50,240.00,100%
526.78,3.65,64.70,236.00,100%
526.81,3.65,74.20,268.00,100%
526.87,3.64,76.70,236.00,100%
526.87,3.65,89.40,508.00,100%
526.87,3.65,67.10,268.00,100%
526.90,3.65,70.10,256.00,100%
526.93,3.65,64.40,236.00,100%
526.96,3.62,65.50,240.00,100%
526.99,3.65,160.20,580.00,100%
526.99,3.65,70.70,258.00,100%
527.02,3.65,66.30,242.00,100%
527.05,3.65,65.50,256.00,100%
527.08,3.63,82.90,256.00,100%
527.11,3.65,139.90,508.00,100%
527.11,3.65,66.20,242.00,100%
527.14,3.65,79.50,292.00,100%
527.20,3.65,76.20,278.00,100%
527.20,3.61,64.00,232.00,100%
527.20,3.65,148.70,538.00,100%
527.23,3.65,74.40,252.00,100%
527.26,3.65,66.60,230.00,100%
527.29,3.65,65.10,252.00,100%
527.32,3.63,73.00,266.00,100%
527.35,3.65,143.70,522.00,100%
527.35,3.65,62.90,230.00,100%
527.38,3.65,69.90,256.00,100%
527.41,3.65,74.30,272.00,100%
527.44,3.65,68.50,236.00,100%
527.47,3.65,130.00,524.00,100%
527.47,3.65,69.00,258.00,100%
527.50,3.65,76.00,250.00,100%
527.53,3.65,68.70,236.00,100%
527.56,3.63,69.00,252.00,100%
527.59,3.65,157.80,570.00,100%
527.59,3.65,68.20,250.00,100%
527.62,3.65,63.90,232.00,100%
527.65,3.65,68.20,250.00,100%
527.68,3.64,71.20,246.00,100%
527.71,3.65,85.60,498.00,100%
527.71,3.65,72.80,154.00,100%
527.74,3.65,70.70,294.00,100%
527.77,3.65,70.20,256.00,100%
527.80,3.63,64.30,236.00,100%
527.83,3.65,154.10,558.00,100%
527.83,3.65,71.60,262.00,100%
527.86,3.65,70.10,256.00,100%
527.89,3.65,66.00,242.00,100%
527.92,3.64,70.40,262.00,100%
527.95,3.65,94.10,530.00,100%
527.95,3.65,71.60,236.00,100%
527.98,3.65,65.60,240.00,100%
528.01,3.65,71.00,258.00,100%
528.04,3.62,71.00,258.00,100%
528.07,3.65,152.90,554.00,100%
528.07,3.65,65.10,236.00,100%
528.10,3.65,72.50,262.00,100%
528.13,3.65,71.70,236.00,100%
528.16,3.61,73.30,240.00,100%
528.19,3.65,75.80,534.00,100%
528.19,3.65,71.70,262.00,100%
528.22,3.65,63.50,232.00,100%
528.25,3.65,65.60,240.00,100%
528.28,3.65,72.50,266.00,100%
528.31,3.65,154.80,560.00,100%
528.31,3.66,73.30,262.00,100%
528.34,3.65,65.50,294.00,100%
528.37,3.65,72.90,258.00,100%
528.40,3.63,63.60,232.00,100%
528.43,3.65,143.10,518.00,100%
528.43,3.65,71.70,262.00,100%
528.46,3.65,72.60,266.00,100%
528.49,3.65,63.80,232.00,100%
528.52,3.65,66.40,268.00,100%
528.55,3.65,137.80,534.00,100%
528.55,3.65,72.70,240.00,100%
528.58,3.65,63.80,232.00,100%
528.61,3.65,65.60,266.00,100%
528.64,3.63,70.80,258.00,100%
528.67,3.65,147.20,530.00,100%
528.67,3.65,65.60,240.00,100%
528.70,3.65,69.80,256.00,100%
528.73,3.65,71.70,262.00,100%
528.76,3.63,65.40,236.00,100%
528.79,3.65,104.60,524.00,100%
528.79,3.65,70.40,258.00,100%
528.82,3.65,72.60,240.00,100%
528.85,3.66,51.60,236.00,100%
528.88,3.63,50.40,184.00,100%
528.91,3.65,167.30,606.00,100%
528.91,3.65,65.90,240.00,100%
528.94,3.65,65.10,236.00,100%
528.97,3.65,73.00,266.00,100%
529.00,3.63,75.90,230.00,100%
529.03,3.65,84.10,508.00,100%
529.03,3.65,66.00,268.00,100%
529.06,3.65,75.10,262.00,100%
529.09,3.65,63.60,232.00,100%
529.12,3.62,65.00,236.00,100%
529.15,3.65,160.50,580.00,100%
529.15,3.65,71.30,258.00,100%
529.18,3.65,65.50,240.00,100%
529.21,3.65,66.80,268.00,100%
529.24,3.63,81.20,262.00,100%
529.24,3.65,80.70,512.00,100%
529.27,3.65,66.80,236.00,100%
529.30,3.65,69.70,256.00,100%
529.33,3.65,71.10,258.00,100%
529.36,3.61,65.00,236.00,100%
529.39,3.65,144.50,522.00,100%
529.39,3.65,71.70,262.00,100%
529.42,3.66,72.70,240.00,100%
529.45,3.65,71.60,230.00,100%
529.48,3.63,99.40,288.00,100%
529.51,3.65,158.60,574.00,100%
529.51,3.65,63.30,230.00,100%
529.54,3.65,64.70,236.00,100%
529.57,3.65,71.30,258.00,100%
529.60,3.64,70.70,258.00,100%
529.63,3.65,126.40,508.00,100%
529.63,3.65,71.80,258.00,100%
529.66,3.65,72.10,240.00,100%
529.69,3.65,63.50,232.00,100%
529.72,3.65,66.50,262.00,100%
529.75,3.63,146.70,530.00,100%
529.75,3.65,63.20,230.00,100%
529.78,3.66,66.00,240.00,100%
529.81,3.65,71.00,258.00,100%
529.84,3.66,69.90,256.00,100%
529.87,3.63,140.20,514.00,100%
529.87,3.65,68.10,266.00,100%
529.90,3.65,71.30,250.00,100%
529.93,3.65,70.00,236.00,100%
529.96,3.66,66.10,246.00,100%
529.99,3.65,146.50,530.00,100%
529.99,3.65,68.60,250.00,100%
530.02,3.65,63.70,232.00,100%
530.05,3.65,61.90,226.00,100%
530.08,3.66,80.80,294.00,100%
530.11,3.62,143.80,534.00,100%
530.11,3.65,62.90,242.00,100%
530.14,3.65,69.70,268.00,100%
530.17,3.65,74.90,250.00,100%
530.20,3.65,63.00,230.00,100%
530.24,3.65,144.10,522.00,100%
530.24,3.65,72.70,266.00,100%
530.26,3.65,67.60,246.00,100%
530.29,3.65,64.40,236.00,100%
530.32,3.65,70.70,268.00,100%
530.35,3.62,148.00,514.00,100%
530.35,3.66,68.30,236.00,100%
530.38,3.65,65.80,252.00,100%
530.41,3.65,72.80,266.00,100%
530.44,3.65,66.30,242.00,100%
530.47,3.65,138.50,502.00,100%
530.47,3.66,69.40,252.00,100%
530.50,3.65,75.10,276.00,100%
530.53,3.65,68.80,236.00,100%
530.56,3.65,63.20,250.00,100%
530.59,3.63,150.20,544.00,100%
530.62,3.65,65.30,246.00,100%
530.62,3.65,41.40,150.00,100%
530.65,3.65,76.00,276.00,100%
530.68,3.66,77.40,282.00,100%
530.71,3.65,142.40,514.00,100%
530.71,3.65,64.20,232.00,100%
530.74,3.65,70.60,272.00,100%
530.77,3.65,72.80,246.00,100%
530.80,3.65,68.80,236.00,100%
530.83,3.63,150.90,518.00,100%
530.83,3.66,71.80,262.00,100%
530.86,3.65,67.40,246.00,100%
530.89,3.65,64.30,236.00,100%
530.92,3.66,67.00,246.00,100%
530.98,3.62,148.00,538.00,100%
530.98,3.65,70.30,236.00,100%
530.98,3.65,64.10,240.00,100%
531.01,3.65,67.70,266.00,100%
531.04,3.65,74.30,252.00,100%
531.07,3.64,138.60,502.00,100%
531.07,3.65,65.50,240.00,100%
531.10,3.65,72.80,266.00,100%
531.13,3.65,68.60,250.00,100%
531.16,3.66,64.20,232.00,100%
531.19,3.62,144.30,540.00,100%
531.19,3.65,80.30,252.00,100%
531.22,3.65,77.20,266.00,100%
531.25,3.65,64.90,272.00,100%
531.28,3.65,72.50,266.00,100%
531.31,3.65,143.80,522.00,100%
531.31,3.65,64.70,236.00,100%
531.34,3.65,66.40,242.00,100%
531.37,3.65,72.50,266.00,100%
531.40,3.65,70.00,236.00,100%
531.43,3.62,138.80,512.00,100%
531.43,3.65,67.40,262.00,100%
531.46,3.65,73.50,252.00,100%
531.49,3.65,64.40,236.00,100%
531.52,3.66,66.40,242.00,100%
531.55,3.65,147.40,534.00,100%
531.55,3.65,67.30,246.00,100%
531.58,3.65,64.20,232.00,100%
531.61,3.65,68.90,266.00,100%
531.64,3.65,74.20,252.00,100%
531.67,3.63,149.30,508.00,100%
531.67,3.65,65.10,246.00,100%
531.70,3.65,73.00,266.00,100%
531.73,3.65,68.30,250.00,100%
531.76,3.65,65.10,236.00,100%
531.79,3.65,115.70,420.00,100%
531.79,3.66,79.50,288.00,100%
531.82,3.65,72.10,262.00,100%
531.85,3.65,65.40,240.00,100%
531.88,3.66,65.10,262.00,100%
531.91,3.64,160.20,534.00,100%
531.91,3.65,65.70,240.00,100%
531.94,3.65,63.10,230.00,100%
531.97,3.65,73.10,266.00,100%
532.00,3.66,72.00,262.00,100%
532.03,3.62,140.90,512.00,100%
532.03,3.65,64.60,236.00,100%
532.06,3.65,71.90,272.00,100%
532.09,3.65,73.60,240.00,100%
532.12,3.65,67.90,236.00,100%
532.15,3.64,144.00,522.00,100%
532.15,3.65,74.00,268.00,100%
532.18,3.65,69.00,252.00,100%
532.21,3.65,63.30,230.00,100%
532.24,3.66,67.10,246.00,100%
532.27,3.62,149.40,530.00,100%
532.27,3.65,70.90,240.00,100%
532.30,3.65,63.60,232.00,100%
532.33,3.66,66.40,258.00,100%
532.36,3.65,81.20,262.00,100%
532.39,3.65,146.60,530.00,100%
532.39,3.65,72.70,266.00,100%
532.42,3.66,71.20,258.00,100%
532.45,3.65,73.30,268.00,100%
532.48,3.66,66.60,242.00,100%
532.51,3.63,140.10,524.00,100%
532.51,3.65,68.90,266.00,100%
532.54,3.65,76.00,250.00,100%
532.57,3.65,69.60,236.00,100%
532.60,3.66,66.10,242.00,100%
532.63,3.65,148.90,538.00,100%
532.63,3.65,69.00,252.00,100%
532.66,3.65,64.40,236.00,100%
532.69,3.65,66.10,242.00,100%
532.72,3.65,72.80,266.00,100%
532.75,3.63,151.50,504.00,100%
532.75,3.65,65.90,240.00,100%
532.78,3.65,66.70,266.00,100%
532.81,3.65,71.40,258.00,100%
532.84,3.66,65.50,240.00,100%
532.87,3.65,138.50,502.00,100%
532.87,3.66,71.30,258.00,100%
532.90,3.65,73.60,268.00,100%
532.93,3.65,45.00,236.00,100%
532.96,3.65,70.70,170.00,100%
532.99,3.64,156.90,570.00,100%
532.99,3.65,76.20,246.00,100%
533.02,3.65,62.60,230.00,100%
533.05,3.65,69.20,252.00,100%
533.08,3.66,74.80,272.00,100%
533.11,3.65,142.50,514.00,100%
533.11,3.65,64.40,236.00,100%
533.14,3.65,71.10,278.00,100%
533.17,3.65,74.00,240.00,100%
533.20,3.65,68.60,236.00,100%
533.23,3.65,155.30,522.00,100%
533.23,3.65,72.70,266.00,100%
533.26,3.65,67.40,246.00,100%
533.29,3.65,63.90,232.00,100%
533.32,3.62,67.70,246.00,100%
533.35,3.62,147.90,534.00,100%
533.35,3.65,70.40,240.00,100%
533.38,3.65,63.10,236.00,100%
533.41,3.65,68.10,266.00,100%
533.44,3.65,74.00,256.00,100%
533.47,3.65,138.30,502.00,100%
533.47,3.66,64.70,236.00,100%
533.50,3.65,71.30,258.00,100%
533.53,3.65,78.70,288.00,100%
533.56,3.66,72.70,266.00,100%
533.59,3.62,142.90,564.00,100%
533.59,3.65,70.20,256.00,100%
533.62,3.65,72.90,240.00,100%
533.65,3.65,66.60,236.00,100%
533.68,3.65,71.40,258.00,100%
533.71,3.65,148.90,538.00,100%
533.71,3.65,65.80,240.00,100%
533.74,3.65,64.00,232.00,100%
533.77,3.65,70.70,258.00,100%
533.80,3.65,76.40,250.00,100%
533.86,3.63,147.90,498.00,100%
533.86,3.65,64.70,252.00,100%
533.86,3.65,70.10,266.00,100%
533.89,3.65,68.10,250.00,100%
533.92,3.65,62.40,226.00,100%
533.98,3.65,142.10,514.00,100%
533.98,3.65,71.50,262.00,100%
534.01,3.65,69.80,256.00,100%
534.01,3.65,66.10,242.00,100%
534.04,3.66,65.30,256.00,100%
534.07,3.64,158.60,534.00,100%
534.07,3.65,46.90,236.00,100%
534.10,3.65,40.30,148.00,100%
534.13,3.65,77.50,282.00,100%
534.16,3.66,72.60,266.00,100%
534.19,3.65,140.60,508.00,100%
534.19,3.65,64.40,236.00,100%
534.22,3.65,73.80,268.00,100%
534.25,3.65,73.00,236.00,100%
534.28,3.66,66.20,236.00,100%
534.31,3.64,154.10,530.00,100%
534.31,3.65,74.00,268.00,100%
534.34,3.65,65.00,236.00,100%
534.37,3.65,64.30,236.00,100%
534.40,3.62,69.90,256.00,100%
534.43,3.62,149.50,540.00,100%
534.43,3.65,68.70,236.00,100%
534.46,3.65,64.30,250.00,100%
534.49,3.65,68.80,266.00,100%
534.52,3.65,75.50,252.00,100%
534.58,3.65,137.90,498.00,100%
534.58,3.65,66.30,242.00,100%
534.58,3.65,73.40,268.00,100%
534.61,3.65,67.90,250.00,100%
534.64,3.67,64.40,236.00,100%
534.67,3.64,146.60,538.00,100%
534.67,3.65,81.10,256.00,100%
534.70,3.65,77.10,262.00,100%
534.73,3.65,65.30,272.00,100%
534.76,3.66,72.00,262.00,100%
534.79,3.65,145.90,528.00,100%
534.79,3.65,65.00,236.00,100%
534.82,3.65,64.70,236.00,100%
534.85,3.65,71.40,258.00,100%
534.88,3.65,70.60,236.00,100%
534.91,3.63,145.80,504.00,100%
534.91,3.65,65.60,258.00,100%
534.94,3.65,72.70,256.00,100%
534.97,3.65,64.60,236.00,100%
535.00,3.65,64.70,236.00,100%
535.03,3.65,147.10,530.00,100%
535.03,3.65,69.10,252.00,100%
535.06,3.65,64.60,236.00,100%
535.09,3.65,66.80,242.00,100%
535.12,3.65,73.10,258.00,100%
535.15,3.64,158.60,512.00,100%
535.15,3.65,65.50,240.00,100%
535.18,3.65,67.30,262.00,100%
535.21,3.65,69.40,252.00,100%
535.24,3.65,64.90,236.00,100%
535.27,3.65,115.20,416.00,100%
535.27,3.65,78.90,288.00,100%
535.30,3.65,72.30,262.00,100%
535.33,3.65,66.20,240.00,100%
535.36,3.65,63.90,258.00,100%
535.39,3.65,162.50,534.00,100%
535.39,3.65,73.40,240.00,100%
535.42,3.65,63.20,230.00,100%
535.45,3.65,72.60,266.00,100%
535.48,3.66,71.70,262.00,100%
535.51,3.62,140.50,508.00,100%
535.51,3.65,65.00,236.00,100%
535.54,3.65,74.20,268.00,100%
535.57,3.65,71.00,232.00,100%
535.60,3.65,66.20,236.00,100%
535.63,3.65,147.50,534.00,100%
535.63,3.65,71.60,262.00,100%
535.66,3.65,65.30,240.00,100%
535.69,3.65,63.50,232.00,100%
535.72,3.66,72.00,262.00,100%
535.75,3.63,152.70,512.00,100%
535.75,3.65,67.40,236.00,100%
535.78,3.65,63.30,252.00,100%
535.81,3.66,72.90,272.00,100%
535.84,3.65,83.30,242.00,100%
535.87,3.65,146.10,530.00,100%
535.87,3.65,77.30,282.00,100%
535.90,3.65,74.30,272.00,100%
535.93,3.65,66.70,242.00,100%
535.96,3.66,64.40,236.00,100%
535.99,3.63,152.20,540.00,100%
535.99,3.65,73.00,240.00,100%
536.02,3.65,68.60,236.00,100%
536.05,3.65,65.60,250.00,100%
536.08,3.66,71.40,258.00,100%
536.11,3.65,144.70,524.00,100%
536.11,3.65,64.10,232.00,100%
536.14,3.65,67.20,246.00,100%
536.17,3.65,72.90,266.00,100%
536.20,3.65,70.70,236.00,100%
536.23,3.64,150.40,508.00,100%
536.23,3.65,67.70,266.00,100%
536.26,3.65,74.00,256.00,100%
536.29,3.65,63.90,232.00,100%
536.32,3.66,65.00,236.00,100%
536.35,3.65,145.90,528.00,100%
536.35,3.65,69.80,256.00,100%
536.38,3.66,64.30,236.00,100%
536.41,3.65,43.20,266.00,100%
536.44,3.65,79.30,168.00,100%
536.47,3.64,160.00,538.00,100%
536.47,3.65,65.60,240.00,100%
536.50,3.65,71.00,258.00,100%
536.53,3.65,69.50,252.00,100%
536.56,3.65,64.90,236.00,100%
536.59,3.65,140.90,508.00,100%
536.59,3.65,72.20,262.00,100%
536.62,3.65,72.50,240.00,100%
536.65,3.65,64.90,236.00,100%
536.68,3.65,65.60,268.00,100%
536.71,3.65,153.60,534.00,100%
536.71,3.65,65.00,236.00,100%
536.74,3.65,63.40,232.00,100%
536.77,3.65,71.30,258.00,100%
536.80,3.66,70.60,258.00,100%
536.83,3.63,142.80,518.00,100%
536.83,3.65,66.00,262.00,100%
536.86,3.65,72.10,262.00,100%
536.89,3.65,71.40,236.00,100%
536.92,3.65,65.80,236.00,100%
536.95,3.65,146.60,530.00,100%
536.95,3.66,70.40,256.00,100%
536.98,3.65,65.30,240.00,100%
537.01,3.65,71.80,262.00,100%
537.04,3.66,80.30,292.00,100%
537.07,3.63,156.00,534.00,100%
537.07,3.65,65.80,240.00,100%
537.10,3.65,64.50,266.00,100%
537.13,3.65,72.80,262.00,100%
537.16,3.65,65.10,236.00,100%
537.19,3.65,139.60,504.00,100%
537.19,3.65,73.50,268.00,100%
537.22,3.65,69.70,256.00,100%
537.25,3.65,64.60,236.00,100%
537.28,3.65,66.00,240.00,100%
537.31,3.64,157.70,528.00,100%
537.31,3.65,70.00,232.00,100%
537.34,3.65,65.30,240.00,100%
537.37,3.65,67.20,258.00,100%
537.40,3.66,70.00,256.00,100%
537.43,3.65,140.40,508.00,100%
537.43,3.65,64.30,236.00,100%
537.46,3.66,71.10,258.00,100%
537.49,3.65,71.90,262.00,100%
537.52,3.65,66.30,240.00,100%
537.55,3.65,152.60,534.00,100%
537.55,3.65,49.40,266.00,100%
537.58,3.65,81.70,150.00,100%
537.61,3.65,71.00,258.00,100%
537.64,3.66,72.70,266.00,100%
537.67,3.65,147.00,530.00,100%
537.67,3.65,65.10,236.00,100%
537.70,3.65,64.70,236.00,100%
537.73,3.65,74.50,268.00,100%
537.76,3.65,70.90,232.00,100%
537.79,3.65,146.40,508.00,100%
537.79,3.65,66.40,266.00,100%
537.82,3.65,71.30,258.00,100%
537.85,3.65,64.40,236.00,100%
537.88,3.66,64.70,236.00,100%
537.91,3.66,149.40,540.00,100%
537.91,3.65,72.40,266.00,100%
537.94,3.66,66.80,240.00,100%
537.97,3.65,63.90,256.00,100%
538.00,3.65,72.80,266.00,100%
538.03,3.65,140.50,508.00,100%
538.03,3.65,64.10,232.00,100%
538.06,3.65,70.40,256.00,100%
538.09,3.65,71.50,262.00,100%
538.12,3.66,64.10,232.00,100%
538.15,3.64,148.10,534.00,100%
538.15,3.65,81.10,262.00,100%
538.18,3.65,77.90,258.00,100%
538.21,3.65,65.10,266.00,100%
538.24,3.65,67.30,262.00,100%
538.27,3.65,144.30,522.00,100%
538.27,3.65,63.10,230.00,100%
538.30,3.65,66.70,242.00,100%
538.33,3.66,71.40,258.00,100%
538.36,3.65,69.30,252.00,100%
538.39,3.64,151.50,518.00,100%
538.39,3.65,67.90,262.00,100%
538.42,3.65,73.10,252.00,100%
538.45,3.65,69.00,236.00,100%
538.48,3.66,68.20,250.00,100%
538.51,3.65,145.50,528.00,100%
538.51,3.65,68.10,250.00,100%
538.54,3.65,63.10,230.00,100%
538.57,3.65,69.90,256.00,100%
538.60,3.65,75.40,246.00,100%
538.63,3.64,152.60,502.00,100%
538.63,3.65,63.70,256.00,100%
538.66,3.65,72.70,268.00,100%
538.69,3.65,66.00,240.00,100%
538.72,3.65,62.70,230.00,100%
538.75,3.65,125.80,456.00,100%
538.75,3.65,78.70,288.00,100%
538.78,3.65,64.70,236.00,100%
538.81,3.65,65.80,258.00,100%
538.84,3.65,72.30,262.00,100%
538.87,3.65,152.70,508.00,100%
538.87,3.65,65.10,242.00,100%
538.90,3.65,71.90,262.00,100%
538.93,3.65,68.50,250.00,100%
538.96,3.66,64.90,236.00,100%
538.99,3.65,143.60,518.00,100%
538.99,3.65,72.10,262.00,100%
539.02,3.65,68.90,252.00,100%
539.05,3.65,65.30,250.00,100%
539.08,3.65,67.40,256.00,100%
539.11,3.65,145.40,518.00,100%
539.11,3.65,69.50,236.00,100%
539.14,3.65,67.80,246.00,100%
539.17,3.65,74.80,272.00,100%
539.20,3.65,66.40,242.00,100%
539.23,3.65,145.50,528.00,100%
539.23,3.65,70.60,258.00,100%
539.26,3.65,75.90,246.00,100%
539.29,3.66,64.90,226.00,100%
539.32,3.65,73.10,256.00,100%
539.35,3.65,158.10,574.00,100%
539.35,3.65,70.70,258.00,100%
539.38,3.65,63.60,232.00,100%
539.41,3.65,71.10,258.00,100%
539.44,3.65,73.60,268.00,100%
539.47,3.64,153.00,504.00,100%
539.47,3.65,66.20,262.00,100%
539.50,3.65,71.10,262.00,100%
539.53,3.65,74.20,242.00,100%
539.56,3.66,67.20,236.00,100%
539.59,3.65,145.90,528.00,100%
539.59,3.65,71.50,262.00,100%
539.62,3.65,65.50,240.00,100%
539.68,3.65,71.80,262.00,100%
539.68,3.65,72.20,262.00,100%
539.71,3.63,140.80,508.00,100%
539.71,3.65,66.60,268.00,100%
539.74,3.65,72.40,256.00,100%
539.77,3.65,72.60,240.00,100%
539.80,3.65,66.70,236.00,100%
539.83,3.62,146.60,530.00,100%
539.83,3.65,70.20,256.00,100%
539.86,3.65,64.60,236.00,100%
539.89,3.65,65.70,240.00,100%
539.92,3.65,51.00,186.00,100%
539.95,3.63,155.60,446.00,100%
539.95,3.65,63.50,266.00,100%
539.98,3.65,67.20,266.00,100%
540.01,3.65,73.70,256.00,100%
540.04,3.65,63.50,232.00,100%
540.07,3.62,141.20,512.00,100%
540.07,3.65,72.60,266.00,100%
540.10,3.65,68.20,250.00,100%
540.13,3.65,64.30,236.00,100%
540.16,3.65,69.90,268.00,100%
540.19,3.63,146.80,524.00,100%
540.19,3.65,68.10,236.00,100%
540.22,3.65,65.00,252.00,100%
540.25,3.65,73.70,268.00,100%
540.28,3.65,66.30,242.00,100%
540.31,3.63,140.10,508.00,100%
540.31,3.66,68.60,250.00,100%
540.35,3.66,74.50,272.00,100%
540.37,3.65,68.20,236.00,100%
540.40,3.65,64.40,252.00,100%
540.43,3.63,146.10,554.00,100%
540.43,3.65,75.20,246.00,100%
540.46,3.66,63.90,232.00,100%
540.49,3.65,68.20,250.00,100%
540.52,3.65,83.20,304.00,100%
540.55,3.63,147.20,530.00,100%
540.55,3.65,63.70,232.00,100%
540.58,3.65,71.50,272.00,100%
540.61,3.65,74.90,246.00,100%
540.64,3.65,65.30,230.00,100%
540.67,3.62,140.60,534.00,100%
540.67,3.65,73.00,272.00,100%
540.70,3.65,64.80,236.00,100%
540.73,3.65,64.80,236.00,100%
540.76,3.65,70.40,256.00,100%
540.79,3.64,148.70,538.00,100%
540.79,3.65,66.20,242.00,100%
540.82,3.65,65.70,266.00,100%
540.85,3.65,70.70,262.00,100%
540.88,3.65,73.50,240.00,100%
540.91,3.62,140.20,508.00,100%
540.91,3.65,70.70,258.00,100%
540.94,3.65,72.40,266.00,100%
540.97,3.65,64.70,236.00,100%
541.00,3.65,64.50,236.00,100%
541.03,3.64,148.60,540.00,100%
541.03,3.65,73.30,242.00,100%
541.06,3.65,40.70,230.00,100%
541.09,3.65,74.30,190.00,100%
541.12,3.65,73.20,292.00,100%
541.15,3.62,139.10,502.00,100%
541.15,3.65,64.20,232.00,100%
541.18,3.65,71.20,258.00,100%
541.21,3.65,71.50,262.00,100%
541.24,3.66,64.90,236.00,100%
541.27,3.63,141.20,530.00,100%
541.27,3.65,70.60,256.00,100%
541.30,3.65,71.90,240.00,100%
541.33,3.65,66.00,240.00,100%
541.36,3.65,70.80,258.00,100%
541.39,3.63,146.90,530.00,100%
541.39,3.65,64.90,236.00,100%
541.42,3.65,64.40,236.00,100%
541.46,3.65,71.60,262.00,100%
541.48,3.65,72.50,240.00,100%
541.51,3.63,139.10,512.00,100%
541.51,3.65,65.80,262.00,100%
541.54,3.65,72.90,262.00,100%
541.57,3.65,64.80,236.00,100%
541.60,3.65,63.90,232.00,100%
541.63,3.63,146.20,528.00,100%
541.63,3.66,64.90,236.00,100%
541.66,3.65,64.30,236.00,100%
541.69,3.65,81.40,298.00,100%
541.72,3.65,80.30,268.00,100%
541.75,3.63,141.70,524.00,100%
541.75,3.65,65.60,268.00,100%
541.78,3.65,72.10,266.00,100%
541.81,3.65,65.10,236.00,100%
541.84,3.65,63.50,232.00,100%
541.87,3.63,150.00,544.00,100%
541.87,3.65,71.30,258.00,100%
541.90,3.65,65.30,240.00,100%
541.93,3.65,66.00,262.00,100%
541.96,3.65,73.10,266.00,100%
541.99,3.63,147.80,508.00,100%
541.99,3.65,66.00,236.00,100%
542.02,3.65,72.30,262.00,100%
542.05,3.65,71.70,262.00,100%
542.08,3.65,66.50,242.00,100%
542.11,3.64,141.30,512.00,100%
542.11,3.65,71.50,262.00,100%
542.14,3.65,73.90,242.00,100%
542.20,3.65,67.20,236.00,100%
542.20,3.65,63.00,256.00,100%
542.23,3.63,147.20,534.00,100%
542.23,3.65,51.60,242.00,100%
542.26,3.65,39.90,144.00,100%
542.29,3.65,77.90,286.00,100%
542.32,3.65,74.40,272.00,100%
542.35,3.63,145.10,524.00,100%
542.35,3.65,64.30,236.00,100%
542.38,3.65,70.50,278.00,100%
542.41,3.65,73.90,242.00,100%
542.44,3.65,69.10,236.00,100%
542.47,3.63,141.60,518.00,100%
542.47,3.65,71.30,258.00,100%
542.50,3.65,68.60,250.00,100%
542.53,3.65,63.90,232.00,100%
542.56,3.65,66.80,242.00,100%
542.59,3.63,150.20,544.00,100%
542.59,3.65,71.30,240.00,100%
542.62,3.65,63.70,236.00,100%
542.65,3.65,67.60,266.00,100%
542.68,3.65,73.50,256.00,100%
542.71,3.63,137.80,498.00,100%
542.71,3.65,64.70,236.00,100%
542.74,3.65,71.80,262.00,100%
542.77,3.65,70.20,256.00,100%
542.80,3.65,64.70,236.00,100%
542.83,3.64,145.30,534.00,100%
542.83,3.65,79.70,258.00,100%
542.86,3.65,79.40,266.00,100%
542.89,3.65,65.80,266.00,100%
542.92,3.65,72.80,266.00,100%
542.95,3.63,147.50,534.00,100%
542.95,3.65,66.20,242.00,100%
542.98,3.65,63.20,230.00,100%
543.01,3.65,71.10,258.00,100%
543.04,3.65,75.20,242.00,100%
543.07,3.63,143.20,504.00,100%
543.07,3.65,63.70,250.00,100%
543.10,3.65,69.80,266.00,100%
543.13,3.65,68.60,250.00,100%
543.16,3.65,62.70,230.00,100%
543.19,3.64,145.30,524.00,100%
543.19,3.65,71.00,258.00,100%
543.22,3.65,70.40,256.00,100%
543.25,3.65,65.00,236.00,100%
543.28,3.65,66.90,272.00,100%
543.31,3.63,145.00,528.00,100%
543.31,3.65,72.90,240.00,100%
543.34,3.65,67.20,236.00,100%
543.37,3.65,70.30,256.00,100%
543.40,3.65,73.70,268.00,100%
543.43,3.63,119.60,432.00,100%
543.43,3.65,71.70,262.00,100%
543.47,3.65,69.80,256.00,100%
543.49,3.65,74.30,252.00,100%
543.52,3.65,68.00,226.00,100%
543.55,3.63,140.30,514.00,100%
543.55,3.65,67.90,262.00,100%
543.58,3.65,70.00,256.00,100%
543.61,3.65,63.90,232.00,100%
543.64,3.65,64.70,236.00,100%
543.67,3.63,150.10,544.00,100%
543.67,3.65,73.10,266.00,100%
543.70,3.65,67.70,240.00,100%
543.73,3.65,63.70,256.00,100%
543.76,3.65,71.00,272.00,100%
543.79,3.63,151.40,518.00,100%
543.79,3.65,64.10,232.00,100%
543.82,3.65,67.30,246.00,100%
543.85,3.65,73.90,268.00,100%
543.88,3.65,67.50,246.00,100%
543.91,3.63,141.80,514.00,100%
543.91,3.65,68.20,266.00,100%
543.94,3.65,72.50,252.00,100%
543.97,3.66,69.40,232.00,100%
544.00,3.65,73.30,242.00,100%
544.03,3.63,155.10,564.00,100%
544.03,3.65,77.10,282.00,100%
544.06,3.65,65.30,240.00,100%
544.09,3.65,64.30,236.00,100%
544.12,3.66,73.60,268.00,100%
544.15,3.63,147.70,534.00,100%
544.15,3.65,66.30,240.00,100%
544.18,3.65,63.50,258.00,100%
544.21,3.65,73.60,266.00,100%
544.24,3.65,74.90,242.00,100%
544.27,3.63,137.90,498.00,100%
544.27,3.65,71.20,258.00,100%
544.30,3.65,73.30,268.00,100%
544.33,3.65,66.50,242.00,100%
544.39,3.65,64.40,236.00,100%
544.39,3.63,146.10,548.00,100%
544.39,3.65,73.20,240.00,100%
544.42,3.65,68.80,236.00,100%
544.45,3.65,66.20,250.00,100%
544.48,3.65,71.70,262.00,100%
544.51,3.63,143.80,522.00,100%
544.51,3.65,64.30,236.00,100%
544.54,3.66,65.90,240.00,100%
544.57,3.65,46.70,170.00,100%
544.60,3.65,80.90,154.00,100%
544.63,3.63,143.20,534.00,100%
544.63,3.65,65.50,266.00,100%
544.66,3.65,73.70,268.00,100%
544.69,3.65,66.00,240.00,100%
544.72,3.65,63.00,230.00,100%
544.75,3.63,145.50,528.00,100%
544.75,3.65,73.40,268.00,100%
544.78,3.65,67.00,246.00,100%
544.81,3.65,65.20,256.00,100%
544.84,3.65,69.60,272.00,100%
544.87,3.63,151.80,514.00,100%
544.87,3.65,68.60,236.00,100%
544.90,3.65,68.40,250.00,100%
544.93,3.65,71.10,258.00,100%
544.96,3.65,69.20,252.00,100%
544.99,3.63,137.40,498.00,100%
544.99,3.65,67.20,246.00,100%
545.02,3.65,72.80,266.00,100%
545.05,3.65,70.60,240.00,100%
545.08,3.65,63.30,236.00,100%
545.11,3.63,145.50,530.00,100%
545.11,3.66,74.30,256.00,100%
545.14,3.65,62.70,230.00,100%
545.17,3.65,74.10,268.00,100%
545.20,3.65,80.40,292.00,100%
545.23,3.63,145.20,524.00,100%
545.23,3.65,64.90,236.00,100%
545.26,3.65,68.40,266.00,100%
545.29,3.65,71.10,250.00,100%
545.32,3.65,71.10,240.00,100%
545.35,3.63,144.30,514.00,100%
545.35,3.65,70.90,258.00,100%
545.38,3.65,69.40,252.00,100%
545.41,3.65,64.70,236.00,100%
545.44,3.65,65.50,240.00,100%
545.47,3.63,147.00,530.00,100%
545.47,3.65,72.50,240.00,100%
545.50,3.65,64.60,236.00,100%
545.53,3.65,65.70,266.00,100%
545.56,3.65,73.60,262.00,100%
545.59,3.63,140.40,508.00,100%
545.59,3.65,63.10,230.00,100%
545.62,3.65,73.40,268.00,100%
545.65,3.65,71.20,258.00,100%
545.68,3.65,65.30,240.00,100%
545.71,3.63,141.30,534.00,100%
545.71,3.65,48.50,268.00,100%
545.74,3.65,80.10,154.00,100%
545.77,3.65,67.20,266.00,100%
545.80,3.65,72.10,262.00,100%
545.83,3.63,147.50,534.00,100%
545.83,3.65,66.30,242.00,100%
545.86,3.65,63.30,230.00,100%
545.89,3.65,71.50,262.00,100%
545.92,3.65,74.10,268.00,100%
545.95,3.63,145.40,508.00,100%
545.95,3.65,62.90,252.00,100%
545.98,3.65,72.60,272.00,100%
546.01,3.65,75.50,242.00,100%
546.04,3.65,62.50,230.00,100%
546.07,3.64,144.60,524.00,100%
546.07,3.65,73.70,268.00,100%
546.10,3.65,66.30,242.00,100%
546.13,3.65,64.60,236.00,100%
546.16,3.65,73.00,272.00,100%
546.19,3.63,151.30,508.00,100%
546.19,3.65,67.20,236.00,100%
546.22,3.65,65.70,258.00,100%
546.25,3.65,73.80,268.00,100%
546.28,3.66,65.00,236.00,100%
546.31,3.63,140.10,508.00,100%
546.31,3.65,77.90,286.00,100%
546.34,3.65,82.10,298.00,100%
546.37,3.66,68.00,262.00,100%
546.40,3.65,64.20,256.00,100%
546.43,3.63,148.60,544.00,100%
546.43,3.65,75.50,246.00,100%
546.46,3.65,64.30,236.00,100%
546.49,3.65,68.00,250.00,100%
546.52,3.65,75.00,272.00,100%
546.55,3.63,141.60,512.00,100%
546.55,3.65,64.10,232.00,100%
546.58,3.65,68.90,252.00,100%
546.61,3.65,73.60,252.00,100%
546.64,3.65,67.50,230.00,100%
546.67,3.63,142.90,518.00,100%
546.67,3.65,69.40,266.00,100%
546.70,3.65,67.80,246.00,100%
546.73,3.65,64.10,232.00,100%
546.76,3.65,66.60,242.00,100%
546.79,3.63,148.40,538.00,100%
546.79,3.65,69.90,256.00,100%
546.82,3.65,65.90,246.00,100%
546.85,3.65,66.10,258.00,100%
546.88,3.65,48.60,256.00,100%
546.91,3.63,156.90,416.00,100%
546.91,3.65,73.90,268.00,100%
546.94,3.65,71.90,262.00,100%
546.97,3.65,69.80,256.00,100%
547.00,3.65,64.10,232.00,100%
547.03,3.63,142.30,514.00,100%
547.03,3.65,73.80,258.00,100%
547.06,3.65,69.60,232.00,100%
547.09,3.65,65.00,242.00,100%
547.12,3.65,67.90,262.00,100%
547.15,3.63,145.20,524.00,100%
547.15,3.65,63.30,230.00,100%
547.18,3.65,66.50,242.00,100%
547.21,3.65,70.70,258.00,100%
547.24,3.65,70.40,256.00,100%
547.27,3.63,143.10,504.00,100%
547.27,3.65,65.90,268.00,100%
547.30,3.65,70.70,258.00,100%
547.33,3.65,72.30,240.00,100%
547.36,3.65,65.40,240.00,100%
547.39,3.63,144.10,522.00,100%
547.39,3.65,72.40,266.00,100%
547.42,3.66,64.00,232.00,100%
547.45,3.65,64.60,236.00,100%
547.48,3.65,81.00,294.00,100%
547.51,3.63,160.70,544.00,100%
547.51,3.66,64.50,256.00,100%
547.54,3.65,65.50,262.00,100%
547.57,3.65,73.90,268.00,100%
547.60,3.65,64.80,236.00,100%
547.63,3.63,139.10,504.00,100%
547.63,3.65,70.30,256.00,100%
547.66,3.65,74.30,272.00,100%
547.69,3.65,67.50,246.00,100%
547.72,3.65,65.80,256.00,100%
547.75,3.63,147.00,530.00,100%
547.75,3.65,76.40,250.00,100%
547.78,3.65,69.10,236.00,100%
547.81,3.65,67.70,246.00,100%
547.84,3.65,72.80,266.00,100%
547.87,3.63,143.80,522.00,100%
547.87,3.65,63.90,232.00,100%
547.90,3.65,67.40,246.00,100%
547.93,3.65,74.20,256.00,100%
547.96,3.65,69.00,232.00,100%
547.99,3.63,142.60,518.00,100%
547.99,3.65,68.10,266.00,100%
548.02,3.65,69.80,256.00,100%
548.05,3.65,38.40,140.00,100%
548.08,3.65,74.90,272.00,100%
548.11,3.63,147.00,530.00,100%
548.11,3.65,70.70,258.00,100%
548.14,3.65,65.50,236.00,100%
548.17,3.65,66.40,268.00,100%
548.20,3.65,72.80,258.00,100%
548.23,3.63,149.80,512.00,100%
548.23,3.65,66.90,236.00,100%
548.26,3.65,71.20,258.00,100%
548.29,3.65,73.10,266.00,100%
548.32,3.65,65.10,236.00,100%
548.35,3.63,140.20,508.00,100%
548.35,3.65,71.70,262.00,100%
548.38,3.65,75.40,246.00,100%
548.44,3.65,65.50,226.00,100%
548.44,3.65,65.30,256.00,100%
548.47,3.63,146.80,544.00,100%
548.47,3.65,66.70,242.00,100%
548.50,3.65,63.70,232.00,100%
548.53,3.65,67.30,246.00,100%
548.59,3.65,72.40,266.00,100%
548.59,3.63,148.40,538.00,100%
548.59,3.66,66.30,242.00,100%
548.62,3.65,72.00,258.00,100%
548.65,3.65,82.30,294.00,100%
548.68,3.65,73.80,268.00,100%
548.71,3.63,139.10,502.00,100%
548.71,3.65,70.50,256.00,100%
548.74,3.65,74.30,272.00,100%
548.77,3.65,65.80,240.00,100%
548.80,3.65,64.30,236.00,100%
548.83,3.63,149.00,548.00,100%
548.83,3.65,75.30,246.00,100%
548.86,3.65,67.50,232.00,100%
548.89,3.65,65.10,250.00,100%
548.92,3.65,72.70,266.00,100%
548.95,3.63,142.80,518.00,100%
548.95,3.65,64.90,236.00,100%
548.98,3.65,66.20,242.00,100%
549.01,3.65,72.70,266.00,100%
549.04,3.66,69.50,232.00,100%
549.07,3.63,143.20,514.00,100%
549.07,3.65,66.60,258.00,100%
549.10,3.65,73.00,252.00,100%
549.13,3.65,70.70,236.00,100%
549.16,3.65,65.60,240.00,100%
549.19,3.64,148.00,534.00,100%
549.19,3.65,53.90,196.00,100%
549.22,3.65,72.00,262.00,100%
549.25,3.65,70.80,258.00,100%
549.28,3.65,74.80,258.00,100%
549.31,3.63,144.60,498.00,100%
549.31,3.65,65.20,250.00,100%
549.34,3.65,69.90,268.00,100%
549.37,3.65,67.30,246.00,100%
549.40,3.65,63.50,232.00,100%
549.43,3.63,143.40,518.00,100%
549.43,3.65,72.50,266.00,100%
549.46,3.65,68.10,250.00,100%
549.49,3.65,66.10,252.00,100%
549.52,3.65,68.60,266.00,100%
549.55,3.63,152.30,522.00,100%
549.55,3.65,69.00,236.00,100%
549.58,3.65,68.60,250.00,100%
549.61,3.65,71.50,258.00,100%
549.64,3.65,68.00,250.00,100%
549.67,3.63,138.50,498.00,100%
549.67,3.65,72.30,262.00,100%
549.70,3.65,68.10,250.00,100%
549.73,3.65,65.90,252.00,100%
549.76,3.65,68.30,258.00,100%
549.79,3.63,148.60,688.00,100%
549.79,3.65,76.50,232.00,100%
549.82,3.65,76.10,278.00,100%
549.85,3.65,78.80,288.00,100%
549.88,3.65,68.90,252.00,100%
549.91,3.63,137.80,498.00,100%
549.91,3.66,67.80,246.00,100%
549.94,3.65,74.10,252.00,100%
549.97,3.65,69.30,236.00,100%
550.00,3.65,63.90,242.00,100%
550.03,3.63,144.10,594.00,100%
550.03,3.65,69.30,252.00,100%
550.06,3.65,63.00,230.00,100%
550.09,3.65,67.50,246.00,100%
550.12,3.65,71.30,258.00,100%
550.15,3.63,145.60,524.00,100%
550.15,3.65,64.80,236.00,100%
550.18,3.65,67.90,266.00,100%
550.21,3.65,70.70,252.00,100%
550.24,3.65,71.90,236.00,100%
550.27,3.63,141.60,504.00,100%
550.27,3.65,71.40,258.00,100%
550.30,3.65,72.10,262.00,100%
550.33,3.65,65.60,240.00,100%
550.36,3.65,64.20,232.00,100%
550.39,3.63,121.20,724.00,100%
550.39,3.65,84.00,164.00,100%
550.42,3.65,66.60,256.00,100%
550.45,3.65,65.30,252.00,100%
550.48,3.65,70.10,268.00,100%
550.51,3.63,132.00,476.00,100%
550.51,3.65,63.20,230.00,100%
550.54,3.65,66.80,242.00,100%
550.57,3.65,71.20,258.00,100%
550.60,3.65,71.00,258.00,100%
550.63,3.63,142.00,720.00,100%
550.63,3.65,65.00,262.00,100%
550.66,3.65,72.40,266.00,100%
550.69,3.65,74.50,242.00,100%
550.72,3.65,64.20,232.00,100%
550.75,3.63,136.90,492.00,100%
550.75,3.65,73.10,266.00,100%
550.78,3.65,68.30,250.00,100%
550.81,3.65,64.70,236.00,100%
550.84,3.65,66.00,240.00,100%
550.87,3.63,148.50,770.00,100%
550.87,3.65,72.70,236.00,100%
550.90,3.65,67.80,236.00,100%
550.93,3.66,65.90,252.00,100%
550.99,3.65,71.00,258.00,100%
551.02,3.63,148.40,540.00,100%
551.02,3.65,70.30,256.00,100%
551.02,3.65,65.00,236.00,100%
551.05,3.65,72.80,266.00,100%
551.08,3.66,75.20,250.00,100%
551.11,3.63,139.10,714.00,100%
551.11,3.65,65.40,252.00,100%
551.14,3.65,69.90,266.00,100%
551.17,3.65,69.60,252.00,100%
551.20,3.65,63.90,232.00,100%
551.23,3.63,135.30,488.00,100%
551.23,3.65,72.30,262.00,100%
551.26,3.65,73.90,268.00,100%
551.29,3.65,68.50,240.00,100%
551.32,3.65,64.30,250.00,100%
551.35,3.63,143.70,676.00,100%
551.35,3.65,73.20,256.00,100%
551.38,3.65,64.60,236.00,100%
551.41,3.65,63.80,232.00,100%
551.44,3.65,73.40,268.00,100%
551.47,3.63,147.10,530.00,100%
551.47,3.65,66.30,242.00,100%
551.50,3.65,64.70,252.00,100%
551.53,3.65,47.40,266.00,100%
551.56,3.65,81.60,168.00,100%
551.59,3.63,145.30,580.00,100%
551.59,3.65,65.90,242.00,100%
551.62,3.65,70.00,256.00,100%
551.65,3.65,72.10,262.00,100%
551.68,3.65,65.10,236.00,100%
551.71,3.63,140.00,504.00,100%
551.71,3.65,71.20,258.00,100%
551.74,3.65,76.40,250.00,100%
551.77,3.66,66.90,230.00,100%
551.80,3.65,65.60,250.00,100%
551.83,3.63,144.30,524.00,100%
551.83,3.65,69.60,252.00,100%
551.86,3.65,63.90,232.00,100%
551.89,3.65,65.30,240.00,100%
551.92,3.65,72.90,266.00,100%
551.95,3.63,148.10,538.00,100%
551.95,3.65,67.90,240.00,100%
551.98,3.65,64.30,252.00,100%
552.01,3.65,71.00,276.00,100%
552.04,3.65,76.00,250.00,100%
552.07,3.63,127.90,458.00,100%
552.07,3.66,65.80,240.00,100%
552.10,3.65,72.90,266.00,100%
552.13,3.65,77.40,282.00,100%
552.16,3.65,72.30,262.00,100%
552.19,3.63,141.60,810.00,100%
552.19,3.65,73.40,268.00,100%
552.22,3.65,72.60,236.00,100%
552.25,3.65,67.30,236.00,100%
552.28,3.65,65.80,256.00,100%
552.31,3.63,141.10,508.00,100%
552.31,3.65,68.30,250.00,100%
552.34,3.65,68.30,250.00,100%
552.37,3.65,64.30,236.00,100%
552.40,3.65,68.40,268.00,100%
552.43,3.63,147.90,524.00,100%
552.43,3.65,72.00,240.00,100%
552.46,3.65,66.00,236.00,100%
552.49,3.65,72.40,266.00,100%
552.52,3.65,72.40,266.00,100%
552.55,3.64,144.10,522.00,100%
552.55,3.65,63.00,230.00,100%
552.58,3.66,69.10,252.00,100%
552.61,3.65,73.60,250.00,100%
552.64,3.65,69.30,236.00,100%
552.67,3.63,113.80,514.00,100%
552.67,3.65,74.90,170.00,100%
552.70,3.65,79.40,288.00,100%
552.73,3.65,64.70,236.00,100%
552.76,3.65,64.80,236.00,100%
552.79,3.63,148.60,538.00,100%
552.79,3.65,73.90,268.00,100%
552.82,3.65,67.00,246.00,100%
552.85,3.65,65.60,258.00,100%
552.88,3.65,68.70,268.00,100%
552.91,3.63,150.40,518.00,100%
552.91,3.65,69.70,236.00,100%
552.94,3.65,66.50,242.00,100%
552.97,3.65,71.80,262.00,100%
553.04,3.65,69.80,256.00,100%
553.04,3.64,142.20,514.00,100%
553.04,3.65,65.90,240.00,100%
553.06,3.65,73.30,266.00,100%
553.09,3.65,70.60,232.00,100%
553.12,3.65,65.80,240.00,100%
553.15,3.63,140.90,534.00,100%
553.15,3.65,72.80,266.00,100%
553.18,3.65,64.40,236.00,100%
553.21,3.65,64.50,236.00,100%
553.24,3.65,70.60,256.00,100%
553.27,3.63,133.10,482.00,100%
553.27,3.65,75.20,230.00,100%
553.30,3.65,64.70,286.00,100%
553.33,3.65,69.40,272.00,100%
553.36,3.65,75.90,250.00,100%
553.39,3.63,139.60,504.00,100%
553.39,3.65,66.60,242.00,100%
553.42,3.65,73.00,266.00,100%
553.45,3.65,68.20,250.00,100%
553.48,3.65,64.40,236.00,100%
553.54,3.63,144.50,522.00,100%
553.54,3.65,73.20,262.00,100%
553.54,3.65,70.10,230.00,100%
553.57,3.65,65.90,240.00,100%
553.60,3.65,66.80,266.00,100%
553.63,3.63,146.60,530.00,100%
553.63,3.65,64.90,236.00,100%
553.66,3.65,64.20,232.00,100%
553.69,3.65,70.80,258.00,100%
553.72,3.65,74.50,272.00,100%
553.75,3.63,147.10,508.00,100%
553.75,3.65,63.50,246.00,100%
553.78,3.65,69.60,268.00,100%
553.81,3.66,73.60,252.00,100%
553.84,3.65,63.60,232.00,100%
553.87,3.63,149.10,540.00,100%
553.87,3.65,78.40,286.00,100%
553.90,3.65,69.40,252.00,100%
553.93,3.65,64.90,236.00,100%
553.96,3.65,66.20,268.00,100%
553.99,3.63,148.80,534.00,100%
553.99,3.65,71.90,236.00,100%
554.02,3.65,66.10,236.00,100%
554.05,3.65,72.00,262.00,100%
554.08,3.65,72.40,266.00,100%
554.11,3.63,145.20,524.00,100%
554.11,3.65,63.20,230.00,100%
554.14,3.65,69.90,256.00,100%
554.17,3.65,75.10,276.00,100%
554.20,3.65,69.20,240.00,100%
554.23,3.63,138.60,512.00,100%
554.23,3.65,69.20,268.00,100%
554.26,3.65,74.20,252.00,100%
554.29,3.65,63.30,230.00,100%
554.32,3.65,65.90,240.00,100%
554.35,3.63,149.80,540.00,100%
554.35,3.65,70.40,256.00,100%
554.38,3.66,64.80,236.00,100%
554.41,3.65,43.80,268.00,100%
554.44,3.65,80.30,176.00,100%
554.47,3.63,147.80,540.00,100%
554.47,3.65,66.50,236.00,100%
554.50,3.65,72.30,262.00,100%
554.53,3.65,71.80,262.00,100%
554.56,3.65,66.60,242.00,100%
554.59,3.63,140.80,512.00,100%
554.59,3.65,70.80,258.00,100%
554.62,3.65,75.80,246.00,100%
554.65,3.66,67.60,232.00,100%
554.68,3.65,63.70,250.00,100%
554.71,3.63,145.20,544.00,100%
554.71,3.65,68.20,250.00,100%
554.74,3.65,62.70,230.00,100%
554.77,3.65,68.10,250.00,100%
554.80,3.65,71.70,262.00,100%
554.83,3.63,147.40,534.00,100%
554.83,3.65,64.80,236.00,100%
554.86,3.65,68.40,266.00,100%
554.89,3.65,70.90,250.00,100%
554.92,3.65,71.30,240.00,100%
554.95,3.63,142.20,508.00,100%
554.95,3.66,71.30,258.00,100%
554.98,3.65,71.00,258.00,100%
555.01,3.65,73.20,268.00,100%
555.04,3.65,72.40,266.00,100%
555.07,3.63,150.60,544.00,100%
555.07,3.65,74.50,242.00,100%
555.10,3.65,64.90,230.00,100%
555.13,3.65,65.50,266.00,100%
555.16,3.65,73.20,268.00,100%
555.19,3.63,141.60,512.00,100%
555.19,3.65,63.10,230.00,100%
555.22,3.65,70.60,258.00,100%
555.25,3.65,73.90,268.00,100%
555.28,3.65,67.50,246.00,100%
555.31,3.63,141.90,524.00,100%
555.31,3.65,68.90,266.00,100%
555.34,3.65,72.30,250.00,100%
555.37,3.65,69.40,236.00,100%
555.40,3.65,67.40,246.00,100%
555.43,3.63,148.40,538.00,100%
555.43,3.65,70.40,256.00,100%
555.46,3.65,63.40,232.00,100%
555.49,3.65,65.60,240.00,100%
555.52,3.65,72.00,262.00,100%
555.55,3.63,148.30,512.00,100%
555.55,3.65,38.90,230.00,100%
555.58,3.65,73.80,180.00,100%
555.61,3.65,75.40,294.00,100%
555.64,3.65,64.50,236.00,100%
555.67,3.64,140.40,508.00,100%
555.67,3.65,70.90,258.00,100%
555.70,3.65,74.50,272.00,100%
555.73,3.65,67.30,246.00,100%
555.76,3.65,65.90,256.00,100%
555.79,3.63,143.00,528.00,100%
555.79,3.65,73.50,252.00,100%
555.82,3.65,70.10,236.00,100%
555.88,3.65,66.20,242.00,100%
555.88,3.65,70.80,258.00,100%
555.91,3.63,148.90,538.00,100%
555.91,3.65,64.10,232.00,100%
555.94,3.65,65.30,240.00,100%
555.97,3.65,72.40,266.00,100%
556.00,3.65,72.60,236.00,100%
556.03,3.63,140.90,504.00,100%
556.03,3.65,65.40,262.00,100%
556.06,3.65,74.10,268.00,100%
556.09,3.65,65.10,236.00,100%
556.12,3.65,64.70,236.00,100%
556.15,3.63,146.20,528.00,100%
556.15,3.65,81.80,298.00,100%
556.18,3.65,76.30,278.00,100%
556.21,3.65,65.30,278.00,100%
556.24,3.65,66.30,258.00,100%
556.27,3.63,148.30,528.00,100%
556.27,3.65,71.30,236.00,100%
556.30,3.65,64.30,236.00,100%
556.33,3.65,72.60,266.00,100%
556.36,3.65,70.80,258.00,100%
556.39,3.63,143.10,518.00,100%
556.39,3.65,65.20,240.00,100%
556.42,3.65,74.10,268.00,100%
556.45,3.65,71.60,232.00,100%
556.48,3.65,66.70,236.00,100%
556.51,3.63,141.20,530.00,100%
556.51,3.65,72.80,266.00,100%
556.54,3.65,65.20,240.00,100%
556.57,3.65,64.60,236.00,100%
556.60,3.66,70.70,258.00,100%
556.63,3.63,151.20,548.00,100%
556.63,3.65,68.30,236.00,100%
556.66,3.65,64.30,252.00,100%
556.69,3.65,70.30,276.00,100%
556.72,3.65,57.50,246.00,100%
556.75,3.62,116.50,422.00,100%
556.75,3.65,75.00,272.00,100%
556.78,3.65,74.80,272.00,100%
556.81,3.65,67.60,246.00,100%
556.84,3.65,64.50,236.00,100%
556.87,3.63,142.90,534.00,100%
556.87,3.65,73.30,258.00,100%
556.90,3.65,69.40,232.00,100%
556.93,3.65,65.60,240.00,100%
556.99,3.65,67.10,258.00,100%
556.99,3.63,148.90,538.00,100%
556.99,3.65,65.60,240.00,100%
557.02,3.65,64.20,232.00,100%
557.05,3.65,72.10,262.00,100%
557.08,3.65,74.20,272.00,100%
557.11,3.63,142.80,508.00,100%
557.11,3.65,63.20,250.00,100%
557.14,3.65,71.90,276.00,100%
557.17,3.65,76.50,246.00,100%
557.20,3.65,63.10,230.00,100%
557.23,3.63,145.80,528.00,100%
557.23,3.65,72.90,266.00,100%
557.26,3.65,68.80,252.00,100%
557.29,3.66,64.60,236.00,100%
557.32,3.65,76.50,266.00,100%
557.35,3.63,155.10,554.00,100%
557.35,3.65,71.60,266.00,100%
557.38,3.65,65.80,240.00,100%
557.41,3.65,72.70,266.00,100%
557.44,3.65,71.50,262.00,100%
557.47,3.63,144.20,522.00,100%
557.47,3.65,63.50,232.00,100%
557.50,3.65,70.80,258.00,100%
557.53,3.65,75.90,250.00,100%
557.56,3.65,68.20,232.00,100%
557.59,3.63,139.70,518.00,100%
557.59,3.65,68.70,266.00,100%
557.62,3.65,69.90,256.00,100%
557.65,3.65,63.20,230.00,100%
557.68,3.65,66.70,242.00,100%
557.71,3.63,148.60,538.00,100%
557.71,3.65,71.30,258.00,100%
557.74,3.65,65.70,240.00,100%
557.77,3.65,66.10,268.00,100%
557.80,3.65,71.10,262.00,100%
557.83,3.63,149.80,514.00,100%
557.83,3.65,67.90,236.00,100%
557.86,3.65,69.10,252.00,100%
557.89,3.65,58.70,212.00,100%
557.92,3.65,74.80,272.00,100%
557.98,3.62,144.90,524.00,100%
557.98,3.65,69.20,252.00,100%
557.98,3.65,74.20,256.00,100%
558.01,3.65,67.70,230.00,100%
558.04,3.65,65.60,246.00,100%
558.07,3.63,144.00,544.00,100%
558.07,3.65,69.80,256.00,100%
558.10,3.65,63.30,230.00,100%
558.13,3.65,65.70,240.00,100%
558.16,3.65,72.70,266.00,100%
558.19,3.62,147.70,534.00,100%
558.19,3.65,67.10,240.00,100%
558.22,3.65,64.70,258.00,100%
558.25,3.65,73.00,268.00,100%
558.28,3.65,74.40,242.00,100%
558.31,3.64,142.00,514.00,100%
558.31,3.65,69.10,252.00,100%
558.34,3.65,75.60,276.00,100%
558.37,3.65,66.30,242.00,100%
558.40,3.65,64.20,232.00,100%
558.43,3.63,143.70,534.00,100%
558.43,3.65,73.10,256.00,100%
558.46,3.65,59.10,232.00,100%
558.49,3.65,73.10,246.00,100%
558.52,3.65,67.50,292.00,100%
558.55,3.63,148.00,534.00,100%
558.55,3.65,65.20,240.00,100%
558.58,3.65,63.90,232.00,100%
558.61,3.66,72.90,266.00,100%
558.64,3.65,73.20,266.00,100%
558.67,3.63,142.90,508.00,100%
558.67,3.65,62.90,252.00,100%
558.70,3.65,72.30,272.00,100%
558.73,3.65,75.90,246.00,100%
558.76,3.65,63.10,230.00,100%
558.79,3.63,147.40,534.00,100%
558.79,3.65,75.10,276.00,100%
558.82,3.65,67.60,246.00,100%
558.85,3.65,64.30,236.00,100%
558.88,3.65,70.00,268.00,100%
558.91,3.63,146.80,518.00,100%
558.91,3.65,70.20,236.00,100%
558.94,3.65,65.80,242.00,100%
558.97,3.65,71.70,262.00,100%
559.00,3.65,69.00,252.00,100%
559.03,3.64,142.80,518.00,100%
559.03,3.66,65.00,236.00,100%
559.06,3.65,79.70,292.00,100%
559.09,3.65,79.90,268.00,100%
559.12,3.65,65.00,258.00,100%
559.15,3.63,140.60,538.00,100%
559.15,3.65,74.00,266.00,100%
559.18,3.65,65.80,240.00,100%
559.21,3.65,62.80,230.00,100%
559.24,3.65,71.40,258.00,100%
559.27,3.63,150.60,544.00,100%
559.27,3.65,67.40,246.00,100%
559.30,3.65,65.30,250.00,100%
559.33,3.65,69.10,266.00,100%
559.36,3.65,71.90,250.00,100%
559.39,3.63,145.40,514.00,100%
559.39,3.65,66.20,242.00,100%
559.42,3.65,70.30,256.00,100%
559.45,3.65,71.60,262.00,100%
559.48,3.65,64.20,232.00,100%
559.51,3.62,140.50,508.00,100%
559.51,3.65,73.40,268.00,100%
559.54,3.65,74.20,242.00,100%
559.57,3.65,64.60,230.00,100%
559.60,3.65,65.50,262.00,100%
559.63,3.63,126.00,554.00,100%
559.63,3.65,41.30,150.00,100%
559.66,3.65,43.50,158.00,100%
559.69,3.65,83.50,304.00,100%
559.72,3.65,68.50,250.00,100%
559.75,3.63,139.90,504.00,100%
559.75,3.65,67.30,246.00,100%
559.78,3.65,73.40,262.00,100%
559.81,3.65,69.30,230.00,100%
559.84,3.65,65.80,240.00,100%
559.87,3.63,145.10,518.00,100%
559.87,3.65,71.20,258.00,100%
559.90,3.65,65.10,236.00,100%
559.93,3.65,64.10,232.00,100%
559.96,3.65,71.20,258.00,100%
559.99,3.63,150.00,738.00,100%
560.02,3.65,68.80,240.00,100%
560.02,3.65,63.30,246.00,100%
560.05,3.65,70.30,266.00,100%
560.08,3.65,76.90,250.00,100%
560.11,3.63,133.90,482.00,100%
560.11,3.65,66.20,242.00,100%
560.14,3.65,72.90,266.00,100%
560.17,3.65,69.50,252.00,100%
560.20,3.65,64.80,236.00,100%
560.23,3.64,143.00,704.00,100%
560.23,3.65,78.60,256.00,100%
560.26,3.65,79.50,268.00,100%
560.29,3.65,65.90,266.00,100%
560.32,3.65,72.90,266.00,100%
560.35,3.63,145.60,524.00,100%
560.35,3.65,66.10,242.00,100%
560.38,3.65,63.20,230.00,100%
560.41,3.66,71.60,262.00,100%
560.44,3.65,75.00,242.00,100%
560.47,3.63,142.40,514.00,100%
560.47,3.65,63.90,252.00,100%
560.50,3.65,70.80,268.00,100%
560.53,3.65,68.00,250.00,100%
560.56,3.65,62.80,230.00,100%
560.59,3.63,143.30,518.00,100%
560.62,3.65,71.60,262.00,100%
560.62,3.65,69.80,256.00,100%
560.65,3.65,65.00,236.00,100%
560.68,3.65,67.10,262.00,100%
560.74,3.63,148.40,518.00,100%
560.74,3.65,72.50,240.00,100%
560.74,3.65,67.30,236.00,100%
560.77,3.65,70.50,256.00,100%
560.80,3.65,73.90,268.00,100%
560.83,3.63,139.60,504.00,100%
560.83,3.65,72.00,262.00,100%
560.86,3.65,73.20,266.00,100%
560.89,3.65,73.90,262.00,100%
560.92,3.65,67.40,230.00,100%
560.95,3.63,142.90,478.00,100%
560.95,3.65,68.80,262.00,100%
560.98,3.65,69.60,252.00,100%
561.02,3.65,64.10,232.00,100%
561.04,3.65,65.10,236.00,100%
561.07,3.63,148.20,538.00,100%
561.07,3.65,73.40,268.00,100%
561.10,3.65,67.80,240.00,100%
561.13,3.65,63.60,252.00,100%
561.16,3.65,70.70,276.00,100%
561.19,3.63,153.70,502.00,100%
561.19,3.65,63.90,232.00,100%
561.25,3.65,65.80,240.00,100%
561.25,3.65,72.50,266.00,100%
561.28,3.65,70.10,256.00,100%
561.31,3.63,140.00,508.00,100%
561.31,3.65,66.70,268.00,100%
561.34,3.65,73.00,262.00,100%
561.37,3.65,73.40,240.00,100%
561.40,3.65,48.00,236.00,100%
561.43,3.63,122.10,440.00,100%
561.43,3.65,81.50,298.00,100%
561.46,3.65,68.50,250.00,100%
561.49,3.65,63.30,230.00,100%
561.52,3.65,67.60,246.00,100%
561.55,3.63,148.60,692.00,100%
561.55,3.65,70.80,236.00,100%
561.58,3.65,64.60,236.00,100%
561.61,3.65,66.50,266.00,100%
561.64,3.65,72.60,266.00,100%
561.67,3.63,139.70,504.00,100%
561.67,3.65,65.00,236.00,100%
561.70,3.65,70.00,256.00,100%
561.73,3.65,74.30,272.00,100%
561.76,3.65,67.50,246.00,100%
561.79,3.63,141.70,570.00,100%
561.79,3.65,67.80,258.00,100%
561.82,3.65,75.90,252.00,100%
561.85,3.65,70.20,236.00,100%
561.88,3.65,65.60,240.00,100%
561.91,3.63,147.60,534.00,100%
561.91,3.65,69.60,252.00,100%
561.94,3.66,64.60,236.00,100%
561.97,3.66,65.40,240.00,100%
562.00,3.65,81.80,266.00,100%
562.03,3.63,152.70,512.00,100%
562.03,3.65,66.50,256.00,100%
562.06,3.65,66.30,262.00,100%
562.09,3.65,72.80,266.00,100%
562.12,3.65,66.50,242.00,100%
562.15,3.63,139.20,504.00,100%
562.15,3.65,69.60,252.00,100%
562.18,3.65,73.90,268.00,100%
562.21,3.65,69.80,240.00,100%
562.24,3.65,63.50,242.00,100%
562.27,3.63,143.80,502.00,100%
562.27,3.65,74.30,256.00,100%
562.30,3.65,63.50,232.00,100%
562.33,3.65,64.80,236.00,100%
562.36,3.65,71.60,262.00,100%
562.39,3.63,146.70,530.00,100%
562.39,3.65,65.30,240.00,100%
562.42,3.65,66.70,268.00,100%
562.45,3.65,72.30,262.00,100%
562.48,3.65,73.90,242.00,100%
562.51,3.63,142.60,484.00,100%
562.54,3.65,70.50,256.00,100%
562.54,3.65,73.10,266.00,100%
562.57,3.65,47.40,174.00,100%
562.60,3.65,71.30,258.00,100%
562.63,3.63,144.80,524.00,100%
562.63,3.65,74.30,252.00,100%
562.66,3.65,68.80,232.00,100%
562.69,3.65,64.80,246.00,100%
562.72,3.65,68.30,262.00,100%
562.75,3.63,140.70,508.00,100%
562.75,3.65,63.20,230.00,100%
562.78,3.65,66.70,242.00,100%
562.81,3.65,70.70,258.00,100%
562.84,3.65,71.50,262.00,100%
562.87,3.63,141.40,632.00,100%
562.87,3.65,65.40,266.00,100%
562.90,3.65,65.80,268.00,100%
562.93,3.65,75.00,266.00,100%
562.96,3.65,64.00,232.00,100%
562.99,3.64,140.20,508.00,100%
562.99,3.65,71.40,258.00,100%
563.02,3.65,73.40,268.00,100%
563.05,3.65,66.30,242.00,100%
563.08,3.65,65.80,262.00,100%
563.11,3.64,145.60,534.00,100%
563.11,3.65,83.60,246.00,100%
563.14,3.65,76.00,266.00,100%
563.17,3.65,74.00,268.00,100%
563.20,3.65,74.50,272.00,100%
563.23,3.63,146.60,530.00,100%
563.23,3.65,64.60,236.00,100%
563.26,3.65,67.40,246.00,100%
563.29,3.65,74.10,258.00,100%
563.35,3.65,69.20,230.00,100%
563.35,3.63,141.00,512.00,100%
563.35,3.65,67.40,262.00,100%
563.38,3.65,71.00,258.00,100%
563.41,3.65,64.30,236.00,100%
563.44,3.65,64.90,236.00,100%
563.47,3.64,150.60,544.00,100%
563.47,3.65,73.40,268.00,100%
563.50,3.65,67.80,240.00,100%
563.53,3.65,63.90,252.00,100%
563.56,3.65,71.70,272.00,100%
563.59,3.63,151.60,518.00,100%
563.59,3.65,63.70,232.00,100%
563.62,3.65,67.80,246.00,100%
563.65,3.65,74.90,272.00,100%
563.71,3.65,68.20,250.00,100%
563.71,3.63,120.10,436.00,100%
563.71,3.65,76.50,190.00,100%
563.74,3.65,72.10,282.00,100%
563.77,3.65,71.00,236.00,100%
563.80,3.65,65.80,240.00,100%
563.83,3.63,146.20,528.00,100%
563.83,3.65,70.80,258.00,100%
563.86,3.65,65.60,240.00,100%
563.89,3.65,63.80,232.00,100%
563.92,3.65,71.70,262.00,100%
563.95,3.63,153.40,518.00,100%
563.95,3.65,67.10,232.00,100%
563.98,3.65,64.60,252.00,100%
564.01,3.65,70.10,266.00,100%
564.04,3.65,68.50,250.00,100%
564.07,3.63,137.80,498.00,100%
564.07,3.65,67.50,246.00,100%
564.10,3.65,71.30,258.00,100%
564.13,3.65,70.80,258.00,100%
564.16,3.65,65.70,240.00,100%
564.19,3.63,141.10,534.00,100%
564.19,3.65,72.30,266.00,100%
564.22,3.65,74.10,242.00,100%
564.25,3.66,64.60,236.00,100%
564.28,3.65,68.70,250.00,100%
564.31,3.63,161.60,586.00,100%
564.31,3.65,71.00,258.00,100%
564.34,3.65,64.20,232.00,100%
564.37,3.65,69.80,266.00,100%
564.40,3.65,73.50,252.00,100%
564.43,3.63,143.60,504.00,100%
564.43,3.65,65.00,246.00,100%
564.46,3.65,72.30,262.00,100%
564.49,3.65,68.50,250.00,100%
564.52,3.65,65.10,236.00,100%
564.55,3.63,143.20,518.00,100%
564.55,3.65,71.40,258.00,100%
564.58,3.65,72.00,262.00,100%
564.61,3.65,66.50,240.00,100%
564.64,3.65,63.60,258.00,100%
564.67,3.63,148.50,540.00,100%
564.67,3.65,75.10,242.00,100%
564.70,3.65,62.50,230.00,100%
564.73,3.65,70.80,258.00,100%
564.76,3.65,73.80,268.00,100%
564.79,3.63,145.60,528.00,100%
564.79,3.65,64.70,236.00,100%
564.82,3.65,70.30,268.00,100%
564.85,3.65,59.80,242.00,100%
564.88,3.65,77.70,242.00,100%
564.91,3.63,141.40,540.00,100%
564.91,3.65,70.50,256.00,100%
564.94,3.65,70.50,256.00,100%
564.97,3.65,64.30,236.00,100%
565.00,3.65,65.10,236.00,100%
565.03,3.63,149.80,540.00,100%
565.03,3.65,73.90,242.00,100%
565.06,3.65,64.40,230.00,100%
565.09,3.65,65.70,262.00,100%
565.12,3.65,73.50,272.00,100%
565.15,3.63,141.20,512.00,100%
565.15,3.65,64.00,232.00,100%
565.18,3.65,69.00,252.00,100%
565.21,3.65,72.50,266.00,100%
565.24,3.65,69.00,252.00,100%
565.27,3.63,141.90,518.00,100%
565.27,3.65,65.70,256.00,100%
565.30,3.65,73.20,258.00,100%
565.33,3.65,72.10,236.00,100%
565.36,3.65,64.60,236.00,100%
565.39,3.63,150.80,544.00,100%
565.39,3.66,72.00,262.00,100%
565.45,3.65,54.40,200.00,100%
565.45,3.65,72.70,266.00,100%
565.48,3.65,77.20,302.00,100%
565.51,3.63,147.80,518.00,100%
565.51,3.65,67.50,236.00,100%
565.54,3.65,66.00,258.00,100%
565.57,3.65,73.70,268.00,100%
565.60,3.65,66.10,242.00,100%
565.63,3.64,142.00,514.00,100%
565.63,3.65,68.90,252.00,100%
565.66,3.65,73.10,266.00,100%
565.69,3.65,70.10,240.00,100%
565.72,3.65,63.70,242.00,100%
565.75,3.63,143.30,534.00,100%
565.75,3.65,74.00,256.00,100%
565.78,3.65,64.10,232.00,100%
565.81,3.65,65.00,236.00,100%
565.84,3.65,71.90,262.00,100%
565.87,3.63,148.30,538.00,100%
565.87,3.65,64.80,236.00,100%
565.90,3.65,67.30,272.00,100%
565.93,3.65,71.00,258.00,100%
565.96,3.65,72.80,240.00,100%
565.99,3.63,141.20,508.00,100%
565.99,3.65,72.40,266.00,100%
566.02,3.65,73.50,268.00,100%
566.05,3.65,74.10,268.00,100%
566.08,3.65,63.30,230.00,100%
566.11,3.63,149.30,540.00,100%
566.11,3.65,75.90,246.00,100%
566.14,3.65,66.90,232.00,100%
566.17,3.65,64.30,256.00,100%
566.20,3.65,70.80,272.00,100%
566.23,3.63,143.60,522.00,100%
566.23,3.65,62.70,230.00,100%
566.26,3.65,68.60,250.00,100%
566.29,3.65,71.60,262.00,100%
566.32,3.65,69.30,252.00,100%
566.35,3.63,141.70,514.00,100%
566.35,3.65,66.80,262.00,100%
566.38,3.65,72.40,256.00,100%
566.41,3.65,71.00,236.00,100%
566.44,3.65,65.70,240.00,100%
566.47,3.63,147.40,530.00,100%
566.47,3.65,72.60,266.00,100%
566.56,3.65,64.30,236.00,100%
566.56,3.65,64.30,236.00,100%
566.56,3.65,72.80,268.00,100%
566.59,3.63,125.00,514.00,100%
566.59,3.65,74.00,144.00,100%
566.62,3.65,66.90,286.00,100%
566.65,3.65,75.20,276.00,100%
566.68,3.65,66.30,242.00,100%
566.71,3.63,143.00,518.00,100%
566.71,3.65,66.50,242.00,100%
566.74,3.65,72.30,262.00,100%
566.77,3.65,70.10,236.00,100%
566.80,3.65,65.50,242.00,100%
566.83,3.63,140.50,528.00,100%
566.83,3.65,72.70,258.00,100%
566.86,3.65,65.30,240.00,100%
566.89,3.65,63.90,232.00,100%
566.92,3.65,73.40,268.00,100%
566.95,3.63,149.90,540.00,100%
566.95,3.65,65.80,240.00,100%
566.98,3.65,64.80,236.00,100%
567.01,3.65,71.80,276.00,100%
567.04,3.65,73.50,240.00,100%
567.07,3.63,143.30,508.00,100%
567.07,3.65,65.90,252.00,100%
567.10,3.65,71.10,258.00,100%
567.13,3.66,69.40,252.00,100%
567.16,3.65,63.70,232.00,100%
567.22,3.63,152.10,550.00,100%
567.22,3.65,79.90,292.00,100%
567.22,3.65,72.40,268.00,100%
567.25,3.65,63.80,232.00,100%
567.28,3.65,65.90,268.00,100%
567.31,3.63,149.10,538.00,100%
567.31,3.65,64.10,232.00,100%
567.34,3.65,64.30,236.00,100%
567.37,3.65,70.80,258.00,100%
567.40,3.65,74.20,272.00,100%
567.43,3.63,142.40,514.00,100%
567.43,3.65,65.70,256.00,100%
567.46,3.65,68.70,266.00,100%
567.49,3.65,75.80,250.00,100%
567.52,3.65,69.40,236.00,100%
567.55,3.63,145.20,524.00,100%
567.55,3.65,72.40,266.00,100%
567.58,3.65,68.70,250.00,100%
567.64,3.65,64.20,232.00,100%
567.64,3.65,66.80,242.00,100%
567.67,3.63,148.80,530.00,100%
567.67,3.65,69.20,230.00,100%
567.70,3.65,66.00,242.00,100%
567.73,3.65,45.90,268.00,100%
567.76,3.65,46.20,168.00,100%
567.79,3.63,150.30,544.00,100%
567.79,3.65,65.60,240.00,100%
567.82,3.65,72.50,266.00,100%
567.85,3.65,73.70,268.00,100%
567.88,3.65,68.00,240.00,100%
567.91,3.63,138.50,522.00,100%
567.91,3.65,71.50,276.00,100%
567.94,3.65,76.50,246.00,100%
567.97,3.65,63.30,230.00,100%
568.00,3.65,67.20,246.00,100%
568.03,3.63,150.40,544.00,100%
568.03,3.65,69.30,252.00,100%
568.06,3.65,64.40,236.00,100%
568.09,3.65,68.10,266.00,100%
568.12,3.65,70.80,256.00,100%
568.15,3.63,147.00,508.00,100%
568.15,3.65,66.50,240.00,100%
568.18,3.65,72.00,262.00,100%
568.21,3.65,71.90,262.00,100%
568.24,3.65,66.00,240.00,100%
568.27,3.63,141.50,512.00,100%
568.27,3.65,70.60,258.00,100%
568.30,3.66,76.30,250.00,100%
568.33,3.65,75.00,230.00,100%
568.36,3.65,72.70,278.00,100%
568.39,3.63,144.30,564.00,100%
568.39,3.65,69.10,252.00,100%
568.42,3.65,63.10,230.00,100%
568.45,3.65,66.40,242.00,100%
568.48,3.65,70.90,258.00,100%
568.51,3.62,147.20,530.00,100%
568.51,3.65,66.30,240.00,100%
568.54,3.65,64.90,262.00,100%
568.57,3.65,72.90,268.00,100%
568.60,3.65,74.40,242.00,100%
568.63,3.63,142.20,514.00,100%
568.63,3.65,68.30,250.00,100%
568.66,3.65,75.50,276.00,100%
568.69,3.65,67.40,246.00,100%
568.72,3.65,64.30,236.00,100%
568.75,3.63,144.00,538.00,100%
568.75,3.65,72.50,256.00,100%
568.78,3.65,71.20,236.00,100%
568.81,3.65,65.80,240.00,100%
568.84,3.65,73.10,266.00,100%
568.87,3.63,149.30,540.00,100%
568.87,3.65,66.50,242.00,100%
568.90,3.65,38.70,140.00,100%
568.93,3.65,78.30,286.00,100%
568.96,3.65,76.30,272.00,100%
568.99,3.63,143.10,504.00,100%
568.99,3.65,63.70,246.00,100%
569.02,3.65,69.00,266.00,100%
569.08,3.65,69.40,252.00,100%
569.08,3.65,63.00,230.00,100%
569.11,3.63,145.20,524.00,100%
569.11,3.65,70.70,258.00,100%
569.14,3.65,71.40,258.00,100%
569.17,3.65,65.70,236.00,100%
569.20,3.65,65.90,268.00,100%
569.23,3.63,147.00,530.00,100%
569.23,3.65,73.80,242.00,100%
569.26,3.65,64.50,236.00,100%
569.29,3.65,69.50,252.00,100%
569.32,3.65,74.90,272.00,100%
569.35,3.63,143.40,518.00,100%
569.35,3.65,64.20,232.00,100%
569.38,3.65,69.30,252.00,100%
569.41,3.65,73.80,252.00,100%
569.44,3.65,67.40,230.00,100%
569.47,3.64,139.70,514.00,100%
569.47,3.65,76.90,266.00,100%
569.50,3.65,76.70,278.00,100%
569.53,3.65,72.50,266.00,100%
569.56,3.65,64.60,236.00,100%
569.59,3.63,146.20,528.00,100%
569.59,3.65,72.20,262.00,100%
569.62,3.65,67.10,240.00,100%
569.65,3.65,63.30,256.00,100%
569.68,3.65,73.90,242.00,100%
569.71,3.63,145.90,484.00,100%
569.71,3.65,69.80,256.00,100%
569.74,3.65,73.60,268.00,100%
569.77,3.65,69.10,252.00,100%
569.80,3.65,63.20,230.00,100%
569.83,3.63,142.80,518.00,100%
569.83,3.65,72.50,256.00,100%
569.87,3.65,71.90,240.00,100%
569.89,3.65,64.20,232.00,100%
569.92,3.65,65.80,266.00,100%
569.95,3.63,144.20,518.00,100%
569.95,3.65,64.40,236.00,100%
569.98,3.65,64.50,236.00,100%
570.01,3.65,69.20,252.00,100%
570.04,3.65,75.20,276.00,100%
570.07,3.63,143.80,612.00,100%
570.07,3.65,44.90,250.00,100%
570.10,3.65,74.40,200.00,100%
570.13,3.65,73.50,286.00,100%
570.19,3.65,71.60,236.00,100%
570.19,3.63,140.10,504.00,100%
570.19,3.65,71.90,262.00,100%
570.22,3.65,70.70,258.00,100%
570.25,3.65,65.10,236.00,100%
570.28,3.65,65.10,236.00,100%
570.31,3.63,148.50,566.00,100%
570.31,3.65,72.00,236.00,100%
570.34,3.65,67.30,236.00,100%
570.37,3.65,66.30,256.00,100%
570.43,3.65,72.80,266.00,100%
570.43,3.63,142.90,518.00,100%
570.43,3.65,63.60,232.00,100%
570.46,3.65,67.70,246.00,100%
570.49,3.65,73.20,266.00,100%
570.52,3.65,71.40,240.00,100%
570.55,3.63,139.90,462.00,100%
570.55,3.65,67.40,266.00,100%
570.61,3.65,73.80,258.00,100%
570.61,3.65,63.60,232.00,100%
570.64,3.66,64.70,236.00,100%
570.67,3.63,147.70,534.00,100%
570.70,3.65,80.30,292.00,100%
570.70,3.65,69.90,256.00,100%
570.73,3.65,66.30,276.00,100%
570.76,3.65,70.40,262.00,100%
570.79,3.63,152.80,494.00,100%
570.79,3.65,68.50,232.00,100%
570.82,3.65,68.80,252.00,100%
570.85,3.65,73.60,268.00,100%
570.88,3.65,67.50,246.00,100%
570.91,3.63,139.70,504.00,100%
570.91,3.65,68.50,250.00,100%
570.94,3.65,74.60,256.00,100%
570.97,3.65,68.20,230.00,100%
571.00,3.65,65.70,246.00,100%
571.03,3.63,146.60,512.00,100%
571.03,3.65,70.30,256.00,100%
571.09,3.65,64.10,232.00,100%
571.09,3.65,65.00,236.00,100%
571.12,3.65,72.80,266.00,100%
571.15,3.63,148.80,646.00,100%
571.15,3.65,67.80,240.00,100%
571.18,3.65,63.30,252.00,100%
571.21,3.65,71.70,276.00,100%
571.27,3.65,72.80,246.00,100%
571.30,3.63,143.70,522.00,100%
571.30,3.65,75.00,272.00,100%
571.30,3.65,72.80,266.00,100%
571.33,3.65,68.40,250.00,100%
571.36,3.65,64.40,236.00,100%
571.39,3.63,143.90,580.00,100%
571.39,3.65,72.00,252.00,100%
571.42,3.65,71.40,240.00,100%
571.45,3.65,66.20,240.00,100%
571.48,3.65,71.70,262.00,100%
571.51,3.63,147.00,530.00,100%
571.51,3.65,65.70,240.00,100%
571.54,3.65,64.00,232.00,100%
571.57,3.65,70.90,258.00,100%
571.60,3.65,76.30,250.00,100%
571.63,3.63,143.30,466.00,100%
571.63,3.65,65.00,252.00,100%
571.66,3.65,69.60,266.00,100%
571.69,3.65,68.40,250.00,100%
571.72,3.65,63.30,230.00,100%
571.75,3.63,142.00,514.00,100%
571.75,3.65,70.80,258.00,100%
571.78,3.65,70.90,258.00,100%
571.81,3.65,46.60,240.00,100%
571.84,3.65,72.70,174.00,100%
571.87,3.63,153.30,544.00,100%
571.87,3.65,74.30,246.00,100%
571.90,3.65,64.10,232.00,100%
571.93,3.65,68.50,250.00,100%
571.96,3.65,75.50,276.00,100%
571.99,3.63,143.10,518.00,100%
571.99,3.65,64.30,236.00,100%
572.02,3.65,68.90,268.00,100%
572.08,3.65,72.00,256.00,100%
572.08,3.65,70.80,236.00,100%
572.11,3.63,144.00,488.00,100%
572.11,3.65,73.10,266.00,100%
572.14,3.65,71.20,258.00,100%
572.17,3.65,66.20,242.00,100%
572.20,3.65,63.30,230.00,100%
572.23,3.63,146.20,530.00,100%
572.23,3.65,75.40,246.00,100%
572.26,3.65,67.10,232.00,100%
572.29,3.65,64.40,252.00,100%
572.32,3.65,69.40,272.00,100%
572.35,3.63,144.50,522.00,100%
572.35,3.65,63.10,230.00,100%
572.38,3.65,66.80,242.00,100%
572.41,3.65,78.60,288.00,100%
572.44,3.65,79.10,288.00,100%
572.53,3.63,141.10,590.00,100%
572.53,3.65,65.10,266.00,100%
572.53,3.65,72.10,266.00,100%
572.53,3.65,74.20,242.00,100%
572.56,3.65,64.40,236.00,100%
572.59,3.63,143.80,522.00,100%
572.59,3.65,73.00,266.00,100%
572.62,3.65,67.70,246.00,100%
572.65,3.65,64.10,232.00,100%
572.71,3.65,67.40,262.00,100%
572.71,3.63,150.00,522.00,100%
572.71,3.65,71.10,236.00,100%
572.74,3.65,66.00,236.00,100%
572.77,3.65,72.70,266.00,100%
572.80,3.65,72.40,266.00,100%
572.83,3.63,143.10,518.00,100%
572.83,3.65,62.90,230.00,100%
572.86,3.65,69.00,252.00,100%
572.89,3.65,73.60,252.00,100%
572.92,3.65,69.60,236.00,100%
572.95,3.63,141.60,484.00,100%
572.95,3.65,41.90,262.00,100%
572.98,3.65,46.90,170.00,100%
573.04,3.65,71.90,262.00,100%
573.04,3.65,65.80,240.00,100%
573.07,3.63,145.80,528.00,100%
573.07,3.65,74.20,272.00,100%
573.10,3.65,67.80,236.00,100%
573.13,3.65,64.60,252.00,100%
573.16,3.65,68.10,266.00,100%
573.19,3.63,151.20,502.00,100%
573.19,3.65,64.70,236.00,100%
573.22,3.65,64.40,236.00,100%
573.25,3.65,71.80,262.00,100%
573.28,3.65,70.90,258.00,100%
573.31,3.63,140.60,508.00,100%
573.31,3.65,64.90,262.00,100%
573.34,3.65,71.80,272.00,100%
573.37,3.65,74.30,242.00,100%
573.40,3.65,68.40,236.00,100%
573.43,3.63,142.80,514.00,100%
573.43,3.65,70.80,258.00,100%
573.46,3.65,71.00,258.00,100%
573.49,3.65,63.70,232.00,100%
573.52,3.66,65.10,236.00,100%
573.55,3.64,149.40,590.00,100%
573.55,3.65,81.60,240.00,100%
573.58,3.66,73.30,258.00,100%
573.61,3.65,65.10,286.00,100%
573.64,3.65,75.20,276.00,100%
573.67,3.63,141.90,514.00,100%
573.67,3.65,64.90,236.00,100%
573.70,3.65,66.30,242.00,100%
573.73,3.65,71.90,262.00,100%
573.76,3.65,70.70,236.00,100%
573.79,3.63,143.60,468.00,100%
573.79,3.65,64.60,266.00,100%
573.82,3.65,74.00,266.00,100%
573.85,3.65,65.70,240.00,100%
573.88,3.65,62.80,230.00,100%
573.91,3.63,147.20,534.00,100%
573.94,3.65,73.30,268.00,100%
573.94,3.65,67.20,246.00,100%
573.97,3.65,64.70,250.00,100%
574.00,3.65,69.20,268.00,100%
574.03,3.63,150.40,498.00,100%
574.03,3.65,70.00,236.00,100%
574.06,3.65,66.20,242.00,100%
574.09,3.65,70.10,256.00,100%
574.12,3.65,72.40,266.00,100%
574.15,3.63,114.60,412.00,100%
574.15,3.65,72.10,262.00,100%
574.18,3.65,73.20,298.00,100%
574.21,3.65,75.20,250.00,100%
574.24,3.65,66.40,230.00,100%
574.27,3.63,143.30,502.00,100%
574.27,3.65,72.70,266.00,100%
574.30,3.65,67.80,246.00,100%
574.33,3.65,65.20,240.00,100%
574.36,3.65,64.50,236.00,100%
574.39,3.63,146.70,530.00,100%
574.39,3.65,72.80,266.00,100%
574.42,3.65,66.60,236.00,100%
574.45,3.65,63.50,256.00,100%
574.48,3.65,71.70,272.00,100%
574.51,3.63,154.10,518.00,100%
574.51,3.65,62.90,230.00,100%
574.54,3.65,68.60,250.00,100%
574.57,3.65,71.20,258.00,100%
574.60,3.65,69.30,252.00,100%
574.63,3.63,141.40,558.00,100%
574.63,3.65,67.10,266.00,100%
574.66,3.65,72.60,256.00,100%
574.69,3.66,72.70,240.00,100%
574.72,3.65,75.20,236.00,100%
574.75,3.63,153.40,558.00,100%
574.75,3.65,82.70,302.00,100%
574.78,3.65,65.90,240.00,100%
574.81,3.65,64.10,232.00,100%
574.84,3.65,69.10,252.00,100%
574.87,3.63,151.50,484.00,100%
574.87,3.66,68.00,230.00,100%
574.90,3.65,65.30,242.00,100%
574.93,3.65,67.60,262.00,100%
574.96,3.65,70.00,256.00,100%
574.99,3.63,140.70,508.00,100%
574.99,3.65,63.90,232.00,100%
575.02,3.65,72.10,262.00,100%
575.05,3.65,74.10,268.00,100%
575.08,3.65,68.20,240.00,100%
575.11,3.63,141.20,494.00,100%
575.11,3.65,69.90,266.00,100%
575.14,3.65,75.70,252.00,100%
575.17,3.65,62.80,230.00,100%
575.20,3.65,66.60,242.00,100%
575.23,3.63,146.70,530.00,100%
575.23,3.65,71.00,258.00,100%
575.26,3.65,65.50,240.00,100%
575.29,3.65,43.10,268.00,100%
575.32,3.65,78.80,180.00,100%
575.35,3.63,152.40,522.00,100%
575.35,3.65,68.40,236.00,100%
575.38,3.65,68.30,250.00,100%
575.41,3.65,72.80,266.00,100%
575.44,3.65,67.90,250.00,100%
575.47,3.63,139.40,504.00,100%
575.47,3.65,67.10,246.00,100%
575.50,3.65,73.00,262.00,100%
575.53,3.65,70.10,230.00,100%
575.56,3.65,66.20,240.00,100%
575.62,3.63,141.60,534.00,100%
575.62,3.65,71.80,262.00,100%
575.62,3.65,66.40,242.00,100%
575.65,3.65,63.80,232.00,100%
575.68,3.65,69.70,256.00,100%
575.71,3.63,150.50,560.00,100%
575.71,3.65,70.00,236.00,100%
575.74,3.65,63.10,240.00,100%
575.77,3.65,68.20,266.00,100%
575.80,3.65,73.80,256.00,100%
575.83,3.63,138.20,502.00,100%
575.83,3.66,65.30,240.00,100%
575.86,3.65,71.90,262.00,100%
575.89,3.65,79.90,292.00,100%
575.92,3.65,70.40,256.00,100%
575.95,3.63,140.90,504.00,100%
575.95,3.65,70.30,266.00,100%
575.98,3.65,75.40,246.00,100%
576.01,3.65,68.90,236.00,100%
576.04,3.65,67.20,246.00,100%
576.07,3.63,148.80,538.00,100%
576.07,3.65,68.60,250.00,100%
576.10,3.65,64.30,236.00,100%
576.13,3.65,66.70,242.00,100%
576.16,3.65,73.30,266.00,100%
576.19,3.63,146.40,482.00,100%
576.19,3.65,66.30,236.00,100%
576.22,3.65,66.50,262.00,100%
576.25,3.65,72.10,262.00,100%
576.28,3.65,65.90,240.00,100%
576.31,3.63,139.60,504.00,100%
576.31,3.65,68.80,252.00,100%
576.34,3.65,72.70,266.00,100%
576.37,3.65,70.60,240.00,100%
576.40,3.65,63.10,236.00,100%
576.43,3.63,142.10,512.00,100%
576.43,3.65,67.00,262.00,100%
576.46,3.65,69.80,256.00,100%
576.49,3.65,71.70,262.00,100%
576.52,3.65,71.90,262.00,100%
576.55,3.63,149.40,540.00,100%
576.55,3.65,66.90,242.00,100%
576.58,3.65,66.00,256.00,100%
576.61,3.65,68.00,262.00,100%
576.64,3.65,73.60,252.00,100%
576.67,3.63,145.70,504.00,100%
576.67,3.65,65.30,240.00,100%
576.71,3.65,70.90,258.00,100%
576.73,3.65,71.00,258.00,100%
576.76,3.65,64.70,236.00,100%
576.79,3.63,140.10,508.00,100%
576.79,3.65,74.10,272.00,100%
576.82,3.65,72.60,236.00,100%
576.85,3.65,67.60,236.00,100%
576.88,3.65,66.00,256.00,100%
576.91,3.63,149.40,540.00,100%
576.91,3.65,67.70,246.00,100%
576.94,3.65,64.30,236.00,100%
576.97,3.65,66.40,242.00,100%
577.00,3.65,72.10,262.00,100%
577.03,3.63,134.00,468.00,100%
577.03,3.65,72.00,140.00,100%
577.06,3.65,68.10,294.00,100%
577.09,3.65,73.50,276.00,100%
577.12,3.65,66.00,240.00,100%
577.15,3.63,138.70,502.00,100%
577.15,3.65,68.60,250.00,100%
577.18,3.65,72.00,262.00,100%
577.21,3.65,69.60,252.00,100%
577.24,3.65,66.20,242.00,100%
577.27,3.63,139.80,512.00,100%
577.27,3.65,72.10,268.00,100%
577.30,3.65,74.40,240.00,100%
577.33,3.65,63.40,232.00,100%
577.36,3.65,69.10,252.00,100%
577.39,3.63,150.30,544.00,100%
577.39,3.65,68.20,250.00,100%
577.42,3.65,64.60,236.00,100%
577.45,3.65,68.30,266.00,100%
577.48,3.65,70.90,252.00,100%
577.51,3.63,147.90,488.00,100%
577.51,3.65,66.50,236.00,100%
577.54,3.65,71.20,258.00,100%
577.57,3.66,72.60,266.00,100%
577.60,3.65,67.00,246.00,100%
577.66,3.63,147.20,534.00,100%
577.66,3.65,76.20,278.00,100%
577.69,3.65,74.60,282.00,100%
577.69,3.65,69.20,232.00,100%
577.72,3.65,65.60,240.00,100%
577.75,3.63,143.30,530.00,100%
577.75,3.65,72.30,262.00,100%
577.78,3.65,64.70,236.00,100%
577.84,3.65,64.40,236.00,100%
577.84,3.65,69.10,252.00,100%
577.87,3.63,147.50,534.00,100%
577.87,3.65,70.50,240.00,100%
577.90,3.65,64.30,236.00,100%
577.93,3.65,66.40,262.00,100%
577.96,3.65,74.70,262.00,100%
577.99,3.63,140.50,508.00,100%
577.99,3.65,62.80,230.00,100%
578.02,3.65,69.90,256.00,100%
578.05,3.65,74.40,272.00,100%
578.08,3.65,69.10,252.00,100%
578.11,3.63,141.40,472.00,100%
578.11,3.65,65.30,256.00,100%
578.14,3.65,73.40,266.00,100%
578.17,3.65,49.70,242.00,100%
578.20,3.65,41.00,150.00,100%
578.23,3.63,150.80,544.00,100%
578.23,3.65,72.50,266.00,100%
578.26,3.65,68.90,252.00,100%
578.29,3.65,64.60,236.00,100%
578.32,3.65,66.80,268.00,100%
578.35,3.63,147.50,514.00,100%
578.35,3.65,74.20,242.00,100%
578.38,3.65,67.60,236.00,100%
578.41,3.65,69.10,252.00,100%
578.44,3.65,71.20,258.00,100%
578.47,3.63,145.00,524.00,100%
578.47,3.65,63.80,232.00,100%
578.50,3.65,65.10,236.00,100%
578.53,3.65,74.30,268.00,100%
578.56,3.65,73.70,240.00,100%
578.59,3.63,142.70,484.00,100%
578.59,3.65,65.00,252.00,100%
578.62,3.65,72.50,266.00,100%
578.65,3.65,68.50,250.00,100%
578.68,3.65,65.10,236.00,100%
578.71,3.63,139.40,504.00,100%
578.71,3.66,71.60,262.00,100%
578.77,3.66,75.60,246.00,100%
578.77,3.65,76.30,232.00,100%
578.80,3.65,72.20,276.00,100%
578.83,3.63,144.60,560.00,100%
578.83,3.65,71.60,262.00,100%
578.86,3.65,64.40,236.00,100%
578.89,3.65,64.80,236.00,100%
578.92,3.65,68.90,252.00,100%
578.95,3.63,147.50,534.00,100%
578.95,3.65,70.40,236.00,100%
578.98,3.65,64.90,240.00,100%
579.04,3.65,64.70,262.00,100%
579.04,3.65,72.60,272.00,100%
579.07,3.63,142.40,514.00,100%
579.07,3.65,62.70,230.00,100%
579.10,3.65,67.30,246.00,100%
579.13,3.66,70.50,256.00,100%
579.16,3.65,72.40,266.00,100%
579.19,3.63,141.80,462.00,100%
579.19,3.65,64.90,256.00,100%
579.22,3.65,68.00,262.00,100%
579.25,3.65,73.00,256.00,100%
579.28,3.65,64.90,236.00,100%
579.31,3.63,138.90,502.00,100%
579.31,3.65,71.90,262.00,100%
579.34,3.65,48.80,176.00,100%
579.37,3.65,76.20,278.00,100%
579.40,3.65,65.00,268.00,100%
579.43,3.63,141.40,514.00,100%
579.43,3.65,71.00,266.00,100%
579.49,3.65,75.30,246.00,100%
579.52,3.65,64.40,236.00,100%
579.52,3.65,65.00,236.00,100%
579.55,3.63,146.50,530.00,100%
579.55,3.65,71.60,262.00,100%
579.58,3.65,66.80,242.00,100%
579.61,3.65,64.70,236.00,100%
579.64,3.65,68.50,266.00,100%
579.67,3.63,146.00,502.00,100%
579.67,3.65,65.80,236.00,100%
579.70,3.65,65.00,258.00,100%
579.73,3.65,73.20,266.00,100%
579.76,3.65,67.80,246.00,100%
579.79,3.63,178.30,646.00,100%
579.79,3.65,63.80,232.00,100%
579.82,3.66,71.60,262.00,100%
579.85,3.65,75.50,246.00,100%
579.88,3.65,68.40,236.00,100%
579.91,3.63,139.90,642.00,100%
579.91,3.66,66.40,262.00,100%
579.94,3.65,72.20,262.00,100%
579.97,3.65,72.90,266.00,100%
580.00,3.65,72.60,266.00,100%
580.03,3.63,154.90,558.00,100%
580.03,3.65,72.00,262.00,100%
580.06,3.65,71.70,236.00,100%
580.09,3.65,66.00,236.00,100%
580.12,3.65,64.00,258.00,100%
580.15,3.63,146.50,764.00,100%
580.15,3.65,68.50,250.00,100%
580.18,3.65,62.90,230.00,100%
580.21,3.65,66.30,242.00,100%
580.24,3.65,70.80,258.00,100%
580.27,3.63,138.30,370.00,100%
580.27,3.65,66.70,232.00,100%
580.30,3.65,64.90,252.00,100%
580.33,3.65,67.70,262.00,100%
580.36,3.65,72.90,252.00,100%
580.39,3.63,212.10,770.00,100%
580.39,3.65,63.60,232.00,100%
580.42,3.65,73.30,268.00,100%
580.45,3.65,71.80,262.00,100%
580.48,3.65,65.90,240.00,100%
580.51,3.63,134.80,452.00,100%
580.51,3.65,45.70,276.00,100%
580.54,3.65,79.60,158.00,100%
580.57,3.65,70.70,266.00,100%
580.60,3.65,66.00,242.00,100%
580.63,3.63,208.60,754.00,100%
580.63,3.65,71.80,262.00,100%
580.66,3.65,64.50,236.00,100%
580.69,3.65,64.20,232.00,100%
580.72,3.65,71.50,262.00,100%
580.75,3.63,146.30,502.00,100%
580.75,3.65,66.50,226.00,100%
580.78,3.65,65.00,250.00,100%
580.81,3.65,69.20,266.00,100%
580.84,3.65,68.80,252.00,100%
580.87,3.63,190.40,688.00,100%
580.87,3.65,63.80,232.00,100%
580.90,3.65,71.80,262.00,100%
580.93,3.65,74.20,272.00,100%
580.96,3.65,68.50,236.00,100%
580.99,3.63,136.20,620.00,100%
580.99,3.65,68.40,266.00,100%
581.02,3.65,74.20,256.00,100%
581.05,3.65,63.50,232.00,100%
581.08,3.65,64.40,236.00,100%
581.11,3.63,161.00,580.00,100%
581.11,3.65,81.90,298.00,100%
581.14,3.65,76.10,278.00,100%
581.17,3.65,66.00,276.00,100%
581.20,3.65,64.90,256.00,100%
581.26,3.63,147.90,744.00,100%
581.26,3.65,74.30,240.00,100%
581.26,3.65,63.00,230.00,100%
581.29,3.65,68.70,250.00,100%
581.32,3.65,72.20,262.00,100%
581.35,3.63,138.70,358.00,100%
581.35,3.65,65.10,236.00,100%
581.38,3.65,66.80,268.00,100%
581.41,3.65,70.60,262.00,100%
581.44,3.65,75.90,250.00,100%
581.47,3.63,215.50,784.00,100%
581.47,3.65,65.70,240.00,100%
581.50,3.65,71.40,258.00,100%
581.53,3.65,72.50,266.00,100%
581.56,3.65,66.40,242.00,100%
581.59,3.63,132.60,442.00,100%
581.59,3.65,70.70,276.00,100%
581.62,3.65,71.80,250.00,100%
581.65,3.65,71.40,240.00,100%
581.68,3.66,57.30,240.00,100%
581.71,3.63,192.90,698.00,100%
581.71,3.65,80.70,294.00,100%
581.74,3.65,70.90,258.00,100%
581.77,3.65,64.00,232.00,100%
581.80,3.65,67.00,246.00,100%
581.83,3.63,144.30,504.00,100%
581.83,3.65,71.40,232.00,100%
581.86,3.65,66.40,240.00,100%
581.89,3.65,65.60,258.00,100%
581.92,3.65,74.90,272.00,100%
581.95,3.63,197.40,714.00,100%
581.95,3.65,64.80,236.00,100%
581.98,3.65,65.30,240.00,100%
582.02,3.65,72.80,266.00,100%
582.04,3.65,74.50,242.00,100%
582.07,3.63,139.10,566.00,100%
582.10,3.65,64.80,252.00,100%
582.10,3.65,69.20,266.00,100%
582.13,3.65,70.00,256.00,100%
582.16,3.65,63.60,232.00,100%
582.19,3.63,166.40,600.00,100%
582.19,3.65,70.40,256.00,100%
582.22,3.65,74.70,272.00,100%
582.25,3.65,69.40,236.00,100%
582.28,3.65,62.20,242.00,100%
582.31,3.63,149.70,734.00,100%
582.31,3.65,72.00,292.00,100%
582.34,3.65,65.90,240.00,100%
582.37,3.65,63.00,230.00,100%
582.40,3.65,70.40,256.00,100%
582.43,3.63,148.70,534.00,100%
582.43,3.65,69.30,252.00,100%
582.46,3.65,66.00,240.00,100%
582.49,3.65,65.90,266.00,100%
582.52,3.65,72.60,266.00,100%
582.55,3.63,150.50,774.00,100%
582.55,3.65,64.50,236.00,100%
582.58,3.65,66.80,242.00,100%
582.61,3.65,73.70,268.00,100%
582.64,3.65,69.90,256.00,100%
582.67,3.63,131.00,406.00,100%
582.67,3.65,65.40,266.00,100%
582.70,3.65,72.20,272.00,100%
582.79,3.65,74.60,246.00,100%
582.79,3.65,69.10,236.00,100%
582.85,3.63,202.00,730.00,100%
582.85,3.65,70.00,256.00,100%
582.85,3.66,73.10,266.00,100%
582.85,3.65,52.40,190.00,100%
582.88,3.65,72.10,262.00,100%
582.91,3.63,142.70,524.00,100%
582.91,3.65,74.10,266.00,100%
582.94,3.65,69.70,232.00,100%
582.97,3.65,65.90,240.00,100%
583.00,3.65,72.40,266.00,100%
583.03,3.63,209.60,756.00,100%
583.06,3.65,68.80,252.00,100%
583.06,3.65,63.60,232.00,100%
583.09,3.65,66.50,242.00,100%
583.12,3.65,73.80,268.00,100%
583.15,3.63,145.20,548.00,100%
583.15,3.65,65.80,230.00,100%
583.18,3.65,65.50,252.00,100%
583.21,3.65,69.50,266.00,100%
583.24,3.65,70.20,256.00,100%
583.30,3.63,168.70,610.00,100%
583.30,3.65,63.60,232.00,100%
583.30,3.65,68.60,250.00,100%
583.33,3.65,73.20,266.00,100%
583.36,3.65,73.40,240.00,100%
583.39,3.63,140.10,658.00,100%
583.42,3.65,65.40,258.00,100%
583.42,3.65,64.80,266.00,100%
583.45,3.65,74.20,272.00,100%
583.51,3.65,72.80,266.00,100%
583.51,3.63,140.00,512.00,100%
583.51,3.65,70.50,256.00,100%
583.54,3.65,75.80,276.00,100%
583.57,3.65,71.50,240.00,100%
583.60,3.65,63.90,232.00,100%
583.63,3.63,140.80,764.00,100%
583.63,3.65,73.10,276.00,100%
583.66,3.65,67.20,246.00,100%
583.69,3.65,64.30,236.00,100%
583.72,3.65,65.00,236.00,100%
583.75,3.63,137.10,492.00,100%
583.75,3.65,75.10,272.00,100%
583.78,3.65,70.10,240.00,100%
583.81,3.65,63.70,236.00,100%
583.84,3.65,67.10,272.00,100%
583.87,3.63,149.60,774.00,100%
583.87,3.65,66.40,242.00,100%
583.90,3.65,64.00,232.00,100%
583.93,3.65,66.80,242.00,100%
583.96,3.66,71.60,262.00,100%
583.99,3.63,143.80,478.00,100%
583.99,3.66,61.60,240.00,100%
584.02,3.65,71.50,190.00,100%
584.05,3.65,71.90,292.00,100%
584.08,3.65,75.60,276.00,100%
584.11,3.63,203.00,730.00,100%
584.11,3.65,63.80,232.00,100%
584.14,3.65,68.00,250.00,100%
584.17,3.65,71.80,262.00,100%
584.20,3.65,73.20,266.00,100%
584.23,3.63,138.70,540.00,100%
584.23,3.65,63.90,246.00,100%
584.29,3.65,68.10,268.00,100%
584.32,3.65,73.80,266.00,100%
584.35,3.65,65.90,240.00,100%
584.35,3.63,180.90,652.00,100%
584.35,3.65,68.10,250.00,100%
584.38,3.65,71.60,262.00,100%
584.41,3.65,72.60,266.00,100%
584.44,3.65,68.50,240.00,100%
584.47,3.63,140.10,656.00,100%
584.47,3.65,68.90,268.00,100%
584.50,3.65,73.30,262.00,100%
584.53,3.65,65.70,240.00,100%
584.56,3.65,63.30,230.00,100%
584.59,3.63,153.20,550.00,100%
584.59,3.65,59.00,216.00,100%
584.62,3.65,79.30,288.00,100%
584.65,3.65,67.70,266.00,100%
584.68,3.65,64.80,252.00,100%
584.71,3.63,145.00,740.00,100%
584.71,3.65,73.90,258.00,100%
584.74,3.65,65.50,240.00,100%
584.77,3.65,63.50,232.00,100%
584.80,3.65,70.80,258.00,100%
584.83,3.63,136.70,492.00,100%
584.83,3.65,70.70,258.00,100%
584.86,3.65,66.40,240.00,100%
584.89,3.65,65.60,262.00,100%
584.92,3.65,71.50,272.00,100%
584.95,3.63,149.20,760.00,100%
584.95,3.65,65.10,236.00,100%
584.98,3.65,65.00,236.00,100%
585.01,3.65,74.30,272.00,100%
585.04,3.65,72.90,266.00,100%
585.07,3.63,138.20,494.00,100%
585.07,3.65,65.70,250.00,100%
585.10,3.65,68.20,268.00,100%
585.13,3.65,71.60,258.00,100%
585.16,3.66,73.10,242.00,100%
585.19,3.63,198.00,714.00,100%
585.19,3.65,76.80,278.00,100%
585.22,3.65,78.30,286.00,100%
585.25,3.65,68.60,250.00,100%
585.28,3.65,65.30,240.00,100%
585.31,3.63,136.30,570.00,100%
585.31,3.65,73.20,272.00,100%
585.34,3.65,74.20,242.00,100%
585.37,3.65,69.70,240.00,100%
585.40,3.65,66.90,242.00,100%
585.43,3.63,195.70,704.00,100%
585.43,3.65,74.20,272.00,100%
585.46,3.65,66.50,242.00,100%
585.49,3.65,64.70,236.00,100%
585.52,3.65,67.40,246.00,100%
585.55,3.63,149.80,656.00,100%
585.55,3.65,72.80,240.00,100%
585.58,3.65,68.40,236.00,100%
585.61,3.65,66.40,250.00,100%
585.64,3.65,70.80,258.00,100%
585.67,3.63,169.20,610.00,100%
585.67,3.65,66.40,242.00,100%
585.71,3.65,64.80,236.00,100%
585.73,3.65,67.20,246.00,100%
585.76,3.65,53.10,268.00,100%
585.79,3.63,155.60,612.00,100%
585.79,3.65,68.90,266.00,100%
585.82,3.65,66.60,246.00,100%
585.85,3.65,72.00,262.00,100%
585.88,3.65,73.80,268.00,100%
585.91,3.63,137.00,492.00,100%
585.91,3.65,64.80,236.00,100%
585.94,3.65,66.00,240.00,100%
585.97,3.65,74.30,276.00,100%
586.00,3.65,74.20,242.00,100%
586.03,3.63,145.70,748.00,100%
586.03,3.65,67.20,240.00,100%
586.06,3.65,70.90,258.00,100%
586.09,3.65,74.50,272.00,100%
586.12,3.65,69.00,252.00,100%
586.15,3.63,132.90,478.00,100%
586.15,3.65,65.30,240.00,100%
586.18,3.65,72.40,276.00,100%
586.21,3.65,72.90,246.00,100%
586.24,3.65,71.80,242.00,100%
586.27,3.63,142.60,714.00,100%
586.27,3.65,70.30,256.00,100%
586.30,3.66,73.20,266.00,100%
586.33,3.65,70.10,256.00,100%
586.36,3.65,72.80,266.00,100%
586.39,3.63,142.50,512.00,100%
586.39,3.65,71.80,298.00,100%
586.42,3.65,72.30,250.00,100%
586.45,3.65,71.70,240.00,100%
586.48,3.65,67.20,236.00,100%
586.51,3.63,197.40,712.00,100%
586.51,3.65,74.00,268.00,100%
586.54,3.65,70.00,256.00,100%
586.57,3.65,64.50,236.00,100%
586.60,3.65,65.00,236.00,100%
586.63,3.63,145.10,636.00,100%
586.66,3.65,74.30,246.00,100%
586.66,3.65,69.70,236.00,100%
586.69,3.65,66.10,240.00,100%
586.72,3.65,72.60,266.00,100%
586.75,3.63,178.00,642.00,100%
586.75,3.65,68.90,252.00,100%
586.78,3.65,63.70,232.00,100%
586.81,3.66,65.80,240.00,100%
586.84,3.65,73.60,272.00,100%
586.87,3.63,150.00,692.00,100%
586.87,3.65,68.60,236.00,100%
586.90,3.65,41.70,242.00,100%
586.93,3.65,50.70,184.00,100%
586.96,3.65,80.30,292.00,100%
586.99,3.63,148.90,534.00,100%
586.99,3.65,63.30,230.00,100%
587.02,3.65,66.00,240.00,100%
587.05,3.65,73.20,268.00,100%
587.08,3.65,75.10,246.00,100%
587.11,3.63,142.70,718.00,100%
587.11,3.65,65.50,242.00,100%
587.14,3.65,71.20,258.00,100%
587.20,3.65,71.60,262.00,100%
587.20,3.65,67.60,246.00,100%
587.23,3.63,127.60,458.00,100%
587.23,3.65,66.80,242.00,100%
587.26,3.65,72.50,266.00,100%
587.29,3.65,74.20,242.00,100%
587.32,3.65,65.80,230.00,100%
587.35,3.63,140.60,740.00,100%
587.35,3.65,69.70,266.00,100%
587.38,3.65,69.70,256.00,100%
587.41,3.65,65.70,240.00,100%
587.44,3.65,63.50,232.00,100%
587.47,3.64,140.30,504.00,100%
587.47,3.66,73.80,268.00,100%
587.50,3.65,79.10,240.00,100%
587.53,3.65,71.30,258.00,100%
587.56,3.65,65.80,292.00,100%
587.59,3.63,148.90,738.00,100%
587.59,3.65,66.40,242.00,100%
587.62,3.65,64.40,236.00,100%
587.65,3.65,66.00,240.00,100%
587.68,3.65,73.10,266.00,100%
587.77,3.63,143.70,586.00,100%
587.77,3.65,69.10,240.00,100%
587.77,3.65,63.20,240.00,100%
587.77,3.65,67.70,266.00,100%
587.80,3.65,73.90,266.00,100%
587.83,3.63,178.70,646.00,100%
587.83,3.65,63.50,232.00,100%
587.86,3.65,67.80,246.00,100%
587.89,3.65,71.70,262.00,100%
587.92,3.65,72.80,266.00,100%
587.95,3.63,143.70,656.00,100%
587.95,3.65,63.40,246.00,100%
587.98,3.65,68.50,266.00,100%
588.01,3.65,73.20,262.00,100%
588.04,3.65,65.30,240.00,100%
588.07,3.63,151.90,548.00,100%
588.07,3.65,43.60,158.00,100%
588.10,3.65,79.70,292.00,100%
588.13,3.65,73.60,268.00,100%
588.16,3.65,67.90,242.00,100%
588.19,3.63,139.20,668.00,100%
588.19,3.65,68.60,266.00,100%
588.22,3.65,72.90,262.00,100%
588.25,3.65,65.60,240.00,100%
588.31,3.65,63.30,230.00,100%
588.31,3.63,137.50,494.00,100%
588.31,3.65,71.90,262.00,100%
588.34,3.65,71.80,262.00,100%
588.37,3.65,67.40,240.00,100%
588.40,3.65,64.90,252.00,100%
588.43,3.63,143.80,766.00,100%
588.43,3.65,72.90,262.00,100%
588.46,3.65,65.90,240.00,100%
588.52,3.65,63.20,230.00,100%
588.52,3.65,69.00,252.00,100%
588.58,3.63,140.70,504.00,100%
588.58,3.65,71.90,262.00,100%
588.58,3.65,67.10,236.00,100%
588.61,3.65,64.90,252.00,100%
588.64,3.65,67.20,266.00,100%
588.67,3.63,132.40,730.00,100%
588.67,3.65,71.20,258.00,100%
588.70,3.65,70.70,258.00,100%
588.73,3.65,69.20,252.00,100%
588.76,3.65,71.30,258.00,100%
588.79,3.63,142.20,576.00,100%
588.79,3.66,66.40,232.00,100%
588.85,3.65,65.50,258.00,100%
588.85,3.65,67.70,258.00,100%
588.88,3.65,73.50,258.00,100%
588.91,3.63,147.90,682.00,100%
588.91,3.65,63.20,230.00,100%
588.94,3.65,70.20,256.00,100%
588.97,3.65,71.80,262.00,100%
589.00,3.65,70.40,256.00,100%
589.03,3.63,137.70,606.00,100%
589.03,3.65,65.80,262.00,100%
589.09,3.65,69.20,266.00,100%
589.09,3.65,73.40,256.00,100%
589.12,3.65,72.40,236.00,100%
589.15,3.63,163.80,590.00,100%
589.15,3.65,71.10,258.00,100%
589.18,3.65,74.80,272.00,100%
589.21,3.65,69.50,252.00,100%
589.24,3.65,47.90,174.00,100%
589.27,3.63,149.60,596.00,100%
589.27,3.65,72.80,292.00,100%
589.30,3.65,74.80,256.00,100%
589.36,3.65,71.20,240.00,100%
589.36,3.65,64.10,232.00,100%
589.39,3.63,150.40,540.00,100%
589.39,3.65,74.90,272.00,100%
589.42,3.65,68.90,252.00,100%
589.45,3.65,64.90,236.00,100%
589.48,3.65,66.90,268.00,100%
589.51,3.63,146.90,774.00,100%
589.51,3.65,75.90,250.00,100%
589.54,3.65,69.90,236.00,100%
589.57,3.65,65.50,240.00,100%
589.60,3.65,71.90,262.00,100%
589.63,3.63,138.30,498.00,100%
589.63,3.65,67.50,246.00,100%
589.66,3.65,64.70,236.00,100%
589.69,3.65,71.70,262.00,100%
589.72,3.65,74.40,242.00,100%
589.75,3.63,210.40,266.00,100%
589.75,3.65,65.50,258.00,100%
589.78,3.65,69.00,266.00,100%
589.81,3.65,70.80,258.00,100%
589.84,3.65,64.90,236.00,100%
589.87,3.63,212.50,766.00,100%
589.87,3.65,75.90,276.00,100%
589.90,3.65,71.90,262.00,100%
589.93,3.65,73.90,242.00,100%
589.96,3.65,66.00,230.00,100%
589.99,3.63,193.00,302.00,100%
589.99,3.65,68.30,266.00,100%
590.02,3.65,71.40,258.00,100%
590.05,3.65,64.90,236.00,100%
590.08,3.65,64.60,236.00,100%
590.11,3.63,162.10,590.00,100%
590.11,3.65,71.80,262.00,100%
590.14,3.65,74.50,242.00,100%
590.17,3.65,67.00,232.00,100%
590.20,3.65,64.70,250.00,100%
590.23,3.63,105.60,384.00,100%
590.23,3.65,72.90,266.00,100%
590.26,3.65,65.60,240.00,100%
590.29,3.65,65.00,236.00,100%
590.32,3.65,65.50,240.00,100%
590.35,3.63,180.20,268.00,100%
590.35,3.65,75.20,252.00,100%
590.38,3.65,69.20,236.00,100%
590.41,3.65,46.10,240.00,100%
590.44,3.65,73.40,176.00,100%
590.47,3.63,132.30,482.00,100%
590.47,3.65,68.80,252.00,100%
590.50,3.65,65.60,240.00,100%
590.53,3.65,63.90,232.00,100%
590.59,3.65,70.80,258.00,100%
590.59,3.63,112.00,252.00,100%
590.59,3.65,71.90,246.00,100%
590.62,3.66,64.70,232.00,100%
590.65,3.65,65.60,256.00,100%
590.68,3.65,69.90,268.00,100%
590.74,3.63,138.60,504.00,100%
590.74,3.65,66.20,242.00,100%
590.74,3.65,63.90,232.00,100%
590.77,3.65,67.70,246.00,100%
590.80,3.65,72.10,262.00,100%
590.83,3.63,210.90,262.00,100%
590.83,3.65,66.20,236.00,100%
590.86,3.65,65.70,246.00,100%
590.92,3.65,67.70,268.00,100%
590.92,3.65,73.00,266.00,100%
590.95,3.63,214.10,774.00,100%
590.95,3.65,64.80,236.00,100%
590.98,3.65,65.40,240.00,100%
591.01,3.65,71.10,258.00,100%
591.04,3.65,84.70,278.00,100%
591.07,3.63,203.50,606.00,100%
591.07,3.65,66.30,242.00,100%
591.10,3.65,66.50,262.00,100%
591.13,3.65,71.90,262.00,100%
591.16,3.65,69.10,252.00,100%
591.19,3.63,159.50,580.00,100%
591.19,3.65,64.30,236.00,100%
591.22,3.65,69.40,252.00,100%
591.28,3.65,74.50,262.00,100%
591.28,3.65,71.60,236.00,100%
591.31,3.63,204.50,658.00,100%
591.31,3.65,65.90,252.00,100%
591.34,3.65,72.50,266.00,100%
591.37,3.65,70.90,258.00,100%
591.40,3.65,66.70,242.00,100%
591.43,3.63,159.90,580.00,100%
591.43,3.65,67.30,246.00,100%
591.46,3.65,72.70,266.00,100%
591.49,3.66,74.20,246.00,100%
591.52,3.65,67.80,236.00,100%
591.55,3.63,112.70,410.00,100%
591.55,3.66,72.40,266.00,100%
591.58,3.65,72.30,262.00,100%
591.61,3.65,76.40,278.00,100%
591.64,3.65,68.40,250.00,100%
591.67,3.63,174.20,286.00,100%
591.67,3.65,72.60,278.00,100%
591.70,3.65,76.60,252.00,100%
591.73,3.65,68.80,232.00,100%
591.76,3.65,66.00,240.00,100%
591.79,3.63,131.20,478.00,100%
591.79,3.65,73.70,268.00,100%
591.82,3.65,70.50,256.00,100%
591.85,3.65,64.80,236.00,100%
591.88,3.65,64.60,236.00,100%
591.91,3.63,192.60,286.00,100%
591.91,3.65,73.80,268.00,100%
591.94,3.65,71.00,232.00,100%
591.97,3.65,67.90,236.00,100%
592.00,3.65,66.50,252.00,100%
592.03,3.63,218.30,792.00,100%
592.03,3.65,72.00,262.00,100%
592.06,3.65,67.10,246.00,100%
592.09,3.65,64.60,236.00,100%
592.12,3.65,67.00,246.00,100%
592.18,3.63,211.50,288.00,100%
592.18,3.65,52.20,242.00,100%
592.18,3.65,76.70,170.00,100%
592.21,3.65,66.40,272.00,100%
592.24,3.65,72.60,266.00,100%
592.27,3.63,166.40,606.00,100%
592.27,3.65,68.40,250.00,100%
592.30,3.65,64.40,236.00,100%
592.33,3.65,65.60,240.00,100%
592.36,3.65,73.60,276.00,100%
592.39,3.63,217.50,292.00,100%
592.39,3.65,69.90,236.00,100%
592.42,3.65,65.80,240.00,100%
592.45,3.65,72.00,262.00,100%
592.48,3.65,73.40,268.00,100%
592.51,3.63,196.80,714.00,100%
592.51,3.65,63.90,232.00,100%
592.54,3.65,64.80,236.00,100%
592.57,3.65,72.30,272.00,100%
592.60,3.65,74.60,252.00,100%
592.63,3.63,208.20,358.00,100%
592.66,3.65,66.50,240.00,100%
592.66,3.65,71.30,258.00,100%
592.69,3.65,71.90,262.00,100%
592.72,3.66,70.80,258.00,100%
592.75,3.63,170.40,616.00,100%
592.75,3.65,72.40,266.00,100%
592.78,3.65,77.80,282.00,100%
592.81,3.65,74.40,282.00,100%
592.84,3.65,70.10,232.00,100%
592.87,3.63,118.30,432.00,100%
592.87,3.65,66.40,258.00,100%
592.90,3.65,71.60,262.00,100%
592.96,3.65,70.70,258.00,100%
592.96,3.65,65.40,240.00,100%
592.99,3.63,165.60,596.00,100%
592.99,3.65,69.20,252.00,100%
593.02,3.65,74.30,262.00,100%
593.05,3.65,71.20,232.00,100%
593.08,3.65,67.60,240.00,100%
593.11,3.63,135.40,492.00,100%
593.11,3.65,72.00,262.00,100%
593.14,3.65,70.80,258.00,100%
593.17,3.65,66.60,242.00,100%
593.20,3.65,64.10,232.00,100%
593.23,3.63,187.90,286.00,100%
593.23,3.65,74.70,338.00,100%
593.26,3.65,73.40,240.00,100%
593.29,3.65,68.30,240.00,100%
593.32,3.65,41.90,246.00,100%
593.35,3.63,131.40,478.00,100%
593.35,3.65,81.80,298.00,100%
593.38,3.65,68.30,250.00,100%
593.41,3.65,64.10,232.00,100%
593.44,3.65,65.70,240.00,100%
593.50,3.63,207.90,304.00,100%
593.50,3.65,75.00,278.00,100%
593.50,3.65,69.30,232.00,100%
593.53,3.65,66.20,240.00,100%
593.56,3.65,72.60,266.00,100%
593.59,3.63,169.40,616.00,100%
593.59,3.65,70.70,258.00,100%
593.62,3.65,64.00,232.00,100%
593.65,3.65,64.90,236.00,100%
593.68,3.65,70.80,258.00,100%
593.71,3.63,210.20,308.00,100%
593.71,3.65,70.70,242.00,100%
593.74,3.65,66.90,236.00,100%
593.77,3.65,66.50,256.00,100%
593.80,3.65,71.10,258.00,100%
593.83,3.63,165.70,602.00,100%
593.83,3.65,66.20,242.00,100%
593.89,3.65,64.50,236.00,100%
593.89,3.66,67.30,246.00,100%
593.92,3.65,80.20,268.00,100%
593.95,3.63,219.40,406.00,100%
593.95,3.65,69.20,272.00,100%
593.98,3.65,66.50,242.00,100%
594.01,3.65,72.00,262.00,100%
594.04,3.65,73.30,266.00,100%
594.07,3.63,160.90,584.00,100%
594.07,3.65,64.50,236.00,100%
594.10,3.65,65.40,240.00,100%
594.13,3.65,73.70,276.00,100%
594.16,3.65,74.90,246.00,100%
594.19,3.63,200.10,440.00,100%
594.19,3.65,66.30,242.00,100%
594.22,3.65,72.10,262.00,100%
594.25,3.65,73.80,268.00,100%
594.28,3.65,69.60,252.00,100%
594.31,3.63,168.60,610.00,100%
594.31,3.65,64.70,236.00,100%
594.34,3.65,72.10,276.00,100%
594.37,3.65,73.00,250.00,100%
594.43,3.65,70.40,236.00,100%
594.43,3.63,141.00,656.00,100%
594.43,3.65,72.50,262.00,100%
594.46,3.66,73.50,268.00,100%
594.49,3.65,68.80,252.00,100%
594.52,3.65,72.10,262.00,100%
594.55,3.63,184.00,304.00,100%
594.55,3.65,70.10,340.00,100%
594.58,3.65,74.10,258.00,100%
594.61,3.65,71.20,236.00,100%
594.64,3.65,67.20,236.00,100%
594.67,3.63,152.30,554.00,100%
594.67,3.65,72.80,266.00,100%
594.70,3.65,72.40,262.00,100%
594.73,3.65,65.70,240.00,100%
594.76,3.65,64.70,236.00,100%
594.79,3.63,182.60,294.00,100%
594.79,3.65,73.60,294.00,100%
594.82,3.65,72.90,236.00,100%
594.85,3.65,69.30,240.00,100%
594.88,3.65,66.80,246.00,100%
594.91,3.63,167.20,610.00,100%
594.91,3.65,74.20,272.00,100%
594.97,3.65,68.50,250.00,100%
594.97,3.65,64.90,236.00,100%
595.00,3.65,65.40,240.00,100%
595.03,3.63,212.60,344.00,100%
595.03,3.64,73.40,258.00,100%
595.06,3.65,50.30,240.00,100%
595.09,3.65,74.60,168.00,100%
595.12,3.65,78.00,286.00,100%
595.18,3.63,166.90,606.00,100%
595.18,3.65,72.00,262.00,100%
595.18,3.65,65.50,240.00,100%
595.21,3.65,64.90,236.00,100%
595.24,3.65,68.80,266.00,100%
595.27,3.63,199.40,412.00,100%
595.27,3.65,73.70,246.00,100%
595.30,3.65,69.20,236.00,100%
595.33,3.65,67.50,246.00,100%
595.36,3.65,72.30,262.00,100%
595.39,3.63,166.80,606.00,100%
595.39,3.65,67.80,246.00,100%
595.42,3.65,65.10,236.00,100%
595.45,3.65,65.90,240.00,100%
595.51,3.65,72.60,278.00,100%
595.51,3.63,204.50,420.00,100%
595.51,3.65,72.50,246.00,100%
595.54,3.65,68.20,236.00,100%
595.57,3.65,68.00,250.00,100%
595.60,3.65,72.40,262.00,100%
595.63,3.64,168.60,610.00,100%
595.63,3.65,67.20,246.00,100%
595.66,3.65,72.70,266.00,100%
595.69,3.65,75.20,294.00,100%
595.72,3.65,72.50,286.00,100%
595.75,3.63,195.90,502.00,100%
595.75,3.65,71.20,242.00,100%
595.78,3.65,65.30,240.00,100%
595.81,3.65,71.00,258.00,100%
595.84,3.65,75.50,276.00,100%
595.87,3.63,183.00,662.00,100%
595.87,3.65,65.80,240.00,100%
595.90,3.65,66.50,262.00,100%
595.93,3.65,69.20,266.00,100%
595.96,3.65,72.40,258.00,100%
595.99,3.63,151.20,550.00,100%
595.99,3.65,66.80,242.00,100%
596.02,3.65,66.70,242.00,100%
596.05,3.65,72.50,266.00,100%
596.08,3.65,73.00,266.00,100%
596.11,3.63,189.70,272.00,100%
596.11,3.65,65.70,272.00,100%
596.14,3.65,67.10,272.00,100%
596.17,3.65,71.10,268.00,100%
596.23,3.65,73.80,252.00,100%
596.23,3.63,158.80,576.00,100%
596.23,3.65,42.10,154.00,100%
596.26,3.65,78.50,286.00,100%
596.29,3.65,74.60,272.00,100%
596.32,3.65,71.20,258.00,100%
596.35,3.63,201.30,312.00,100%
596.35,3.65,66.40,268.00,100%
596.38,3.65,67.40,262.00,100%
596.41,3.65,73.10,266.00,100%
596.44,3.65,75.30,242.00,100%
596.47,3.63,158.60,576.00,100%
596.47,3.65,66.80,242.00,100%
596.50,3.65,74.40,272.00,100%
596.53,3.65,73.90,268.00,100%
596.56,3.65,68.30,250.00,100%
596.59,3.63,195.50,374.00,100%
596.59,3.65,65.10,268.00,100%
596.62,3.65,72.20,276.00,100%
596.65,3.65,74.20,252.00,100%
596.68,3.65,65.60,240.00,100%
596.71,3.63,118.70,432.00,100%
596.71,3.65,71.30,258.00,100%
596.74,3.65,72.00,262.00,100%
596.77,3.65,70.70,258.00,100%
596.80,3.65,66.90,240.00,100%
596.83,3.63,201.10,266.00,100%
596.83,3.65,76.20,298.00,100%
596.86,3.65,73.60,286.00,100%
596.89,3.65,66.20,242.00,100%
596.95,3.65,63.30,230.00,100%
596.95,3.63,70.10,256.00,100%
596.95,3.65,71.70,262.00,100%
596.98,3.65,72.50,266.00,100%
597.01,3.65,67.20,246.00,100%
597.04,3.65,66.30,256.00,100%
597.07,3.63,201.40,286.00,100%
597.07,3.65,73.40,272.00,100%
597.10,3.65,75.20,242.00,100%
597.13,3.65,63.60,232.00,100%
597.16,3.65,67.70,246.00,100%
597.19,3.63,155.70,566.00,100%
597.19,3.65,72.70,266.00,100%
597.22,3.65,67.00,246.00,100%
597.25,3.65,66.80,256.00,100%
597.28,3.65,66.90,258.00,100%
597.31,3.63,182.50,294.00,100%
597.34,3.65,75.20,252.00,100%
597.34,3.65,64.90,236.00,100%
597.37,3.66,66.20,242.00,100%
597.40,3.65,72.10,262.00,100%
597.43,3.63,189.70,692.00,100%
597.43,3.65,72.60,266.00,100%
597.46,3.65,66.00,266.00,100%
597.49,3.65,67.50,266.00,100%
597.52,3.65,73.60,266.00,100%
597.55,3.63,78.50,286.00,100%
597.55,3.65,67.00,246.00,100%
597.58,3.65,66.70,242.00,100%
597.61,3.65,72.80,266.00,100%
597.64,3.65,72.00,262.00,100%
597.67,3.63,188.50,240.00,100%
597.67,3.65,65.50,258.00,100%
597.70,3.65,69.00,272.00,100%
597.73,3.65,70.70,256.00,100%
597.76,3.65,74.20,242.00,100%
597.79,3.63,88.50,322.00,100%
597.79,3.65,67.20,246.00,100%
597.82,3.65,71.80,262.00,100%
597.85,3.65,72.40,266.00,100%
597.88,3.65,66.70,242.00,100%
597.91,3.63,199.50,256.00,100%
597.91,3.65,70.00,272.00,100%
597.94,3.65,72.00,256.00,100%
597.97,3.65,50.60,242.00,100%
598.00,3.65,76.10,154.00,100%
598.03,3.63,113.10,412.00,100%
598.06,3.65,71.60,258.00,100%
598.06,3.65,72.90,266.00,100%
598.09,3.65,65.90,240.00,100%
598.12,3.65,65.10,236.00,100%
598.15,3.63,209.40,258.00,100%
598.15,3.65,72.40,266.00,100%
598.18,3.65,72.70,240.00,100%
598.21,3.65,67.80,236.00,100%
598.24,3.65,69.60,252.00,100%
598.27,3.63,123.60,448.00,100%
598.27,3.65,72.40,266.00,100%
598.30,3.65,64.80,236.00,100%
598.33,3.65,64.70,236.00,100%
598.36,3.65,70.10,256.00,100%
598.39,3.63,213.90,258.00,100%
598.39,3.65,70.00,240.00,100%
598.42,3.65,67.00,240.00,100%
598.45,3.65,66.90,262.00,100%
598.48,3.65,72.40,262.00,100%
598.51,3.63,130.50,476.00,100%
598.51,3.64,64.90,236.00,100%
598.54,3.65,65.00,236.00,100%
598.57,3.65,57.20,210.00,100%
598.60,3.65,84.70,226.00,100%
598.63,3.63,205.50,278.00,100%
598.63,3.65,66.10,252.00,100%
598.66,3.65,67.30,268.00,100%
598.69,3.65,74.30,272.00,100%
598.72,3.65,67.20,246.00,100%
598.75,3.63,138.90,504.00,100%
598.75,3.65,65.40,240.00,100%
598.78,3.65,73.00,266.00,100%
598.81,3.65,76.10,250.00,100%
598.84,3.65,69.30,236.00,100%
598.87,3.63,180.90,268.00,100%
598.87,3.65,66.60,276.00,100%
598.90,3.65,74.80,272.00,100%
598.93,3.65,66.90,242.00,100%
598.99,3.65,65.70,240.00,100%
598.99,3.63,144.50,522.00,100%
598.99,3.65,72.00,262.00,100%
599.02,3.65,75.00,272.00,100%
599.05,3.65,71.40,242.00,100%
599.08,3.65,64.50,232.00,100%
599.11,3.63,82.80,302.00,100%
599.11,3.66,72.40,278.00,100%
599.14,3.65,68.30,250.00,100%
599.17,3.65,72.30,266.00,100%
599.20,3.65,72.50,266.00,100%
599.23,3.63,187.40,302.00,100%
599.23,3.65,73.30,268.00,100%
599.26,3.65,73.30,242.00,100%
599.29,3.65,65.40,232.00,100%
599.32,3.65,65.80,258.00,100%
599.35,3.63,90.20,328.00,100%
599.35,3.65,71.40,258.00,100%
599.38,3.65,64.90,236.00,100%
599.41,3.65,64.90,236.00,100%
599.44,3.65,67.80,246.00,100%
599.47,3.64,201.60,266.00,100%
599.47,3.65,74.30,250.00,100%
599.50,3.65,67.60,236.00,100%
599.53,3.65,64.60,250.00,100%
599.56,3.65,67.60,266.00,100%
599.59,3.63,107.30,390.00,100%
599.59,3.65,66.00,240.00,100%
599.62,3.65,65.50,240.00,100%
599.65,3.65,65.90,240.00,100%
599.68,3.65,72.70,266.00,100%
599.71,3.61,124.00,240.00,100%
599.74,3.65,67.30,564.00,100%
599.74,3.66,59.00,266.00,100%
599.77,3.65,80.30,210.00,100%
599.80,3.65,78.80,272.00,100%
599.83,3.60,66.40,242.00,100%
599.86,3.65,96.70,350.00,100%
599.86,3.65,74.20,272.00,100%
599.89,3.65,73.70,268.00,100%
599.95,3.65,68.10,250.00,100%
599.95,3.64,65.50,242.00,100%
599.95,3.65,69.10,590.00,100%
599.98,3.65,71.30,266.00,100%
600.02,3.65,76.60,252.00,100%
